RT,img_1,img_2,isSameProffesion,img1proffesion,img2proffesion,img1Gender,img2Gender,keyPressed,5b200bbd325d600001c041c0,"10/17/2022, 10:06:53"
5749,E_F_Julie_Walters(15).png,P_F_nicola_sturge(17).png,FALSE,pictures/stimuli/E,pictures/stimuli/P,F,F,6,5b200bbd325d600001c041c0,"10/17/2022, 10:06:53"
4159,E_M_Jimmy_Carr(12).png,E_M_Simon_Pegg(24).png,TRUE,pictures/stimuli/E,pictures/stimuli/E,M,M,6,5b200bbd325d600001c041c0,"10/17/2022, 10:06:53"
2560,P_M_keir_starmer(9).png,P_M_Tony_Blair(12).png,TRUE,pictures/stimuli/P,pictures/stimuli/P,M,M,6,5b200bbd325d600001c041c0,"10/17/2022, 10:06:53"
2607,E_M_Jimmy_Carr(12).png,P_M_jeremy_corbyn(10).png,FALSE,pictures/stimuli/E,pictures/stimuli/P,M,M,6,5b200bbd325d600001c041c0,"10/17/2022, 10:06:53"
1860,E_F_Dawn_Roma(22).png,P_M_Gordon_Brown(14).png,FALSE,pictures/stimuli/E,pictures/stimuli/P,F,M,6,5b200bbd325d600001c041c0,"10/17/2022, 10:06:53"
1654,P_F_nicola_sturge(17).png,P_M_Michael_Gove(3).png,TRUE,pictures/stimuli/P,pictures/stimuli/P,F,M,6,5b200bbd325d600001c041c0,"10/17/2022, 10:06:53"
1965,E_M_Peter_Kay(20).png,P_F_nicola_sturge(17).png,FALSE,pictures/stimuli/E,pictures/stimuli/P,M,F,6,5b200bbd325d600001c041c0,"10/17/2022, 10:06:53"
1824,E_M_Russell_Howard(20).png,P_M_jeremy_corbyn(10).png,FALSE,pictures/stimuli/E,pictures/stimuli/P,M,M,6,5b200bbd325d600001c041c0,"10/17/2022, 10:06:53"
1942,E_M_Jimmy_Carr(12).png,P_M_Gordon_Brown(14).png,FALSE,pictures/stimuli/E,pictures/stimuli/P,M,M,6,5b200bbd325d600001c041c0,"10/17/2022, 10:06:53"
1890,E_F_Sarah_Millican(22).png,P_M_Michael_Gove(3).png,FALSE,pictures/stimuli/E,pictures/stimuli/P,F,M,6,5b200bbd325d600001c041c0,"10/17/2022, 10:06:53"
1482,E_F_Julie_Walters(15).png,E_M_Russell_Howard(20).png,TRUE,pictures/stimuli/E,pictures/stimuli/E,F,M,6,5b200bbd325d600001c041c0,"10/17/2022, 10:06:53"
1632,E_M_Michael_McIntyr(7).png,P_M_Tony_Blair(12).png,FALSE,pictures/stimuli/E,pictures/stimuli/P,M,M,6,5b200bbd325d600001c041c0,"10/17/2022, 10:06:53"
1778,E_M_Ewan_McGregor(15).png,P_M_Gordon_Brown(14).png,FALSE,pictures/stimuli/E,pictures/stimuli/P,M,M,6,5b200bbd325d600001c041c0,"10/17/2022, 10:06:53"
1757,E_M_Simon_Pegg(24).png,P_F_Theresa_May(16).png,FALSE,pictures/stimuli/E,pictures/stimuli/P,M,F,6,5b200bbd325d600001c041c0,"10/17/2022, 10:06:53"
1605,E_M_Ewan_McGregor(15).png,E_M_Jimmy_Carr(12).png,TRUE,pictures/stimuli/E,pictures/stimuli/E,M,M,6,5b200bbd325d600001c041c0,"10/17/2022, 10:06:53"
1494,E_F_Julie_Walters(15).png,P_F_Theresa_May(16).png,FALSE,pictures/stimuli/E,pictures/stimuli/P,F,F,6,5b200bbd325d600001c041c0,"10/17/2022, 10:06:53"
1591,E_F_Dawn_Roma(22).png,P_M_Tony_Blair(12).png,FALSE,pictures/stimuli/E,pictures/stimuli/P,F,M,6,5b200bbd325d600001c041c0,"10/17/2022, 10:06:53"
1621,E_M_Peter_Kay(20).png,P_M_keir_starmer(9).png,FALSE,pictures/stimuli/E,pictures/stimuli/P,M,M,6,5b200bbd325d600001c041c0,"10/17/2022, 10:06:53"
1345,P_F_Theresa_May(16).png,P_M_nigel_farage(9).png,TRUE,pictures/stimuli/P,pictures/stimuli/P,F,M,6,5b200bbd325d600001c041c0,"10/17/2022, 10:06:53"
1790,P_M_david_camer(18).png,P_M_nigel_farage(9).png,TRUE,pictures/stimuli/P,pictures/stimuli/P,M,M,6,5b200bbd325d600001c041c0,"10/17/2022, 10:06:53"
4604,P_M_jeremy_corbyn(10).png,P_M_Tony_Blair(12).png,TRUE,pictures/stimuli/P,pictures/stimuli/P,M,M,6,5b200bbd325d600001c041c0,"10/17/2022, 10:06:53"
1664,P_F_Theresa_May(16).png,P_M_Tony_Blair(12).png,TRUE,pictures/stimuli/P,pictures/stimuli/P,F,M,6,5b200bbd325d600001c041c0,"10/17/2022, 10:06:53"
2876,E_M_Ewan_McGregor(15).png,E_M_Michael_McIntyr(7).png,TRUE,pictures/stimuli/E,pictures/stimuli/E,M,M,6,5b200bbd325d600001c041c0,"10/17/2022, 10:06:53"
1498,P_F_nicola_sturge(17).png,P_M_nigel_farage(9).png,TRUE,pictures/stimuli/P,pictures/stimuli/P,F,M,6,5b200bbd325d600001c041c0,"10/17/2022, 10:06:53"
1626,E_M_Ewan_McGregor(15).png,E_M_Peter_Kay(20).png,TRUE,pictures/stimuli/E,pictures/stimuli/E,M,M,6,5b200bbd325d600001c041c0,"10/17/2022, 10:06:53"
1416,E_M_Michael_McIntyr(7).png,P_M_Michael_Gove(3).png,FALSE,pictures/stimuli/E,pictures/stimuli/P,M,M,6,5b200bbd325d600001c041c0,"10/17/2022, 10:06:53"
1435,P_F_nicola_sturge(17).png,P_M_keir_starmer(9).png,TRUE,pictures/stimuli/P,pictures/stimuli/P,F,M,6,5b200bbd325d600001c041c0,"10/17/2022, 10:06:53"
1630,E_F_Jennifer_Saunders(21).png,E_M_Peter_Kay(20).png,TRUE,pictures/stimuli/E,pictures/stimuli/E,F,M,6,5b200bbd325d600001c041c0,"10/17/2022, 10:06:53"
1643,E_F_Sarah_Millican(22).png,P_M_jeremy_corbyn(10).png,FALSE,pictures/stimuli/E,pictures/stimuli/P,F,M,6,5b200bbd325d600001c041c0,"10/17/2022, 10:06:53"
1773,P_M_jeremy_corbyn(10).png,P_M_keir_starmer(9).png,TRUE,pictures/stimuli/P,pictures/stimuli/P,M,M,6,5b200bbd325d600001c041c0,"10/17/2022, 10:06:53"
1864,E_M_Jimmy_Carr(12).png,P_F_Theresa_May(16).png,FALSE,pictures/stimuli/E,pictures/stimuli/P,M,F,6,5b200bbd325d600001c041c0,"10/17/2022, 10:06:53"
2246,E_M_Ewan_McGregor(15).png,P_M_Sajid_Javid(12).png,FALSE,pictures/stimuli/E,pictures/stimuli/P,M,M,6,5b200bbd325d600001c041c0,"10/17/2022, 10:06:53"
1756,E_M_Ewan_McGregor(15).png,P_M_nigel_farage(9).png,FALSE,pictures/stimuli/E,pictures/stimuli/P,M,M,6,5b200bbd325d600001c041c0,"10/17/2022, 10:06:53"
1437,E_M_Michael_McIntyr(7).png,P_M_keir_starmer(9).png,FALSE,pictures/stimuli/E,pictures/stimuli/P,M,M,6,5b200bbd325d600001c041c0,"10/17/2022, 10:06:53"
1670,E_F_Jennifer_Saunders(21).png,E_M_Michael_McIntyr(7).png,TRUE,pictures/stimuli/E,pictures/stimuli/E,F,M,6,5b200bbd325d600001c041c0,"10/17/2022, 10:06:53"
1870,E_M_Jimmy_Carr(12).png,P_M_keir_starmer(9).png,FALSE,pictures/stimuli/E,pictures/stimuli/P,M,M,6,5b200bbd325d600001c041c0,"10/17/2022, 10:06:53"
2013,E_M_Russell_Howard(20).png,P_F_nicola_sturge(17).png,FALSE,pictures/stimuli/E,pictures/stimuli/P,M,F,6,5b200bbd325d600001c041c0,"10/17/2022, 10:06:53"
1616,E_M_Peter_Kay(20).png,P_F_Theresa_May(16).png,FALSE,pictures/stimuli/E,pictures/stimuli/P,M,F,6,5b200bbd325d600001c041c0,"10/17/2022, 10:06:53"
1631,E_M_Ewan_McGregor(15).png,P_F_nicola_sturge(17).png,FALSE,pictures/stimuli/E,pictures/stimuli/P,M,F,6,5b200bbd325d600001c041c0,"10/17/2022, 10:06:53"
1410,P_F_nicola_sturge(17).png,P_M_Gordon_Brown(14).png,TRUE,pictures/stimuli/P,pictures/stimuli/P,F,M,6,5b200bbd325d600001c041c0,"10/17/2022, 10:06:53"
1574,E_M_Michael_McIntyr(7).png,P_M_Sajid_Javid(12).png,FALSE,pictures/stimuli/E,pictures/stimuli/P,M,M,6,5b200bbd325d600001c041c0,"10/17/2022, 10:06:53"
2673,E_F_Julie_Walters(15).png,P_M_david_camer(18).png,FALSE,pictures/stimuli/E,pictures/stimuli/P,F,M,6,5b200bbd325d600001c041c0,"10/17/2022, 10:06:53"
1638,E_M_Michael_McIntyr(7).png,P_F_Theresa_May(16).png,FALSE,pictures/stimuli/E,pictures/stimuli/P,M,F,6,5b200bbd325d600001c041c0,"10/17/2022, 10:06:53"
1680,P_M_Gordon_Brown(14).png,P_M_Michael_Gove(3).png,TRUE,pictures/stimuli/P,pictures/stimuli/P,M,M,6,5b200bbd325d600001c041c0,"10/17/2022, 10:06:53"
2763,E_F_Jennifer_Saunders(21).png,E_F_Sarah_Millican(22).png,TRUE,pictures/stimuli/E,pictures/stimuli/E,F,F,6,5b200bbd325d600001c041c0,"10/17/2022, 10:06:53"
1632,E_M_Jimmy_Carr(12).png,P_M_Sajid_Javid(12).png,FALSE,pictures/stimuli/E,pictures/stimuli/P,M,M,6,5b200bbd325d600001c041c0,"10/17/2022, 10:06:53"
1597,E_F_Jennifer_Saunders(21).png,P_M_Michael_Gove(3).png,FALSE,pictures/stimuli/E,pictures/stimuli/P,F,M,6,5b200bbd325d600001c041c0,"10/17/2022, 10:06:53"
1503,E_F_Dawn_Roma(22).png,E_M_Peter_Kay(20).png,TRUE,pictures/stimuli/E,pictures/stimuli/E,F,M,6,5b200bbd325d600001c041c0,"10/17/2022, 10:06:53"
1446,E_F_Sarah_Millican(22).png,E_M_Ewan_McGregor(15).png,TRUE,pictures/stimuli/E,pictures/stimuli/E,F,M,6,5b200bbd325d600001c041c0,"10/17/2022, 10:06:53"
1928,E_M_Peter_Kay(20).png,P_M_jeremy_corbyn(10).png,FALSE,pictures/stimuli/E,pictures/stimuli/P,M,M,6,5b200bbd325d600001c041c0,"10/17/2022, 10:06:53"
1804,E_M_Russell_Howard(20).png,P_M_nigel_farage(9).png,FALSE,pictures/stimuli/E,pictures/stimuli/P,M,M,6,5b200bbd325d600001c041c0,"10/17/2022, 10:06:53"
1598,E_F_Sarah_Millican(22).png,P_M_Tony_Blair(12).png,FALSE,pictures/stimuli/E,pictures/stimuli/P,F,M,6,5b200bbd325d600001c041c0,"10/17/2022, 10:06:53"
1878,E_M_Jimmy_Carr(12).png,P_M_Michael_Gove(3).png,FALSE,pictures/stimuli/E,pictures/stimuli/P,M,M,6,5b200bbd325d600001c041c0,"10/17/2022, 10:06:53"
1394,P_F_Theresa_May(16).png,P_M_david_camer(18).png,TRUE,pictures/stimuli/P,pictures/stimuli/P,F,M,6,5b200bbd325d600001c041c0,"10/17/2022, 10:06:53"
1779,E_F_Jennifer_Saunders(21).png,E_M_Ewan_McGregor(15).png,TRUE,pictures/stimuli/E,pictures/stimuli/E,F,M,6,5b200bbd325d600001c041c0,"10/17/2022, 10:06:53"
1978,E_M_Peter_Kay(20).png,P_M_Sajid_Javid(12).png,FALSE,pictures/stimuli/E,pictures/stimuli/P,M,M,6,5b200bbd325d600001c041c0,"10/17/2022, 10:06:53"
2398,E_F_Sarah_Millican(22).png,P_F_Theresa_May(16).png,FALSE,pictures/stimuli/E,pictures/stimuli/P,F,F,6,5b200bbd325d600001c041c0,"10/17/2022, 10:06:53"
1668,E_M_Ewan_McGregor(15).png,P_M_david_camer(18).png,FALSE,pictures/stimuli/E,pictures/stimuli/P,M,M,6,5b200bbd325d600001c041c0,"10/17/2022, 10:06:53"
1426,E_F_Jennifer_Saunders(21).png,P_M_keir_starmer(9).png,FALSE,pictures/stimuli/E,pictures/stimuli/P,F,M,6,5b200bbd325d600001c041c0,"10/17/2022, 10:06:53"
1526,P_F_Theresa_May(16).png,P_M_keir_starmer(9).png,TRUE,pictures/stimuli/P,pictures/stimuli/P,F,M,6,5b200bbd325d600001c041c0,"10/17/2022, 10:06:53"
2039,E_F_Julie_Walters(15).png,E_M_Ewan_McGregor(15).png,TRUE,pictures/stimuli/E,pictures/stimuli/E,F,M,6,5b200bbd325d600001c041c0,"10/17/2022, 10:06:53"
1659,E_M_Ewan_McGregor(15).png,E_M_Simon_Pegg(24).png,TRUE,pictures/stimuli/E,pictures/stimuli/E,M,M,6,5b200bbd325d600001c041c0,"10/17/2022, 10:06:53"
1443,P_F_nicola_sturge(17).png,P_F_Theresa_May(16).png,TRUE,pictures/stimuli/P,pictures/stimuli/P,F,F,6,5b200bbd325d600001c041c0,"10/17/2022, 10:06:53"
1551,E_F_Dawn_Roma(22).png,P_M_Michael_Gove(3).png,FALSE,pictures/stimuli/E,pictures/stimuli/P,F,M,6,5b200bbd325d600001c041c0,"10/17/2022, 10:06:53"
1432,E_F_Dawn_Roma(22).png,E_M_Simon_Pegg(24).png,TRUE,pictures/stimuli/E,pictures/stimuli/E,F,M,6,5b200bbd325d600001c041c0,"10/17/2022, 10:06:53"
2995,E_F_Dawn_Roma(22).png,E_F_Sarah_Millican(22).png,TRUE,pictures/stimuli/E,pictures/stimuli/E,F,F,6,5b200bbd325d600001c041c0,"10/17/2022, 10:06:53"
1907,E_F_Dawn_Roma(22).png,P_M_david_camer(18).png,FALSE,pictures/stimuli/E,pictures/stimuli/P,F,M,6,5b200bbd325d600001c041c0,"10/17/2022, 10:06:53"
1660,P_M_keir_starmer(9).png,P_M_Sajid_Javid(12).png,TRUE,pictures/stimuli/P,pictures/stimuli/P,M,M,6,5b200bbd325d600001c041c0,"10/17/2022, 10:06:53"
1351,E_M_Simon_Pegg(24).png,P_M_Sajid_Javid(12).png,FALSE,pictures/stimuli/E,pictures/stimuli/P,M,M,6,5b200bbd325d600001c041c0,"10/17/2022, 10:06:53"
1477,P_F_Theresa_May(16).png,P_M_Michael_Gove(3).png,TRUE,pictures/stimuli/P,pictures/stimuli/P,F,M,6,5b200bbd325d600001c041c0,"10/17/2022, 10:06:53"
1864,E_F_Dawn_Roma(22).png,E_F_Jennifer_Saunders(21).png,TRUE,pictures/stimuli/E,pictures/stimuli/E,F,F,6,5b200bbd325d600001c041c0,"10/17/2022, 10:06:53"
1529,E_F_Dawn_Roma(22).png,P_M_jeremy_corbyn(10).png,FALSE,pictures/stimuli/E,pictures/stimuli/P,F,M,6,5b200bbd325d600001c041c0,"10/17/2022, 10:06:53"
1470,E_M_Ewan_McGregor(15).png,P_M_keir_starmer(9).png,FALSE,pictures/stimuli/E,pictures/stimuli/P,M,M,6,5b200bbd325d600001c041c0,"10/17/2022, 10:06:53"
4055,E_F_Jennifer_Saunders(21).png,P_M_nigel_farage(9).png,FALSE,pictures/stimuli/E,pictures/stimuli/P,F,M,6,5b200bbd325d600001c041c0,"10/17/2022, 10:06:53"
2195,E_F_Jennifer_Saunders(21).png,P_M_Tony_Blair(12).png,FALSE,pictures/stimuli/E,pictures/stimuli/P,F,M,6,5b200bbd325d600001c041c0,"10/17/2022, 10:06:53"
1609,E_M_Jimmy_Carr(12).png,E_M_Russell_Howard(20).png,TRUE,pictures/stimuli/E,pictures/stimuli/E,M,M,6,5b200bbd325d600001c041c0,"10/17/2022, 10:06:53"
1373,E_F_Julie_Walters(15).png,E_M_Simon_Pegg(24).png,TRUE,pictures/stimuli/E,pictures/stimuli/E,F,M,6,5b200bbd325d600001c041c0,"10/17/2022, 10:06:53"
1538,E_M_Jimmy_Carr(12).png,P_M_david_camer(18).png,FALSE,pictures/stimuli/E,pictures/stimuli/P,M,M,6,5b200bbd325d600001c041c0,"10/17/2022, 10:06:53"
1950,E_F_Dawn_Roma(22).png,E_F_Julie_Walters(15).png,TRUE,pictures/stimuli/E,pictures/stimuli/E,F,F,6,5b200bbd325d600001c041c0,"10/17/2022, 10:06:53"
1781,E_M_Ewan_McGregor(15).png,P_M_Tony_Blair(12).png,FALSE,pictures/stimuli/E,pictures/stimuli/P,M,M,6,5b200bbd325d600001c041c0,"10/17/2022, 10:06:53"
2564,E_M_Ewan_McGregor(15).png,P_M_jeremy_corbyn(10).png,FALSE,pictures/stimuli/E,pictures/stimuli/P,M,M,6,5b200bbd325d600001c041c0,"10/17/2022, 10:06:53"
2162,P_F_Theresa_May(16).png,P_M_jeremy_corbyn(10).png,TRUE,pictures/stimuli/P,pictures/stimuli/P,F,M,6,5b200bbd325d600001c041c0,"10/17/2022, 10:06:53"
1756,P_F_nicola_sturge(17).png,P_M_Tony_Blair(12).png,TRUE,pictures/stimuli/P,pictures/stimuli/P,F,M,6,5b200bbd325d600001c041c0,"10/17/2022, 10:06:53"
1786,E_M_Russell_Howard(20).png,P_M_Michael_Gove(3).png,FALSE,pictures/stimuli/E,pictures/stimuli/P,M,M,6,5b200bbd325d600001c041c0,"10/17/2022, 10:06:53"
1483,E_F_Julie_Walters(15).png,P_M_Gordon_Brown(14).png,FALSE,pictures/stimuli/E,pictures/stimuli/P,F,M,6,5b200bbd325d600001c041c0,"10/17/2022, 10:06:53"
1518,E_F_Dawn_Roma(22).png,P_F_Theresa_May(16).png,FALSE,pictures/stimuli/E,pictures/stimuli/P,F,F,6,5b200bbd325d600001c041c0,"10/17/2022, 10:06:53"
1577,E_M_Michael_McIntyr(7).png,E_M_Peter_Kay(20).png,TRUE,pictures/stimuli/E,pictures/stimuli/E,M,M,6,5b200bbd325d600001c041c0,"10/17/2022, 10:06:53"
1721,E_F_Jennifer_Saunders(21).png,P_M_Sajid_Javid(12).png,FALSE,pictures/stimuli/E,pictures/stimuli/P,F,M,6,5b200bbd325d600001c041c0,"10/17/2022, 10:06:53"
1418,E_F_Julie_Walters(15).png,P_M_Michael_Gove(3).png,FALSE,pictures/stimuli/E,pictures/stimuli/P,F,M,6,5b200bbd325d600001c041c0,"10/17/2022, 10:06:53"
1771,E_F_Sarah_Millican(22).png,E_M_Michael_McIntyr(7).png,TRUE,pictures/stimuli/E,pictures/stimuli/E,F,M,6,5b200bbd325d600001c041c0,"10/17/2022, 10:06:53"
1521,E_M_Peter_Kay(20).png,P_M_david_camer(18).png,FALSE,pictures/stimuli/E,pictures/stimuli/P,M,M,6,5b200bbd325d600001c041c0,"10/17/2022, 10:06:53"
1491,E_M_Michael_McIntyr(7).png,P_M_david_camer(18).png,FALSE,pictures/stimuli/E,pictures/stimuli/P,M,M,6,5b200bbd325d600001c041c0,"10/17/2022, 10:06:53"
1546,E_M_Ewan_McGregor(15).png,P_F_Theresa_May(16).png,FALSE,pictures/stimuli/E,pictures/stimuli/P,M,F,6,5b200bbd325d600001c041c0,"10/17/2022, 10:06:53"
3038,E_F_Dawn_Roma(22).png,E_M_Jimmy_Carr(12).png,TRUE,pictures/stimuli/E,pictures/stimuli/E,F,M,6,5b200bbd325d600001c041c0,"10/17/2022, 10:06:53"
1759,E_F_Jennifer_Saunders(21).png,E_F_Julie_Walters(15).png,TRUE,pictures/stimuli/E,pictures/stimuli/E,F,F,6,5b200bbd325d600001c041c0,"10/17/2022, 10:06:53"
1471,E_M_Peter_Kay(20).png,P_M_nigel_farage(9).png,FALSE,pictures/stimuli/E,pictures/stimuli/P,M,M,6,5b200bbd325d600001c041c0,"10/17/2022, 10:06:53"
1683,P_F_nicola_sturge(17).png,P_M_jeremy_corbyn(10).png,TRUE,pictures/stimuli/P,pictures/stimuli/P,F,M,6,5b200bbd325d600001c041c0,"10/17/2022, 10:06:53"
2023,E_M_Michael_McIntyr(7).png,E_M_Russell_Howard(20).png,TRUE,pictures/stimuli/E,pictures/stimuli/E,M,M,6,5b200bbd325d600001c041c0,"10/17/2022, 10:06:53"
1598,P_F_Theresa_May(16).png,P_M_Gordon_Brown(14).png,TRUE,pictures/stimuli/P,pictures/stimuli/P,F,M,6,5b200bbd325d600001c041c0,"10/17/2022, 10:06:53"
1463,E_F_Dawn_Roma(22).png,E_M_Russell_Howard(20).png,TRUE,pictures/stimuli/E,pictures/stimuli/E,F,M,6,5b200bbd325d600001c041c0,"10/17/2022, 10:06:53"
1619,P_M_david_camer(18).png,P_M_keir_starmer(9).png,TRUE,pictures/stimuli/P,pictures/stimuli/P,M,M,6,5b200bbd325d600001c041c0,"10/17/2022, 10:06:53"
1333,P_M_Michael_Gove(3).png,P_M_nigel_farage(9).png,TRUE,pictures/stimuli/P,pictures/stimuli/P,M,M,6,5b200bbd325d600001c041c0,"10/17/2022, 10:06:53"
1618,P_M_david_camer(18).png,P_M_jeremy_corbyn(10).png,TRUE,pictures/stimuli/P,pictures/stimuli/P,M,M,6,5b200bbd325d600001c041c0,"10/17/2022, 10:06:53"
1375,E_M_Peter_Kay(20).png,P_M_Michael_Gove(3).png,FALSE,pictures/stimuli/E,pictures/stimuli/P,M,M,6,5b200bbd325d600001c041c0,"10/17/2022, 10:06:53"
1386,E_F_Dawn_Roma(22).png,P_M_nigel_farage(9).png,FALSE,pictures/stimuli/E,pictures/stimuli/P,F,M,6,5b200bbd325d600001c041c0,"10/17/2022, 10:06:53"
1885,P_M_Michael_Gove(3).png,P_M_Tony_Blair(12).png,TRUE,pictures/stimuli/P,pictures/stimuli/P,M,M,6,5b200bbd325d600001c041c0,"10/17/2022, 10:06:53"
1348,E_M_Jimmy_Carr(12).png,P_F_nicola_sturge(17).png,FALSE,pictures/stimuli/E,pictures/stimuli/P,M,F,6,5b200bbd325d600001c041c0,"10/17/2022, 10:06:53"
3254,P_M_Gordon_Brown(14).png,P_M_jeremy_corbyn(10).png,TRUE,pictures/stimuli/P,pictures/stimuli/P,M,M,6,5b200bbd325d600001c041c0,"10/17/2022, 10:06:53"
2482,E_F_Sarah_Millican(22).png,E_M_Peter_Kay(20).png,TRUE,pictures/stimuli/E,pictures/stimuli/E,F,M,6,5b200bbd325d600001c041c0,"10/17/2022, 10:06:53"
1771,E_M_Simon_Pegg(24).png,P_M_Gordon_Brown(14).png,FALSE,pictures/stimuli/E,pictures/stimuli/P,M,M,6,5b200bbd325d600001c041c0,"10/17/2022, 10:06:53"
1983,E_M_Peter_Kay(20).png,E_M_Russell_Howard(20).png,TRUE,pictures/stimuli/E,pictures/stimuli/E,M,M,6,5b200bbd325d600001c041c0,"10/17/2022, 10:06:53"
1462,E_F_Jennifer_Saunders(21).png,E_M_Simon_Pegg(24).png,TRUE,pictures/stimuli/E,pictures/stimuli/E,F,M,6,5b200bbd325d600001c041c0,"10/17/2022, 10:06:53"
2285,E_M_Jimmy_Carr(12).png,E_M_Michael_McIntyr(7).png,TRUE,pictures/stimuli/E,pictures/stimuli/E,M,M,6,5b200bbd325d600001c041c0,"10/17/2022, 10:06:53"
1835,E_F_Jennifer_Saunders(21).png,E_M_Jimmy_Carr(12).png,TRUE,pictures/stimuli/E,pictures/stimuli/E,F,M,6,5b200bbd325d600001c041c0,"10/17/2022, 10:06:53"
1487,E_M_Jimmy_Carr(12).png,P_M_nigel_farage(9).png,FALSE,pictures/stimuli/E,pictures/stimuli/P,M,M,6,5b200bbd325d600001c041c0,"10/17/2022, 10:06:53"
1567,E_M_Simon_Pegg(24).png,P_M_keir_starmer(9).png,FALSE,pictures/stimuli/E,pictures/stimuli/P,M,M,6,5b200bbd325d600001c041c0,"10/17/2022, 10:06:53"
1673,E_M_Michael_McIntyr(7).png,P_F_nicola_sturge(17).png,FALSE,pictures/stimuli/E,pictures/stimuli/P,M,F,6,5b200bbd325d600001c041c0,"10/17/2022, 10:06:53"
1302,E_F_Julie_Walters(15).png,E_F_Sarah_Millican(22).png,TRUE,pictures/stimuli/E,pictures/stimuli/E,F,F,6,5b200bbd325d600001c041c0,"10/17/2022, 10:06:53"
1844,P_M_david_camer(18).png,P_M_Tony_Blair(12).png,TRUE,pictures/stimuli/P,pictures/stimuli/P,M,M,6,5b200bbd325d600001c041c0,"10/17/2022, 10:06:53"
1576,E_F_Julie_Walters(15).png,P_M_keir_starmer(9).png,FALSE,pictures/stimuli/E,pictures/stimuli/P,F,M,6,5b200bbd325d600001c041c0,"10/17/2022, 10:06:53"
1595,P_M_Gordon_Brown(14).png,P_M_Tony_Blair(12).png,TRUE,pictures/stimuli/P,pictures/stimuli/P,M,M,6,5b200bbd325d600001c041c0,"10/17/2022, 10:06:53"
1650,E_M_Jimmy_Carr(12).png,P_M_Tony_Blair(12).png,FALSE,pictures/stimuli/E,pictures/stimuli/P,M,M,6,5b200bbd325d600001c041c0,"10/17/2022, 10:06:53"
1737,P_M_Gordon_Brown(14).png,P_M_nigel_farage(9).png,TRUE,pictures/stimuli/P,pictures/stimuli/P,M,M,6,5b200bbd325d600001c041c0,"10/17/2022, 10:06:53"
2469,E_F_Sarah_Millican(22).png,P_M_Sajid_Javid(12).png,FALSE,pictures/stimuli/E,pictures/stimuli/P,F,M,6,5b200bbd325d600001c041c0,"10/17/2022, 10:06:53"
1683,E_F_Dawn_Roma(22).png,E_M_Ewan_McGregor(15).png,TRUE,pictures/stimuli/E,pictures/stimuli/E,F,M,6,5b200bbd325d600001c041c0,"10/17/2022, 10:06:53"
1444,E_F_Sarah_Millican(22).png,P_F_nicola_sturge(17).png,FALSE,pictures/stimuli/E,pictures/stimuli/P,F,F,6,5b200bbd325d600001c041c0,"10/17/2022, 10:06:53"
1857,E_M_Simon_Pegg(24).png,P_M_nigel_farage(9).png,FALSE,pictures/stimuli/E,pictures/stimuli/P,M,M,6,5b200bbd325d600001c041c0,"10/17/2022, 10:06:53"
1606,E_F_Dawn_Roma(22).png,E_M_Michael_McIntyr(7).png,TRUE,pictures/stimuli/E,pictures/stimuli/E,F,M,6,5b200bbd325d600001c041c0,"10/17/2022, 10:06:53"
1564,P_M_david_camer(18).png,P_M_Sajid_Javid(12).png,TRUE,pictures/stimuli/P,pictures/stimuli/P,M,M,6,5b200bbd325d600001c041c0,"10/17/2022, 10:06:53"
1734,E_F_Julie_Walters(15).png,E_M_Michael_McIntyr(7).png,TRUE,pictures/stimuli/E,pictures/stimuli/E,F,M,6,5b200bbd325d600001c041c0,"10/17/2022, 10:06:53"
1740,E_M_Russell_Howard(20).png,P_M_david_camer(18).png,FALSE,pictures/stimuli/E,pictures/stimuli/P,M,M,6,5b200bbd325d600001c041c0,"10/17/2022, 10:06:53"
1825,P_M_Michael_Gove(3).png,P_M_Sajid_Javid(12).png,TRUE,pictures/stimuli/P,pictures/stimuli/P,M,M,6,5b200bbd325d600001c041c0,"10/17/2022, 10:06:53"
1230,P_M_jeremy_corbyn(10).png,P_M_Michael_Gove(3).png,TRUE,pictures/stimuli/P,pictures/stimuli/P,M,M,6,5b200bbd325d600001c041c0,"10/17/2022, 10:06:53"
1589,P_F_nicola_sturge(17).png,P_M_david_camer(18).png,TRUE,pictures/stimuli/P,pictures/stimuli/P,F,M,6,5b200bbd325d600001c041c0,"10/17/2022, 10:06:53"
1403,E_F_Julie_Walters(15).png,E_M_Jimmy_Carr(12).png,TRUE,pictures/stimuli/E,pictures/stimuli/E,F,M,6,5b200bbd325d600001c041c0,"10/17/2022, 10:06:53"
1598,E_F_Dawn_Roma(22).png,P_M_Sajid_Javid(12).png,FALSE,pictures/stimuli/E,pictures/stimuli/P,F,M,6,5b200bbd325d600001c041c0,"10/17/2022, 10:06:53"
1327,E_M_Russell_Howard(20).png,P_M_Gordon_Brown(14).png,FALSE,pictures/stimuli/E,pictures/stimuli/P,M,M,6,5b200bbd325d600001c041c0,"10/17/2022, 10:06:53"
1336,P_F_nicola_sturge(17).png,P_M_Sajid_Javid(12).png,TRUE,pictures/stimuli/P,pictures/stimuli/P,F,M,6,5b200bbd325d600001c041c0,"10/17/2022, 10:06:53"
1669,E_F_Sarah_Millican(22).png,P_M_Gordon_Brown(14).png,FALSE,pictures/stimuli/E,pictures/stimuli/P,F,M,6,5b200bbd325d600001c041c0,"10/17/2022, 10:06:53"
1524,P_M_jeremy_corbyn(10).png,P_M_nigel_farage(9).png,TRUE,pictures/stimuli/P,pictures/stimuli/P,M,M,6,5b200bbd325d600001c041c0,"10/17/2022, 10:06:53"
1331,E_M_Russell_Howard(20).png,P_F_Theresa_May(16).png,FALSE,pictures/stimuli/E,pictures/stimuli/P,M,F,6,5b200bbd325d600001c041c0,"10/17/2022, 10:06:53"
1479,E_F_Dawn_Roma(22).png,P_M_keir_starmer(9).png,FALSE,pictures/stimuli/E,pictures/stimuli/P,F,M,6,5b200bbd325d600001c041c0,"10/17/2022, 10:06:53"
1474,E_F_Sarah_Millican(22).png,E_M_Jimmy_Carr(12).png,TRUE,pictures/stimuli/E,pictures/stimuli/E,F,M,6,5b200bbd325d600001c041c0,"10/17/2022, 10:06:53"
1607,P_M_keir_starmer(9).png,P_M_Michael_Gove(3).png,TRUE,pictures/stimuli/P,pictures/stimuli/P,M,M,6,5b200bbd325d600001c041c0,"10/17/2022, 10:06:53"
1685,E_M_Simon_Pegg(24).png,P_M_Tony_Blair(12).png,FALSE,pictures/stimuli/E,pictures/stimuli/P,M,M,6,5b200bbd325d600001c041c0,"10/17/2022, 10:06:53"
1473,E_M_Jimmy_Carr(12).png,E_M_Peter_Kay(20).png,TRUE,pictures/stimuli/E,pictures/stimuli/E,M,M,6,5b200bbd325d600001c041c0,"10/17/2022, 10:06:53"
3523,E_F_Jennifer_Saunders(21).png,P_M_jeremy_corbyn(10).png,FALSE,pictures/stimuli/E,pictures/stimuli/P,F,M,6,5b200bbd325d600001c041c0,"10/17/2022, 10:06:53"
1589,P_M_Sajid_Javid(12).png,P_M_Tony_Blair(12).png,TRUE,pictures/stimuli/P,pictures/stimuli/P,M,M,6,5b200bbd325d600001c041c0,"10/17/2022, 10:06:53"
1469,E_F_Sarah_Millican(22).png,E_M_Simon_Pegg(24).png,TRUE,pictures/stimuli/E,pictures/stimuli/E,F,M,6,5b200bbd325d600001c041c0,"10/17/2022, 10:06:53"
1758,E_M_Russell_Howard(20).png,P_M_keir_starmer(9).png,FALSE,pictures/stimuli/E,pictures/stimuli/P,M,M,6,5b200bbd325d600001c041c0,"10/17/2022, 10:06:53"
1595,P_M_david_camer(18).png,P_M_Gordon_Brown(14).png,TRUE,pictures/stimuli/P,pictures/stimuli/P,M,M,6,5b200bbd325d600001c041c0,"10/17/2022, 10:06:53"
1503,P_M_nigel_farage(9).png,P_M_Sajid_Javid(12).png,TRUE,pictures/stimuli/P,pictures/stimuli/P,M,M,6,5b200bbd325d600001c041c0,"10/17/2022, 10:06:53"
1525,E_M_Peter_Kay(20).png,P_M_Tony_Blair(12).png,FALSE,pictures/stimuli/E,pictures/stimuli/P,M,M,6,5b200bbd325d600001c041c0,"10/17/2022, 10:06:53"
1266,P_M_Gordon_Brown(14).png,P_M_keir_starmer(9).png,TRUE,pictures/stimuli/P,pictures/stimuli/P,M,M,6,5b200bbd325d600001c041c0,"10/17/2022, 10:06:53"
1187,P_M_Gordon_Brown(14).png,P_M_Sajid_Javid(12).png,TRUE,pictures/stimuli/P,pictures/stimuli/P,M,M,6,5b200bbd325d600001c041c0,"10/17/2022, 10:06:53"
1164,P_M_nigel_farage(9).png,P_M_Tony_Blair(12).png,TRUE,pictures/stimuli/P,pictures/stimuli/P,M,M,6,5b200bbd325d600001c041c0,"10/17/2022, 10:06:53"
1331,E_M_Simon_Pegg(24).png,P_F_nicola_sturge(17).png,FALSE,pictures/stimuli/E,pictures/stimuli/P,M,F,6,5b200bbd325d600001c041c0,"10/17/2022, 10:06:53"
1764,E_F_Jennifer_Saunders(21).png,P_M_Gordon_Brown(14).png,FALSE,pictures/stimuli/E,pictures/stimuli/P,F,M,6,5b200bbd325d600001c041c0,"10/17/2022, 10:06:53"
1547,E_F_Jennifer_Saunders(21).png,E_M_Russell_Howard(20).png,TRUE,pictures/stimuli/E,pictures/stimuli/E,F,M,6,5b200bbd325d600001c041c0,"10/17/2022, 10:06:53"
1579,E_M_Simon_Pegg(24).png,P_M_jeremy_corbyn(10).png,FALSE,pictures/stimuli/E,pictures/stimuli/P,M,M,6,5b200bbd325d600001c041c0,"10/17/2022, 10:06:53"
3004,E_M_Simon_Pegg(24).png,P_M_Michael_Gove(3).png,FALSE,pictures/stimuli/E,pictures/stimuli/P,M,M,5,5b200bbd325d600001c041c0,"10/17/2022, 10:06:53"
1637,E_F_Julie_Walters(15).png,P_M_nigel_farage(9).png,FALSE,pictures/stimuli/E,pictures/stimuli/P,F,M,6,5b200bbd325d600001c041c0,"10/17/2022, 10:06:53"
1586,E_F_Jennifer_Saunders(21).png,P_M_david_camer(18).png,FALSE,pictures/stimuli/E,pictures/stimuli/P,F,M,5,5b200bbd325d600001c041c0,"10/17/2022, 10:06:53"
1766,E_M_Peter_Kay(20).png,E_M_Simon_Pegg(24).png,TRUE,pictures/stimuli/E,pictures/stimuli/E,M,M,6,5b200bbd325d600001c041c0,"10/17/2022, 10:06:53"
1618,P_F_Theresa_May(16).png,P_M_Sajid_Javid(12).png,TRUE,pictures/stimuli/P,pictures/stimuli/P,F,M,6,5b200bbd325d600001c041c0,"10/17/2022, 10:06:53"
1604,E_F_Sarah_Millican(22).png,E_M_Russell_Howard(20).png,TRUE,pictures/stimuli/E,pictures/stimuli/E,F,M,6,5b200bbd325d600001c041c0,"10/17/2022, 10:06:53"
1498,E_M_Ewan_McGregor(15).png,E_M_Russell_Howard(20).png,TRUE,pictures/stimuli/E,pictures/stimuli/E,M,M,5,5b200bbd325d600001c041c0,"10/17/2022, 10:06:53"
1462,E_F_Julie_Walters(15).png,E_M_Peter_Kay(20).png,TRUE,pictures/stimuli/E,pictures/stimuli/E,F,M,6,5b200bbd325d600001c041c0,"10/17/2022, 10:06:53"
1307,E_M_Michael_McIntyr(7).png,E_M_Simon_Pegg(24).png,TRUE,pictures/stimuli/E,pictures/stimuli/E,M,M,6,5b200bbd325d600001c041c0,"10/17/2022, 10:06:53"
2122,P_M_david_camer(18).png,P_M_Michael_Gove(3).png,TRUE,pictures/stimuli/P,pictures/stimuli/P,M,M,5,5b200bbd325d600001c041c0,"10/17/2022, 10:06:53"
1325,P_M_keir_starmer(9).png,P_M_nigel_farage(9).png,TRUE,pictures/stimuli/P,pictures/stimuli/P,M,M,6,5b200bbd325d600001c041c0,"10/17/2022, 10:06:53"
1608,E_F_Julie_Walters(15).png,P_M_jeremy_corbyn(10).png,FALSE,pictures/stimuli/E,pictures/stimuli/P,F,M,5,5b200bbd325d600001c041c0,"10/17/2022, 10:06:53"
1532,E_M_Michael_McIntyr(7).png,P_M_jeremy_corbyn(10).png,FALSE,pictures/stimuli/E,pictures/stimuli/P,M,M,5,5b200bbd325d600001c041c0,"10/17/2022, 10:06:53"
2619,E_F_Sarah_Millican(22).png,P_M_nigel_farage(9).png,FALSE,pictures/stimuli/E,pictures/stimuli/P,F,M,6,5b200bbd325d600001c041c0,"10/17/2022, 10:06:53"
2497,E_F_Julie_Walters(15).png,P_M_Sajid_Javid(12).png,FALSE,pictures/stimuli/E,pictures/stimuli/P,F,M,6,5b200bbd325d600001c041c0,"10/17/2022, 10:06:53"
1619,E_F_Sarah_Millican(22).png,P_M_keir_starmer(9).png,FALSE,pictures/stimuli/E,pictures/stimuli/P,F,M,6,5b200bbd325d600001c041c0,"10/17/2022, 10:06:53"
2491,E_M_Russell_Howard(20).png,E_M_Simon_Pegg(24).png,TRUE,pictures/stimuli/E,pictures/stimuli/E,M,M,5,5b200bbd325d600001c041c0,"10/17/2022, 10:06:53"
2363,E_F_Jennifer_Saunders(21).png,P_F_nicola_sturge(17).png,FALSE,pictures/stimuli/E,pictures/stimuli/P,F,F,5,5b200bbd325d600001c041c0,"10/17/2022, 10:06:53"
1713,E_F_Jennifer_Saunders(21).png,P_F_Theresa_May(16).png,FALSE,pictures/stimuli/E,pictures/stimuli/P,F,F,5,5b200bbd325d600001c041c0,"10/17/2022, 10:06:53"
1840,E_F_Dawn_Roma(22).png,P_F_nicola_sturge(17).png,FALSE,pictures/stimuli/E,pictures/stimuli/P,F,F,5,5b200bbd325d600001c041c0,"10/17/2022, 10:06:53"
1646,E_M_Russell_Howard(20).png,P_M_Sajid_Javid(12).png,FALSE,pictures/stimuli/E,pictures/stimuli/P,M,M,5,5b200bbd325d600001c041c0,"10/17/2022, 10:06:53"
1588,E_M_Ewan_McGregor(15).png,P_M_Michael_Gove(3).png,FALSE,pictures/stimuli/E,pictures/stimuli/P,M,M,6,5b200bbd325d600001c041c0,"10/17/2022, 10:06:53"
2196,E_M_Michael_McIntyr(7).png,P_M_nigel_farage(9).png,FALSE,pictures/stimuli/E,pictures/stimuli/P,M,M,5,5b200bbd325d600001c041c0,"10/17/2022, 10:06:53"
1993,E_F_Julie_Walters(15).png,P_M_Tony_Blair(12).png,FALSE,pictures/stimuli/E,pictures/stimuli/P,F,M,6,5b200bbd325d600001c041c0,"10/17/2022, 10:06:53"
1318,E_F_Sarah_Millican(22).png,P_M_david_camer(18).png,FALSE,pictures/stimuli/E,pictures/stimuli/P,F,M,6,5b200bbd325d600001c041c0,"10/17/2022, 10:06:53"
1764,E_M_Peter_Kay(20).png,P_M_Gordon_Brown(14).png,FALSE,pictures/stimuli/E,pictures/stimuli/P,M,M,6,5b200bbd325d600001c041c0,"10/17/2022, 10:06:53"
1506,E_M_Russell_Howard(20).png,P_M_Tony_Blair(12).png,FALSE,pictures/stimuli/E,pictures/stimuli/P,M,M,6,5b200bbd325d600001c041c0,"10/17/2022, 10:06:53"
1680,E_M_Simon_Pegg(24).png,P_M_david_camer(18).png,FALSE,pictures/stimuli/E,pictures/stimuli/P,M,M,6,5b200bbd325d600001c041c0,"10/17/2022, 10:06:53"
1621,P_M_jeremy_corbyn(10).png,P_M_Sajid_Javid(12).png,TRUE,pictures/stimuli/P,pictures/stimuli/P,M,M,6,5b200bbd325d600001c041c0,"10/17/2022, 10:06:53"
2634,E_M_Michael_McIntyr(7).png,P_M_Gordon_Brown(14).png,FALSE,pictures/stimuli/E,pictures/stimuli/P,M,M,5,5b200bbd325d600001c041c0,"10/17/2022, 10:06:53"
file,isFamiliar,5b200bbd325d600001c041c0,"10/17/2022, 10:06:53"
E_F_Dawn_Roma(22).png,1,5b200bbd325d600001c041c0,"10/17/2022, 10:06:53"
P_M_nigel_farage(9).png,1,5b200bbd325d600001c041c0,"10/17/2022, 10:06:53"
P_F_Theresa_May(16).png,1,5b200bbd325d600001c041c0,"10/17/2022, 10:06:53"
P_M_Sajid_Javid(12).png,0,5b200bbd325d600001c041c0,"10/17/2022, 10:06:53"
E_F_Sarah_Millican(22).png,1,5b200bbd325d600001c041c0,"10/17/2022, 10:06:53"
E_M_Peter_Kay(20).png,1,5b200bbd325d600001c041c0,"10/17/2022, 10:06:53"
P_M_Michael_Gove(3).png,1,5b200bbd325d600001c041c0,"10/17/2022, 10:06:53"
E_F_Jennifer_Saunders(21).png,0,5b200bbd325d600001c041c0,"10/17/2022, 10:06:53"
P_M_keir_starmer(9).png,1,5b200bbd325d600001c041c0,"10/17/2022, 10:06:53"
P_M_jeremy_corbyn(10).png,0,5b200bbd325d600001c041c0,"10/17/2022, 10:06:53"
E_F_Julie_Walters(15).png,0,5b200bbd325d600001c041c0,"10/17/2022, 10:06:53"
P_F_nicola_sturge(17).png,0,5b200bbd325d600001c041c0,"10/17/2022, 10:06:53"
P_M_david_camer(18).png,1,5b200bbd325d600001c041c0,"10/17/2022, 10:06:53"
E_M_Simon_Pegg(24).png,1,5b200bbd325d600001c041c0,"10/17/2022, 10:06:53"
E_M_Russell_Howard(20).png,1,5b200bbd325d600001c041c0,"10/17/2022, 10:06:53"
P_M_Tony_Blair(12).png,1,5b200bbd325d600001c041c0,"10/17/2022, 10:06:53"
E_M_Michael_McIntyr(7).png,1,5b200bbd325d600001c041c0,"10/17/2022, 10:06:53"
E_M_Ewan_McGregor(15).png,1,5b200bbd325d600001c041c0,"10/17/2022, 10:06:53"
E_M_Jimmy_Carr(12).png,1,5b200bbd325d600001c041c0,"10/17/2022, 10:06:53"
P_M_Gordon_Brown(14).png,1,5b200bbd325d600001c041c0,"10/17/2022, 10:06:53"
age: 31,gender: Male,handedness: right,5b200bbd325d600001c041c0,"10/17/2022, 10:06:53"