RT,img_1,img_2,isSameProffesion,img1proffesion,img2proffesion,img1Gender,img2Gender,keyPressed,5d1a01b9f9ab2100019e7678,"11/30/2021, 06:59:13"
8560,E_M_anthony_hopkins.jpg,E_M_Hugh_Grant.jpg,TRUE,pictures/stimuli/E,pictures/stimuli/E,M,M,2,5d1a01b9f9ab2100019e7678,"11/30/2021, 06:59:13"
11941,E_M_nicolas_cage.jpg,P_M_boris_johnson.jpg,FALSE,pictures/stimuli/E,pictures/stimuli/P,M,M,4,5d1a01b9f9ab2100019e7678,"11/30/2021, 06:59:13"
6509,P_F_esther_mcvey.jpg,P_M_boris_johnson.jpg,TRUE,pictures/stimuli/P,pictures/stimuli/P,F,M,1,5d1a01b9f9ab2100019e7678,"11/30/2021, 06:59:13"
3217,E_F_sandra_bullock.jpg,P_M_Tony_Blair.jpg,FALSE,pictures/stimuli/E,pictures/stimuli/P,F,M,3,5d1a01b9f9ab2100019e7678,"11/30/2021, 06:59:13"
5613,E_M_michael_caine.jpg,P_F_PRITI_PATEL.jpg,FALSE,pictures/stimuli/E,pictures/stimuli/P,M,F,5,5d1a01b9f9ab2100019e7678,"11/30/2021, 06:59:13"
3275,E_F_angelina_jolie.jpg,E_F_jennifer_aniston.jpg,TRUE,pictures/stimuli/E,pictures/stimuli/E,F,F,1,5d1a01b9f9ab2100019e7678,"11/30/2021, 06:59:13"
3379,E_F_Judi_Dench.jpg,P_F_nicola_sturgeon.jpg,FALSE,pictures/stimuli/E,pictures/stimuli/P,F,F,6,5d1a01b9f9ab2100019e7678,"11/30/2021, 06:59:13"
3201,P_F_hillary_clinton.jpg,P_F_tehresy_may.jpg,TRUE,pictures/stimuli/P,pictures/stimuli/P,F,F,1,5d1a01b9f9ab2100019e7678,"11/30/2021, 06:59:13"
3342,E_M_michael_caine.jpg,P_F_angela_rayner.jpg,FALSE,pictures/stimuli/E,pictures/stimuli/P,M,F,3,5d1a01b9f9ab2100019e7678,"11/30/2021, 06:59:13"
2507,E_M_Martin_Freeman.jpg,P_F_PRITI_PATEL.jpg,FALSE,pictures/stimuli/E,pictures/stimuli/P,M,F,4,5d1a01b9f9ab2100019e7678,"11/30/2021, 06:59:13"
3466,E_M_Martin_Freeman.jpg,E_M_michael_caine.jpg,TRUE,pictures/stimuli/E,pictures/stimuli/E,M,M,2,5d1a01b9f9ab2100019e7678,"11/30/2021, 06:59:13"
3335,E_F_Judi_Dench.jpg,P_M_boris_johnson.jpg,FALSE,pictures/stimuli/E,pictures/stimuli/P,F,M,5,5d1a01b9f9ab2100019e7678,"11/30/2021, 06:59:13"
2809,E_F_jennifer_aniston.jpg,P_M_boris_johnson.jpg,FALSE,pictures/stimuli/E,pictures/stimuli/P,F,M,6,5d1a01b9f9ab2100019e7678,"11/30/2021, 06:59:13"
3191,E_M_michael_caine.jpg,P_F_esther_mcvey.jpg,FALSE,pictures/stimuli/E,pictures/stimuli/P,M,F,4,5d1a01b9f9ab2100019e7678,"11/30/2021, 06:59:13"
3197,E_M_michael_caine.jpg,P_M_boris_johnson.jpg,FALSE,pictures/stimuli/E,pictures/stimuli/P,M,M,6,5d1a01b9f9ab2100019e7678,"11/30/2021, 06:59:13"
2514,P_F_nicola_sturgeon.jpg,P_M_donald_trump.jpg,TRUE,pictures/stimuli/P,pictures/stimuli/P,F,M,1,5d1a01b9f9ab2100019e7678,"11/30/2021, 06:59:13"
3616,E_F_keira_knightley.jpg,E_M_robert_de_niro.jpg,TRUE,pictures/stimuli/E,pictures/stimuli/E,F,M,1,5d1a01b9f9ab2100019e7678,"11/30/2021, 06:59:13"
4309,P_M_bill_clinton.jpg,P_M_Tony_Blair.jpg,TRUE,pictures/stimuli/P,pictures/stimuli/P,M,M,3,5d1a01b9f9ab2100019e7678,"11/30/2021, 06:59:13"
3462,E_F_Kate_Winslet.jpg,E_M_anthony_hopkins.jpg,TRUE,pictures/stimuli/E,pictures/stimuli/E,F,M,5,5d1a01b9f9ab2100019e7678,"11/30/2021, 06:59:13"
2675,E_F_keira_knightley.jpg,E_M_liam_neeson.jpg,TRUE,pictures/stimuli/E,pictures/stimuli/E,F,M,2,5d1a01b9f9ab2100019e7678,"11/30/2021, 06:59:13"
4223,P_M_bill_clinton.jpg,P_M_george_Wbush.jpg,TRUE,pictures/stimuli/P,pictures/stimuli/P,M,M,1,5d1a01b9f9ab2100019e7678,"11/30/2021, 06:59:13"
2709,E_F_jennifer_aniston.jpg,E_M_nicolas_cage.jpg,TRUE,pictures/stimuli/E,pictures/stimuli/E,F,M,1,5d1a01b9f9ab2100019e7678,"11/30/2021, 06:59:13"
2097,E_F_keira_knightley.jpg,P_M_donald_trump.jpg,FALSE,pictures/stimuli/E,pictures/stimuli/P,F,M,6,5d1a01b9f9ab2100019e7678,"11/30/2021, 06:59:13"
2423,P_F_PRITI_PATEL.jpg,P_M_donald_trump.jpg,TRUE,pictures/stimuli/P,pictures/stimuli/P,F,M,4,5d1a01b9f9ab2100019e7678,"11/30/2021, 06:59:13"
2909,E_F_sandra_bullock.jpg,P_F_tehresy_may.jpg,FALSE,pictures/stimuli/E,pictures/stimuli/P,F,F,6,5d1a01b9f9ab2100019e7678,"11/30/2021, 06:59:13"
2968,E_M_Hugh_Grant.jpg,E_M_tom_hankes.jpg,TRUE,pictures/stimuli/E,pictures/stimuli/E,M,M,1,5d1a01b9f9ab2100019e7678,"11/30/2021, 06:59:13"
5288,E_F_Kate_Winslet.jpg,P_F_hillary_clinton.jpg,FALSE,pictures/stimuli/E,pictures/stimuli/P,F,F,6,5d1a01b9f9ab2100019e7678,"11/30/2021, 06:59:13"
2450,E_F_sandra_bullock.jpg,E_M_Hugh_Grant.jpg,TRUE,pictures/stimuli/E,pictures/stimuli/E,F,M,1,5d1a01b9f9ab2100019e7678,"11/30/2021, 06:59:13"
2129,E_M_robert_de_niro.jpg,P_F_angela_rayner.jpg,FALSE,pictures/stimuli/E,pictures/stimuli/P,M,F,3,5d1a01b9f9ab2100019e7678,"11/30/2021, 06:59:13"
2308,E_F_Kate_Winslet.jpg,P_M_george_Wbush.jpg,FALSE,pictures/stimuli/E,pictures/stimuli/P,F,M,6,5d1a01b9f9ab2100019e7678,"11/30/2021, 06:59:13"
2289,E_M_michael_caine.jpg,E_M_nicolas_cage.jpg,TRUE,pictures/stimuli/E,pictures/stimuli/E,M,M,1,5d1a01b9f9ab2100019e7678,"11/30/2021, 06:59:13"
1940,E_M_Martin_Freeman.jpg,P_F_angela_rayner.jpg,FALSE,pictures/stimuli/E,pictures/stimuli/P,M,F,4,5d1a01b9f9ab2100019e7678,"11/30/2021, 06:59:13"
2378,E_M_anthony_hopkins.jpg,P_M_george_Wbush.jpg,FALSE,pictures/stimuli/E,pictures/stimuli/P,M,M,4,5d1a01b9f9ab2100019e7678,"11/30/2021, 06:59:13"
2491,E_F_Kate_Winslet.jpg,E_M_liam_neeson.jpg,TRUE,pictures/stimuli/E,pictures/stimuli/E,F,M,1,5d1a01b9f9ab2100019e7678,"11/30/2021, 06:59:13"
7758,E_F_keira_knightley.jpg,P_M_Tony_Blair.jpg,FALSE,pictures/stimuli/E,pictures/stimuli/P,F,M,6,5d1a01b9f9ab2100019e7678,"11/30/2021, 06:59:13"
2351,E_M_liam_neeson.jpg,P_F_hillary_clinton.jpg,FALSE,pictures/stimuli/E,pictures/stimuli/P,M,F,6,5d1a01b9f9ab2100019e7678,"11/30/2021, 06:59:13"
2163,E_F_jennifer_aniston.jpg,E_M_Hugh_Grant.jpg,TRUE,pictures/stimuli/E,pictures/stimuli/E,F,M,1,5d1a01b9f9ab2100019e7678,"11/30/2021, 06:59:13"
2465,E_M_michael_caine.jpg,P_F_hillary_clinton.jpg,FALSE,pictures/stimuli/E,pictures/stimuli/P,M,F,5,5d1a01b9f9ab2100019e7678,"11/30/2021, 06:59:13"
2120,E_F_keira_knightley.jpg,P_F_tehresy_may.jpg,FALSE,pictures/stimuli/E,pictures/stimuli/P,F,F,6,5d1a01b9f9ab2100019e7678,"11/30/2021, 06:59:13"
4040,E_M_nicolas_cage.jpg,P_M_bill_clinton.jpg,FALSE,pictures/stimuli/E,pictures/stimuli/P,M,M,6,5d1a01b9f9ab2100019e7678,"11/30/2021, 06:59:13"
2525,E_M_liam_neeson.jpg,P_M_donald_trump.jpg,FALSE,pictures/stimuli/E,pictures/stimuli/P,M,M,6,5d1a01b9f9ab2100019e7678,"11/30/2021, 06:59:13"
3056,E_F_Judi_Dench.jpg,E_F_sandra_bullock.jpg,TRUE,pictures/stimuli/E,pictures/stimuli/E,F,F,2,5d1a01b9f9ab2100019e7678,"11/30/2021, 06:59:13"
1789,P_F_angela_rayner.jpg,P_F_tehresy_may.jpg,TRUE,pictures/stimuli/P,pictures/stimuli/P,F,F,4,5d1a01b9f9ab2100019e7678,"11/30/2021, 06:59:13"
2500,E_F_jennifer_aniston.jpg,E_M_robert_de_niro.jpg,TRUE,pictures/stimuli/E,pictures/stimuli/E,F,M,1,5d1a01b9f9ab2100019e7678,"11/30/2021, 06:59:13"
2484,E_F_keira_knightley.jpg,E_M_michael_caine.jpg,TRUE,pictures/stimuli/E,pictures/stimuli/E,F,M,1,5d1a01b9f9ab2100019e7678,"11/30/2021, 06:59:13"
3124,P_M_boris_johnson.jpg,P_M_george_Wbush.jpg,TRUE,pictures/stimuli/P,pictures/stimuli/P,M,M,2,5d1a01b9f9ab2100019e7678,"11/30/2021, 06:59:13"
1802,E_M_tom_hankes.jpg,P_M_bill_clinton.jpg,FALSE,pictures/stimuli/E,pictures/stimuli/P,M,M,6,5d1a01b9f9ab2100019e7678,"11/30/2021, 06:59:13"
2136,E_F_keira_knightley.jpg,P_F_nicola_sturgeon.jpg,FALSE,pictures/stimuli/E,pictures/stimuli/P,F,F,6,5d1a01b9f9ab2100019e7678,"11/30/2021, 06:59:13"
2548,E_F_Kate_Winslet.jpg,P_M_Tony_Blair.jpg,FALSE,pictures/stimuli/E,pictures/stimuli/P,F,M,6,5d1a01b9f9ab2100019e7678,"11/30/2021, 06:59:13"
3320,E_F_keira_knightley.jpg,E_M_Hugh_Grant.jpg,TRUE,pictures/stimuli/E,pictures/stimuli/E,F,M,2,5d1a01b9f9ab2100019e7678,"11/30/2021, 06:59:13"
3108,E_M_Martin_Freeman.jpg,E_M_tom_hankes.jpg,TRUE,pictures/stimuli/E,pictures/stimuli/E,M,M,1,5d1a01b9f9ab2100019e7678,"11/30/2021, 06:59:13"
2079,E_F_Judi_Dench.jpg,E_M_nicolas_cage.jpg,TRUE,pictures/stimuli/E,pictures/stimuli/E,F,M,2,5d1a01b9f9ab2100019e7678,"11/30/2021, 06:59:13"
3913,E_F_Judi_Dench.jpg,E_M_liam_neeson.jpg,TRUE,pictures/stimuli/E,pictures/stimuli/E,F,M,2,5d1a01b9f9ab2100019e7678,"11/30/2021, 06:59:13"
2798,E_M_anthony_hopkins.jpg,P_M_bill_clinton.jpg,FALSE,pictures/stimuli/E,pictures/stimuli/P,M,M,4,5d1a01b9f9ab2100019e7678,"11/30/2021, 06:59:13"
1993,P_F_PRITI_PATEL.jpg,P_M_george_Wbush.jpg,TRUE,pictures/stimuli/P,pictures/stimuli/P,F,M,4,5d1a01b9f9ab2100019e7678,"11/30/2021, 06:59:13"
2306,E_M_tom_hankes.jpg,P_F_nicola_sturgeon.jpg,FALSE,pictures/stimuli/E,pictures/stimuli/P,M,F,6,5d1a01b9f9ab2100019e7678,"11/30/2021, 06:59:13"
1784,E_F_keira_knightley.jpg,P_M_boris_johnson.jpg,FALSE,pictures/stimuli/E,pictures/stimuli/P,F,M,6,5d1a01b9f9ab2100019e7678,"11/30/2021, 06:59:13"
2741,E_F_angelina_jolie.jpg,E_F_Judi_Dench.jpg,TRUE,pictures/stimuli/E,pictures/stimuli/E,F,F,2,5d1a01b9f9ab2100019e7678,"11/30/2021, 06:59:13"
2136,E_F_Kate_Winslet.jpg,P_M_david_cameron.jpg,FALSE,pictures/stimuli/E,pictures/stimuli/P,F,M,6,5d1a01b9f9ab2100019e7678,"11/30/2021, 06:59:13"
3898,E_M_anthony_hopkins.jpg,P_M_donald_trump.jpg,FALSE,pictures/stimuli/E,pictures/stimuli/P,M,M,2,5d1a01b9f9ab2100019e7678,"11/30/2021, 06:59:13"
2208,E_M_Hugh_Grant.jpg,E_M_michael_caine.jpg,TRUE,pictures/stimuli/E,pictures/stimuli/E,M,M,1,5d1a01b9f9ab2100019e7678,"11/30/2021, 06:59:13"
2011,E_M_Hugh_Grant.jpg,E_M_Martin_Freeman.jpg,TRUE,pictures/stimuli/E,pictures/stimuli/E,M,M,1,5d1a01b9f9ab2100019e7678,"11/30/2021, 06:59:13"
1814,E_M_liam_neeson.jpg,P_F_tehresy_may.jpg,FALSE,pictures/stimuli/E,pictures/stimuli/P,M,F,6,5d1a01b9f9ab2100019e7678,"11/30/2021, 06:59:13"
3533,E_F_keira_knightley.jpg,E_M_Martin_Freeman.jpg,TRUE,pictures/stimuli/E,pictures/stimuli/E,F,M,2,5d1a01b9f9ab2100019e7678,"11/30/2021, 06:59:13"
3080,E_F_Judi_Dench.jpg,E_M_michael_caine.jpg,TRUE,pictures/stimuli/E,pictures/stimuli/E,F,M,1,5d1a01b9f9ab2100019e7678,"11/30/2021, 06:59:13"
3833,E_F_keira_knightley.jpg,P_M_bill_clinton.jpg,FALSE,pictures/stimuli/E,pictures/stimuli/P,F,M,6,5d1a01b9f9ab2100019e7678,"11/30/2021, 06:59:13"
2891,E_F_jennifer_aniston.jpg,E_F_sandra_bullock.jpg,TRUE,pictures/stimuli/E,pictures/stimuli/E,F,F,1,5d1a01b9f9ab2100019e7678,"11/30/2021, 06:59:13"
2086,E_F_jennifer_aniston.jpg,P_M_george_Wbush.jpg,FALSE,pictures/stimuli/E,pictures/stimuli/P,F,M,6,5d1a01b9f9ab2100019e7678,"11/30/2021, 06:59:13"
2648,E_F_sandra_bullock.jpg,P_M_boris_johnson.jpg,FALSE,pictures/stimuli/E,pictures/stimuli/P,F,M,6,5d1a01b9f9ab2100019e7678,"11/30/2021, 06:59:13"
3390,E_M_michael_caine.jpg,P_F_tehresy_may.jpg,FALSE,pictures/stimuli/E,pictures/stimuli/P,M,F,6,5d1a01b9f9ab2100019e7678,"11/30/2021, 06:59:13"
3269,E_F_sandra_bullock.jpg,P_M_david_cameron.jpg,FALSE,pictures/stimuli/E,pictures/stimuli/P,F,M,6,5d1a01b9f9ab2100019e7678,"11/30/2021, 06:59:13"
3553,E_M_Martin_Freeman.jpg,P_M_george_Wbush.jpg,FALSE,pictures/stimuli/E,pictures/stimuli/P,M,M,5,5d1a01b9f9ab2100019e7678,"11/30/2021, 06:59:13"
2554,E_M_liam_neeson.jpg,E_M_michael_caine.jpg,TRUE,pictures/stimuli/E,pictures/stimuli/E,M,M,2,5d1a01b9f9ab2100019e7678,"11/30/2021, 06:59:13"
2167,E_F_keira_knightley.jpg,E_M_anthony_hopkins.jpg,TRUE,pictures/stimuli/E,pictures/stimuli/E,F,M,4,5d1a01b9f9ab2100019e7678,"11/30/2021, 06:59:13"
1911,E_F_jennifer_aniston.jpg,P_M_david_cameron.jpg,FALSE,pictures/stimuli/E,pictures/stimuli/P,F,M,6,5d1a01b9f9ab2100019e7678,"11/30/2021, 06:59:13"
2400,E_F_Judi_Dench.jpg,P_M_donald_trump.jpg,FALSE,pictures/stimuli/E,pictures/stimuli/P,F,M,6,5d1a01b9f9ab2100019e7678,"11/30/2021, 06:59:13"
2657,E_M_liam_neeson.jpg,E_M_tom_hankes.jpg,TRUE,pictures/stimuli/E,pictures/stimuli/E,M,M,1,5d1a01b9f9ab2100019e7678,"11/30/2021, 06:59:13"
4434,E_F_keira_knightley.jpg,P_F_esther_mcvey.jpg,FALSE,pictures/stimuli/E,pictures/stimuli/P,F,F,5,5d1a01b9f9ab2100019e7678,"11/30/2021, 06:59:13"
2054,E_F_Kate_Winslet.jpg,E_M_Hugh_Grant.jpg,TRUE,pictures/stimuli/E,pictures/stimuli/E,F,M,1,5d1a01b9f9ab2100019e7678,"11/30/2021, 06:59:13"
2597,P_M_donald_trump.jpg,P_M_george_Wbush.jpg,TRUE,pictures/stimuli/P,pictures/stimuli/P,M,M,1,5d1a01b9f9ab2100019e7678,"11/30/2021, 06:59:13"
2987,E_F_jennifer_aniston.jpg,E_M_michael_caine.jpg,TRUE,pictures/stimuli/E,pictures/stimuli/E,F,M,1,5d1a01b9f9ab2100019e7678,"11/30/2021, 06:59:13"
3425,E_M_nicolas_cage.jpg,P_F_hillary_clinton.jpg,FALSE,pictures/stimuli/E,pictures/stimuli/P,M,F,6,5d1a01b9f9ab2100019e7678,"11/30/2021, 06:59:13"
3675,E_M_Martin_Freeman.jpg,E_M_robert_de_niro.jpg,TRUE,pictures/stimuli/E,pictures/stimuli/E,M,M,1,5d1a01b9f9ab2100019e7678,"11/30/2021, 06:59:13"
3179,P_F_hillary_clinton.jpg,P_F_nicola_sturgeon.jpg,TRUE,pictures/stimuli/P,pictures/stimuli/P,F,F,1,5d1a01b9f9ab2100019e7678,"11/30/2021, 06:59:13"
2190,P_F_angela_rayner.jpg,P_M_george_Wbush.jpg,TRUE,pictures/stimuli/P,pictures/stimuli/P,F,M,4,5d1a01b9f9ab2100019e7678,"11/30/2021, 06:59:13"
2178,P_F_angela_rayner.jpg,P_M_donald_trump.jpg,TRUE,pictures/stimuli/P,pictures/stimuli/P,F,M,3,5d1a01b9f9ab2100019e7678,"11/30/2021, 06:59:13"
3254,P_F_angela_rayner.jpg,P_F_esther_mcvey.jpg,TRUE,pictures/stimuli/P,pictures/stimuli/P,F,F,2,5d1a01b9f9ab2100019e7678,"11/30/2021, 06:59:13"
2876,E_F_Judi_Dench.jpg,E_F_keira_knightley.jpg,TRUE,pictures/stimuli/E,pictures/stimuli/E,F,F,2,5d1a01b9f9ab2100019e7678,"11/30/2021, 06:59:13"
2436,E_M_Hugh_Grant.jpg,E_M_liam_neeson.jpg,TRUE,pictures/stimuli/E,pictures/stimuli/E,M,M,1,5d1a01b9f9ab2100019e7678,"11/30/2021, 06:59:13"
2588,E_F_Kate_Winslet.jpg,E_M_nicolas_cage.jpg,TRUE,pictures/stimuli/E,pictures/stimuli/E,F,M,1,5d1a01b9f9ab2100019e7678,"11/30/2021, 06:59:13"
1897,E_F_sandra_bullock.jpg,P_M_george_Wbush.jpg,FALSE,pictures/stimuli/E,pictures/stimuli/P,F,M,6,5d1a01b9f9ab2100019e7678,"11/30/2021, 06:59:13"
2080,E_F_angelina_jolie.jpg,P_M_david_cameron.jpg,FALSE,pictures/stimuli/E,pictures/stimuli/P,F,M,6,5d1a01b9f9ab2100019e7678,"11/30/2021, 06:59:13"
3590,E_M_anthony_hopkins.jpg,E_M_liam_neeson.jpg,TRUE,pictures/stimuli/E,pictures/stimuli/E,M,M,4,5d1a01b9f9ab2100019e7678,"11/30/2021, 06:59:13"
2899,E_F_Kate_Winslet.jpg,P_F_tehresy_may.jpg,FALSE,pictures/stimuli/E,pictures/stimuli/P,F,F,6,5d1a01b9f9ab2100019e7678,"11/30/2021, 06:59:13"
4096,E_M_tom_hankes.jpg,P_F_hillary_clinton.jpg,FALSE,pictures/stimuli/E,pictures/stimuli/P,M,F,6,5d1a01b9f9ab2100019e7678,"11/30/2021, 06:59:13"
2072,E_F_jennifer_aniston.jpg,P_M_donald_trump.jpg,FALSE,pictures/stimuli/E,pictures/stimuli/P,F,M,6,5d1a01b9f9ab2100019e7678,"11/30/2021, 06:59:13"
2831,E_F_sandra_bullock.jpg,E_M_tom_hankes.jpg,TRUE,pictures/stimuli/E,pictures/stimuli/E,F,M,1,5d1a01b9f9ab2100019e7678,"11/30/2021, 06:59:13"
2116,E_F_jennifer_aniston.jpg,E_F_keira_knightley.jpg,TRUE,pictures/stimuli/E,pictures/stimuli/E,F,F,1,5d1a01b9f9ab2100019e7678,"11/30/2021, 06:59:13"
2763,P_F_tehresy_may.jpg,P_M_bill_clinton.jpg,TRUE,pictures/stimuli/P,pictures/stimuli/P,F,M,1,5d1a01b9f9ab2100019e7678,"11/30/2021, 06:59:13"
2151,E_F_angelina_jolie.jpg,P_M_bill_clinton.jpg,FALSE,pictures/stimuli/E,pictures/stimuli/P,F,M,6,5d1a01b9f9ab2100019e7678,"11/30/2021, 06:59:13"
2056,E_F_angelina_jolie.jpg,E_M_robert_de_niro.jpg,TRUE,pictures/stimuli/E,pictures/stimuli/E,F,M,1,5d1a01b9f9ab2100019e7678,"11/30/2021, 06:59:13"
3643,P_M_bill_clinton.jpg,P_M_donald_trump.jpg,TRUE,pictures/stimuli/P,pictures/stimuli/P,M,M,1,5d1a01b9f9ab2100019e7678,"11/30/2021, 06:59:13"
2982,E_F_angelina_jolie.jpg,E_M_Martin_Freeman.jpg,TRUE,pictures/stimuli/E,pictures/stimuli/E,F,M,1,5d1a01b9f9ab2100019e7678,"11/30/2021, 06:59:13"
2601,E_M_Hugh_Grant.jpg,P_F_angela_rayner.jpg,FALSE,pictures/stimuli/E,pictures/stimuli/P,M,F,4,5d1a01b9f9ab2100019e7678,"11/30/2021, 06:59:13"
3276,E_F_Judi_Dench.jpg,P_F_esther_mcvey.jpg,FALSE,pictures/stimuli/E,pictures/stimuli/P,F,F,4,5d1a01b9f9ab2100019e7678,"11/30/2021, 06:59:13"
2568,E_M_anthony_hopkins.jpg,E_M_tom_hankes.jpg,TRUE,pictures/stimuli/E,pictures/stimuli/E,M,M,4,5d1a01b9f9ab2100019e7678,"11/30/2021, 06:59:13"
3196,P_F_tehresy_may.jpg,P_M_david_cameron.jpg,TRUE,pictures/stimuli/P,pictures/stimuli/P,F,M,1,5d1a01b9f9ab2100019e7678,"11/30/2021, 06:59:13"
2844,E_M_Hugh_Grant.jpg,P_M_david_cameron.jpg,FALSE,pictures/stimuli/E,pictures/stimuli/P,M,M,6,5d1a01b9f9ab2100019e7678,"11/30/2021, 06:59:13"
2258,E_M_michael_caine.jpg,E_M_robert_de_niro.jpg,TRUE,pictures/stimuli/E,pictures/stimuli/E,M,M,1,5d1a01b9f9ab2100019e7678,"11/30/2021, 06:59:13"
1943,E_F_sandra_bullock.jpg,P_F_esther_mcvey.jpg,FALSE,pictures/stimuli/E,pictures/stimuli/P,F,F,4,5d1a01b9f9ab2100019e7678,"11/30/2021, 06:59:13"
2385,E_F_angelina_jolie.jpg,P_M_george_Wbush.jpg,FALSE,pictures/stimuli/E,pictures/stimuli/P,F,M,6,5d1a01b9f9ab2100019e7678,"11/30/2021, 06:59:13"
2071,E_F_Kate_Winslet.jpg,E_M_robert_de_niro.jpg,TRUE,pictures/stimuli/E,pictures/stimuli/E,F,M,2,5d1a01b9f9ab2100019e7678,"11/30/2021, 06:59:13"
4897,P_F_angela_rayner.jpg,P_M_boris_johnson.jpg,TRUE,pictures/stimuli/P,pictures/stimuli/P,F,M,3,5d1a01b9f9ab2100019e7678,"11/30/2021, 06:59:13"
4366,P_F_angela_rayner.jpg,P_F_nicola_sturgeon.jpg,TRUE,pictures/stimuli/P,pictures/stimuli/P,F,F,3,5d1a01b9f9ab2100019e7678,"11/30/2021, 06:59:13"
2295,E_F_angelina_jolie.jpg,P_F_PRITI_PATEL.jpg,FALSE,pictures/stimuli/E,pictures/stimuli/P,F,F,4,5d1a01b9f9ab2100019e7678,"11/30/2021, 06:59:13"
3480,E_M_liam_neeson.jpg,P_M_david_cameron.jpg,FALSE,pictures/stimuli/E,pictures/stimuli/P,M,M,6,5d1a01b9f9ab2100019e7678,"11/30/2021, 06:59:13"
2987,E_F_sandra_bullock.jpg,E_M_robert_de_niro.jpg,TRUE,pictures/stimuli/E,pictures/stimuli/E,F,M,1,5d1a01b9f9ab2100019e7678,"11/30/2021, 06:59:13"
2660,P_F_tehresy_may.jpg,P_M_donald_trump.jpg,TRUE,pictures/stimuli/P,pictures/stimuli/P,F,M,1,5d1a01b9f9ab2100019e7678,"11/30/2021, 06:59:13"
2725,P_F_PRITI_PATEL.jpg,P_M_boris_johnson.jpg,TRUE,pictures/stimuli/P,pictures/stimuli/P,F,M,3,5d1a01b9f9ab2100019e7678,"11/30/2021, 06:59:13"
4880,P_F_esther_mcvey.jpg,P_M_george_Wbush.jpg,TRUE,pictures/stimuli/P,pictures/stimuli/P,F,M,2,5d1a01b9f9ab2100019e7678,"11/30/2021, 06:59:13"
6933,E_F_Kate_Winslet.jpg,P_F_nicola_sturgeon.jpg,FALSE,pictures/stimuli/E,pictures/stimuli/P,F,F,6,5d1a01b9f9ab2100019e7678,"11/30/2021, 06:59:13"
8227,E_M_michael_caine.jpg,E_M_tom_hankes.jpg,TRUE,pictures/stimuli/E,pictures/stimuli/E,M,M,1,5d1a01b9f9ab2100019e7678,"11/30/2021, 06:59:13"
4650,E_M_liam_neeson.jpg,E_M_nicolas_cage.jpg,TRUE,pictures/stimuli/E,pictures/stimuli/E,M,M,1,5d1a01b9f9ab2100019e7678,"11/30/2021, 06:59:13"
7157,E_M_anthony_hopkins.jpg,E_M_Martin_Freeman.jpg,TRUE,pictures/stimuli/E,pictures/stimuli/E,M,M,5,5d1a01b9f9ab2100019e7678,"11/30/2021, 06:59:13"
2296,E_F_angelina_jolie.jpg,E_M_nicolas_cage.jpg,TRUE,pictures/stimuli/E,pictures/stimuli/E,F,M,1,5d1a01b9f9ab2100019e7678,"11/30/2021, 06:59:13"
5142,E_M_Hugh_Grant.jpg,P_F_PRITI_PATEL.jpg,FALSE,pictures/stimuli/E,pictures/stimuli/P,M,F,5,5d1a01b9f9ab2100019e7678,"11/30/2021, 06:59:13"
2916,E_F_keira_knightley.jpg,P_M_david_cameron.jpg,FALSE,pictures/stimuli/E,pictures/stimuli/P,F,M,6,5d1a01b9f9ab2100019e7678,"11/30/2021, 06:59:13"
5701,P_M_boris_johnson.jpg,P_M_Tony_Blair.jpg,TRUE,pictures/stimuli/P,pictures/stimuli/P,M,M,1,5d1a01b9f9ab2100019e7678,"11/30/2021, 06:59:13"
2182,E_F_jennifer_aniston.jpg,P_F_esther_mcvey.jpg,FALSE,pictures/stimuli/E,pictures/stimuli/P,F,F,4,5d1a01b9f9ab2100019e7678,"11/30/2021, 06:59:13"
2232,E_M_michael_caine.jpg,P_M_george_Wbush.jpg,FALSE,pictures/stimuli/E,pictures/stimuli/P,M,M,6,5d1a01b9f9ab2100019e7678,"11/30/2021, 06:59:13"
2422,E_F_Judi_Dench.jpg,E_M_tom_hankes.jpg,TRUE,pictures/stimuli/E,pictures/stimuli/E,F,M,3,5d1a01b9f9ab2100019e7678,"11/30/2021, 06:59:13"
3319,P_F_esther_mcvey.jpg,P_F_nicola_sturgeon.jpg,TRUE,pictures/stimuli/P,pictures/stimuli/P,F,F,2,5d1a01b9f9ab2100019e7678,"11/30/2021, 06:59:13"
2696,E_M_nicolas_cage.jpg,P_F_esther_mcvey.jpg,FALSE,pictures/stimuli/E,pictures/stimuli/P,M,F,6,5d1a01b9f9ab2100019e7678,"11/30/2021, 06:59:13"
2749,E_F_keira_knightley.jpg,E_M_tom_hankes.jpg,TRUE,pictures/stimuli/E,pictures/stimuli/E,F,M,1,5d1a01b9f9ab2100019e7678,"11/30/2021, 06:59:13"
2768,E_F_Judi_Dench.jpg,P_F_hillary_clinton.jpg,FALSE,pictures/stimuli/E,pictures/stimuli/P,F,F,5,5d1a01b9f9ab2100019e7678,"11/30/2021, 06:59:13"
2233,E_M_tom_hankes.jpg,P_M_boris_johnson.jpg,FALSE,pictures/stimuli/E,pictures/stimuli/P,M,M,6,5d1a01b9f9ab2100019e7678,"11/30/2021, 06:59:13"
8787,E_F_sandra_bullock.jpg,E_M_liam_neeson.jpg,TRUE,pictures/stimuli/E,pictures/stimuli/E,F,M,1,5d1a01b9f9ab2100019e7678,"11/30/2021, 06:59:13"
3895,E_M_nicolas_cage.jpg,P_M_Tony_Blair.jpg,FALSE,pictures/stimuli/E,pictures/stimuli/P,M,M,6,5d1a01b9f9ab2100019e7678,"11/30/2021, 06:59:13"
3249,P_F_angela_rayner.jpg,P_F_PRITI_PATEL.jpg,TRUE,pictures/stimuli/P,pictures/stimuli/P,F,F,2,5d1a01b9f9ab2100019e7678,"11/30/2021, 06:59:13"
3823,E_F_sandra_bullock.jpg,E_M_Martin_Freeman.jpg,TRUE,pictures/stimuli/E,pictures/stimuli/E,F,M,1,5d1a01b9f9ab2100019e7678,"11/30/2021, 06:59:13"
3203,E_F_Judi_Dench.jpg,P_F_tehresy_may.jpg,FALSE,pictures/stimuli/E,pictures/stimuli/P,F,F,6,5d1a01b9f9ab2100019e7678,"11/30/2021, 06:59:13"
2079,E_F_jennifer_aniston.jpg,P_M_bill_clinton.jpg,FALSE,pictures/stimuli/E,pictures/stimuli/P,F,M,6,5d1a01b9f9ab2100019e7678,"11/30/2021, 06:59:13"
3098,P_F_angela_rayner.jpg,P_F_hillary_clinton.jpg,TRUE,pictures/stimuli/P,pictures/stimuli/P,F,F,1,5d1a01b9f9ab2100019e7678,"11/30/2021, 06:59:13"
2008,E_F_Kate_Winslet.jpg,P_M_donald_trump.jpg,FALSE,pictures/stimuli/E,pictures/stimuli/P,F,M,6,5d1a01b9f9ab2100019e7678,"11/30/2021, 06:59:13"
2731,E_M_michael_caine.jpg,P_M_bill_clinton.jpg,FALSE,pictures/stimuli/E,pictures/stimuli/P,M,M,5,5d1a01b9f9ab2100019e7678,"11/30/2021, 06:59:13"
2875,E_F_Judi_Dench.jpg,E_M_Martin_Freeman.jpg,TRUE,pictures/stimuli/E,pictures/stimuli/E,F,M,2,5d1a01b9f9ab2100019e7678,"11/30/2021, 06:59:13"
2139,P_F_hillary_clinton.jpg,P_M_david_cameron.jpg,TRUE,pictures/stimuli/P,pictures/stimuli/P,F,M,1,5d1a01b9f9ab2100019e7678,"11/30/2021, 06:59:13"
4098,P_F_nicola_sturgeon.jpg,P_F_tehresy_may.jpg,TRUE,pictures/stimuli/P,pictures/stimuli/P,F,F,1,5d1a01b9f9ab2100019e7678,"11/30/2021, 06:59:13"
4072,E_F_Judi_Dench.jpg,P_M_george_Wbush.jpg,FALSE,pictures/stimuli/E,pictures/stimuli/P,F,M,6,5d1a01b9f9ab2100019e7678,"11/30/2021, 06:59:13"
2095,P_M_david_cameron.jpg,P_M_george_Wbush.jpg,TRUE,pictures/stimuli/P,pictures/stimuli/P,M,M,1,5d1a01b9f9ab2100019e7678,"11/30/2021, 06:59:13"
1973,E_M_nicolas_cage.jpg,P_F_PRITI_PATEL.jpg,FALSE,pictures/stimuli/E,pictures/stimuli/P,M,F,5,5d1a01b9f9ab2100019e7678,"11/30/2021, 06:59:13"
2371,E_F_angelina_jolie.jpg,E_F_keira_knightley.jpg,TRUE,pictures/stimuli/E,pictures/stimuli/E,F,F,1,5d1a01b9f9ab2100019e7678,"11/30/2021, 06:59:13"
2271,P_F_tehresy_may.jpg,P_M_george_Wbush.jpg,TRUE,pictures/stimuli/P,pictures/stimuli/P,F,M,1,5d1a01b9f9ab2100019e7678,"11/30/2021, 06:59:13"
2492,E_M_liam_neeson.jpg,E_M_Martin_Freeman.jpg,TRUE,pictures/stimuli/E,pictures/stimuli/E,M,M,1,5d1a01b9f9ab2100019e7678,"11/30/2021, 06:59:13"
2332,E_M_michael_caine.jpg,P_F_nicola_sturgeon.jpg,FALSE,pictures/stimuli/E,pictures/stimuli/P,M,F,6,5d1a01b9f9ab2100019e7678,"11/30/2021, 06:59:13"
1971,E_M_nicolas_cage.jpg,E_M_tom_hankes.jpg,TRUE,pictures/stimuli/E,pictures/stimuli/E,M,M,1,5d1a01b9f9ab2100019e7678,"11/30/2021, 06:59:13"
1932,E_F_jennifer_aniston.jpg,E_M_tom_hankes.jpg,TRUE,pictures/stimuli/E,pictures/stimuli/E,F,M,1,5d1a01b9f9ab2100019e7678,"11/30/2021, 06:59:13"
1752,E_F_angelina_jolie.jpg,E_F_sandra_bullock.jpg,TRUE,pictures/stimuli/E,pictures/stimuli/E,F,F,1,5d1a01b9f9ab2100019e7678,"11/30/2021, 06:59:13"
1848,E_F_jennifer_aniston.jpg,E_M_Martin_Freeman.jpg,TRUE,pictures/stimuli/E,pictures/stimuli/E,F,M,1,5d1a01b9f9ab2100019e7678,"11/30/2021, 06:59:13"
2866,E_M_tom_hankes.jpg,P_M_george_Wbush.jpg,FALSE,pictures/stimuli/E,pictures/stimuli/P,M,M,6,5d1a01b9f9ab2100019e7678,"11/30/2021, 06:59:13"
2534,E_F_Kate_Winslet.jpg,P_M_boris_johnson.jpg,FALSE,pictures/stimuli/E,pictures/stimuli/P,F,M,6,5d1a01b9f9ab2100019e7678,"11/30/2021, 06:59:13"
2220,E_M_liam_neeson.jpg,E_M_robert_de_niro.jpg,TRUE,pictures/stimuli/E,pictures/stimuli/E,M,M,1,5d1a01b9f9ab2100019e7678,"11/30/2021, 06:59:13"
2603,E_M_Martin_Freeman.jpg,E_M_nicolas_cage.jpg,TRUE,pictures/stimuli/E,pictures/stimuli/E,M,M,1,5d1a01b9f9ab2100019e7678,"11/30/2021, 06:59:13"
2256,E_M_Hugh_Grant.jpg,E_M_nicolas_cage.jpg,TRUE,pictures/stimuli/E,pictures/stimuli/E,M,M,1,5d1a01b9f9ab2100019e7678,"11/30/2021, 06:59:13"
2088,E_M_tom_hankes.jpg,P_F_tehresy_may.jpg,FALSE,pictures/stimuli/E,pictures/stimuli/P,M,F,5,5d1a01b9f9ab2100019e7678,"11/30/2021, 06:59:13"
2349,E_F_Judi_Dench.jpg,P_F_angela_rayner.jpg,FALSE,pictures/stimuli/E,pictures/stimuli/P,F,F,5,5d1a01b9f9ab2100019e7678,"11/30/2021, 06:59:13"
2672,P_F_PRITI_PATEL.jpg,P_M_Tony_Blair.jpg,TRUE,pictures/stimuli/P,pictures/stimuli/P,F,M,4,5d1a01b9f9ab2100019e7678,"11/30/2021, 06:59:13"
3333,E_M_robert_de_niro.jpg,P_F_tehresy_may.jpg,FALSE,pictures/stimuli/E,pictures/stimuli/P,M,F,6,5d1a01b9f9ab2100019e7678,"11/30/2021, 06:59:13"
2835,E_M_anthony_hopkins.jpg,P_F_nicola_sturgeon.jpg,FALSE,pictures/stimuli/E,pictures/stimuli/P,M,F,2,5d1a01b9f9ab2100019e7678,"11/30/2021, 06:59:13"
3140,P_F_angela_rayner.jpg,P_M_bill_clinton.jpg,TRUE,pictures/stimuli/P,pictures/stimuli/P,F,M,3,5d1a01b9f9ab2100019e7678,"11/30/2021, 06:59:13"
2125,E_F_Kate_Winslet.jpg,E_M_michael_caine.jpg,TRUE,pictures/stimuli/E,pictures/stimuli/E,F,M,1,5d1a01b9f9ab2100019e7678,"11/30/2021, 06:59:13"
3136,E_F_Judi_Dench.jpg,P_M_bill_clinton.jpg,FALSE,pictures/stimuli/E,pictures/stimuli/P,F,M,5,5d1a01b9f9ab2100019e7678,"11/30/2021, 06:59:13"
1641,E_F_jennifer_aniston.jpg,E_F_Kate_Winslet.jpg,TRUE,pictures/stimuli/E,pictures/stimuli/E,F,F,1,5d1a01b9f9ab2100019e7678,"11/30/2021, 06:59:13"
3624,P_M_boris_johnson.jpg,P_M_donald_trump.jpg,TRUE,pictures/stimuli/P,pictures/stimuli/P,M,M,1,5d1a01b9f9ab2100019e7678,"11/30/2021, 06:59:13"
3484,E_M_liam_neeson.jpg,P_M_boris_johnson.jpg,FALSE,pictures/stimuli/E,pictures/stimuli/P,M,M,6,5d1a01b9f9ab2100019e7678,"11/30/2021, 06:59:13"
1902,E_M_tom_hankes.jpg,P_M_donald_trump.jpg,FALSE,pictures/stimuli/E,pictures/stimuli/P,M,M,6,5d1a01b9f9ab2100019e7678,"11/30/2021, 06:59:13"
2066,P_F_PRITI_PATEL.jpg,P_M_bill_clinton.jpg,TRUE,pictures/stimuli/P,pictures/stimuli/P,F,M,2,5d1a01b9f9ab2100019e7678,"11/30/2021, 06:59:13"
2431,E_F_Judi_Dench.jpg,E_M_anthony_hopkins.jpg,TRUE,pictures/stimuli/E,pictures/stimuli/E,F,M,4,5d1a01b9f9ab2100019e7678,"11/30/2021, 06:59:13"
2689,E_M_robert_de_niro.jpg,P_F_esther_mcvey.jpg,FALSE,pictures/stimuli/E,pictures/stimuli/P,M,F,5,5d1a01b9f9ab2100019e7678,"11/30/2021, 06:59:13"
5346,P_F_esther_mcvey.jpg,P_F_tehresy_may.jpg,TRUE,pictures/stimuli/P,pictures/stimuli/P,F,F,1,5d1a01b9f9ab2100019e7678,"11/30/2021, 06:59:13"
1833,E_F_Kate_Winslet.jpg,P_F_PRITI_PATEL.jpg,FALSE,pictures/stimuli/E,pictures/stimuli/P,F,F,5,5d1a01b9f9ab2100019e7678,"11/30/2021, 06:59:13"
1885,E_F_sandra_bullock.jpg,E_M_nicolas_cage.jpg,TRUE,pictures/stimuli/E,pictures/stimuli/E,F,M,1,5d1a01b9f9ab2100019e7678,"11/30/2021, 06:59:13"
2710,E_F_sandra_bullock.jpg,P_F_PRITI_PATEL.jpg,FALSE,pictures/stimuli/E,pictures/stimuli/P,F,F,5,5d1a01b9f9ab2100019e7678,"11/30/2021, 06:59:13"
2093,E_F_angelina_jolie.jpg,P_F_esther_mcvey.jpg,FALSE,pictures/stimuli/E,pictures/stimuli/P,F,F,6,5d1a01b9f9ab2100019e7678,"11/30/2021, 06:59:13"
2040,E_F_angelina_jolie.jpg,P_F_tehresy_may.jpg,FALSE,pictures/stimuli/E,pictures/stimuli/P,F,F,6,5d1a01b9f9ab2100019e7678,"11/30/2021, 06:59:13"
2548,E_M_liam_neeson.jpg,P_M_bill_clinton.jpg,FALSE,pictures/stimuli/E,pictures/stimuli/P,M,M,6,5d1a01b9f9ab2100019e7678,"11/30/2021, 06:59:13"
2168,P_F_nicola_sturgeon.jpg,P_M_george_Wbush.jpg,TRUE,pictures/stimuli/P,pictures/stimuli/P,F,M,1,5d1a01b9f9ab2100019e7678,"11/30/2021, 06:59:13"
3264,E_M_Martin_Freeman.jpg,P_F_nicola_sturgeon.jpg,FALSE,pictures/stimuli/E,pictures/stimuli/P,M,F,6,5d1a01b9f9ab2100019e7678,"11/30/2021, 06:59:13"
4859,P_F_tehresy_may.jpg,P_M_boris_johnson.jpg,TRUE,pictures/stimuli/P,pictures/stimuli/P,F,M,1,5d1a01b9f9ab2100019e7678,"11/30/2021, 06:59:13"
2636,E_F_Judi_Dench.jpg,P_M_david_cameron.jpg,FALSE,pictures/stimuli/E,pictures/stimuli/P,F,M,6,5d1a01b9f9ab2100019e7678,"11/30/2021, 06:59:13"
2118,E_M_liam_neeson.jpg,P_F_esther_mcvey.jpg,FALSE,pictures/stimuli/E,pictures/stimuli/P,M,F,6,5d1a01b9f9ab2100019e7678,"11/30/2021, 06:59:13"
3352,P_F_esther_mcvey.jpg,P_M_donald_trump.jpg,TRUE,pictures/stimuli/P,pictures/stimuli/P,F,M,1,5d1a01b9f9ab2100019e7678,"11/30/2021, 06:59:13"
1920,E_M_robert_de_niro.jpg,P_F_nicola_sturgeon.jpg,FALSE,pictures/stimuli/E,pictures/stimuli/P,M,F,6,5d1a01b9f9ab2100019e7678,"11/30/2021, 06:59:13"
2000,P_F_nicola_sturgeon.jpg,P_M_Tony_Blair.jpg,TRUE,pictures/stimuli/P,pictures/stimuli/P,F,M,1,5d1a01b9f9ab2100019e7678,"11/30/2021, 06:59:13"
2221,E_M_robert_de_niro.jpg,P_M_donald_trump.jpg,FALSE,pictures/stimuli/E,pictures/stimuli/P,M,M,6,5d1a01b9f9ab2100019e7678,"11/30/2021, 06:59:13"
3000,E_M_nicolas_cage.jpg,P_M_george_Wbush.jpg,FALSE,pictures/stimuli/E,pictures/stimuli/P,M,M,6,5d1a01b9f9ab2100019e7678,"11/30/2021, 06:59:13"
4554,P_M_david_cameron.jpg,P_M_Tony_Blair.jpg,TRUE,pictures/stimuli/P,pictures/stimuli/P,M,M,1,5d1a01b9f9ab2100019e7678,"11/30/2021, 06:59:13"
4567,E_M_nicolas_cage.jpg,P_F_angela_rayner.jpg,FALSE,pictures/stimuli/E,pictures/stimuli/P,M,F,6,5d1a01b9f9ab2100019e7678,"11/30/2021, 06:59:13"
1983,P_F_esther_mcvey.jpg,P_M_Tony_Blair.jpg,TRUE,pictures/stimuli/P,pictures/stimuli/P,F,M,1,5d1a01b9f9ab2100019e7678,"11/30/2021, 06:59:13"
2049,E_M_liam_neeson.jpg,P_F_PRITI_PATEL.jpg,FALSE,pictures/stimuli/E,pictures/stimuli/P,M,F,5,5d1a01b9f9ab2100019e7678,"11/30/2021, 06:59:13"
1859,E_F_sandra_bullock.jpg,P_F_angela_rayner.jpg,FALSE,pictures/stimuli/E,pictures/stimuli/P,F,F,5,5d1a01b9f9ab2100019e7678,"11/30/2021, 06:59:13"
2022,E_F_jennifer_aniston.jpg,P_F_PRITI_PATEL.jpg,FALSE,pictures/stimuli/E,pictures/stimuli/P,F,F,5,5d1a01b9f9ab2100019e7678,"11/30/2021, 06:59:13"
2758,E_F_keira_knightley.jpg,P_F_angela_rayner.jpg,FALSE,pictures/stimuli/E,pictures/stimuli/P,F,F,6,5d1a01b9f9ab2100019e7678,"11/30/2021, 06:59:13"
3316,E_M_robert_de_niro.jpg,P_M_Tony_Blair.jpg,FALSE,pictures/stimuli/E,pictures/stimuli/P,M,M,6,5d1a01b9f9ab2100019e7678,"11/30/2021, 06:59:13"
2588,E_M_Martin_Freeman.jpg,P_F_hillary_clinton.jpg,FALSE,pictures/stimuli/E,pictures/stimuli/P,M,F,6,5d1a01b9f9ab2100019e7678,"11/30/2021, 06:59:13"
2106,E_F_angelina_jolie.jpg,P_F_angela_rayner.jpg,FALSE,pictures/stimuli/E,pictures/stimuli/P,F,F,5,5d1a01b9f9ab2100019e7678,"11/30/2021, 06:59:13"
1886,P_F_hillary_clinton.jpg,P_M_donald_trump.jpg,TRUE,pictures/stimuli/P,pictures/stimuli/P,F,M,1,5d1a01b9f9ab2100019e7678,"11/30/2021, 06:59:13"
1796,E_M_tom_hankes.jpg,P_F_PRITI_PATEL.jpg,FALSE,pictures/stimuli/E,pictures/stimuli/P,M,F,5,5d1a01b9f9ab2100019e7678,"11/30/2021, 06:59:13"
2972,E_F_angelina_jolie.jpg,P_F_hillary_clinton.jpg,FALSE,pictures/stimuli/E,pictures/stimuli/P,F,F,6,5d1a01b9f9ab2100019e7678,"11/30/2021, 06:59:13"
2546,E_M_michael_caine.jpg,P_M_Tony_Blair.jpg,FALSE,pictures/stimuli/E,pictures/stimuli/P,M,M,6,5d1a01b9f9ab2100019e7678,"11/30/2021, 06:59:13"
2762,E_F_jennifer_aniston.jpg,P_F_angela_rayner.jpg,FALSE,pictures/stimuli/E,pictures/stimuli/P,F,F,5,5d1a01b9f9ab2100019e7678,"11/30/2021, 06:59:13"
3029,E_M_Hugh_Grant.jpg,E_M_robert_de_niro.jpg,TRUE,pictures/stimuli/E,pictures/stimuli/E,M,M,1,5d1a01b9f9ab2100019e7678,"11/30/2021, 06:59:13"
2032,E_F_jennifer_aniston.jpg,P_F_tehresy_may.jpg,FALSE,pictures/stimuli/E,pictures/stimuli/P,F,F,6,5d1a01b9f9ab2100019e7678,"11/30/2021, 06:59:13"
1859,E_M_robert_de_niro.jpg,P_M_david_cameron.jpg,FALSE,pictures/stimuli/E,pictures/stimuli/P,M,M,6,5d1a01b9f9ab2100019e7678,"11/30/2021, 06:59:13"
2398,E_M_anthony_hopkins.jpg,P_F_angela_rayner.jpg,FALSE,pictures/stimuli/E,pictures/stimuli/P,M,F,3,5d1a01b9f9ab2100019e7678,"11/30/2021, 06:59:13"
3147,E_M_Martin_Freeman.jpg,P_F_tehresy_may.jpg,FALSE,pictures/stimuli/E,pictures/stimuli/P,M,F,6,5d1a01b9f9ab2100019e7678,"11/30/2021, 06:59:13"
3356,P_F_hillary_clinton.jpg,P_M_bill_clinton.jpg,TRUE,pictures/stimuli/P,pictures/stimuli/P,F,M,1,5d1a01b9f9ab2100019e7678,"11/30/2021, 06:59:13"
2365,E_M_Martin_Freeman.jpg,P_M_bill_clinton.jpg,FALSE,pictures/stimuli/E,pictures/stimuli/P,M,M,6,5d1a01b9f9ab2100019e7678,"11/30/2021, 06:59:13"
3540,P_F_angela_rayner.jpg,P_M_Tony_Blair.jpg,TRUE,pictures/stimuli/P,pictures/stimuli/P,F,M,2,5d1a01b9f9ab2100019e7678,"11/30/2021, 06:59:13"
7526,E_F_Judi_Dench.jpg,P_F_PRITI_PATEL.jpg,FALSE,pictures/stimuli/E,pictures/stimuli/P,F,F,5,5d1a01b9f9ab2100019e7678,"11/30/2021, 06:59:13"
5137,E_M_robert_de_niro.jpg,P_F_PRITI_PATEL.jpg,FALSE,pictures/stimuli/E,pictures/stimuli/P,M,F,5,5d1a01b9f9ab2100019e7678,"11/30/2021, 06:59:13"
5539,P_F_hillary_clinton.jpg,P_M_boris_johnson.jpg,TRUE,pictures/stimuli/P,pictures/stimuli/P,F,M,1,5d1a01b9f9ab2100019e7678,"11/30/2021, 06:59:13"
3108,E_F_Judi_Dench.jpg,E_M_robert_de_niro.jpg,TRUE,pictures/stimuli/E,pictures/stimuli/E,F,M,1,5d1a01b9f9ab2100019e7678,"11/30/2021, 06:59:13"
2208,E_M_anthony_hopkins.jpg,P_F_esther_mcvey.jpg,FALSE,pictures/stimuli/E,pictures/stimuli/P,M,F,3,5d1a01b9f9ab2100019e7678,"11/30/2021, 06:59:13"
2589,E_M_anthony_hopkins.jpg,P_F_hillary_clinton.jpg,FALSE,pictures/stimuli/E,pictures/stimuli/P,M,F,3,5d1a01b9f9ab2100019e7678,"11/30/2021, 06:59:13"
2111,P_F_angela_rayner.jpg,P_M_david_cameron.jpg,TRUE,pictures/stimuli/P,pictures/stimuli/P,F,M,3,5d1a01b9f9ab2100019e7678,"11/30/2021, 06:59:13"
2445,E_M_anthony_hopkins.jpg,P_F_tehresy_may.jpg,FALSE,pictures/stimuli/E,pictures/stimuli/P,M,F,3,5d1a01b9f9ab2100019e7678,"11/30/2021, 06:59:13"
4209,P_F_hillary_clinton.jpg,P_M_Tony_Blair.jpg,TRUE,pictures/stimuli/P,pictures/stimuli/P,F,M,1,5d1a01b9f9ab2100019e7678,"11/30/2021, 06:59:13"
2506,E_F_angelina_jolie.jpg,E_M_Hugh_Grant.jpg,TRUE,pictures/stimuli/E,pictures/stimuli/E,F,M,1,5d1a01b9f9ab2100019e7678,"11/30/2021, 06:59:13"
3485,E_F_sandra_bullock.jpg,P_F_hillary_clinton.jpg,FALSE,pictures/stimuli/E,pictures/stimuli/P,F,F,6,5d1a01b9f9ab2100019e7678,"11/30/2021, 06:59:13"
2866,E_M_liam_neeson.jpg,P_F_nicola_sturgeon.jpg,FALSE,pictures/stimuli/E,pictures/stimuli/P,M,F,6,5d1a01b9f9ab2100019e7678,"11/30/2021, 06:59:13"
2620,E_M_tom_hankes.jpg,P_M_david_cameron.jpg,FALSE,pictures/stimuli/E,pictures/stimuli/P,M,M,6,5d1a01b9f9ab2100019e7678,"11/30/2021, 06:59:13"
2886,P_M_bill_clinton.jpg,P_M_boris_johnson.jpg,TRUE,pictures/stimuli/P,pictures/stimuli/P,M,M,1,5d1a01b9f9ab2100019e7678,"11/30/2021, 06:59:13"
3038,E_F_jennifer_aniston.jpg,P_F_hillary_clinton.jpg,FALSE,pictures/stimuli/E,pictures/stimuli/P,F,F,6,5d1a01b9f9ab2100019e7678,"11/30/2021, 06:59:13"
3407,E_M_anthony_hopkins.jpg,E_M_michael_caine.jpg,TRUE,pictures/stimuli/E,pictures/stimuli/E,M,M,4,5d1a01b9f9ab2100019e7678,"11/30/2021, 06:59:13"
3316,E_F_angelina_jolie.jpg,E_M_michael_caine.jpg,TRUE,pictures/stimuli/E,pictures/stimuli/E,F,M,1,5d1a01b9f9ab2100019e7678,"11/30/2021, 06:59:13"
2518,E_M_anthony_hopkins.jpg,E_M_robert_de_niro.jpg,TRUE,pictures/stimuli/E,pictures/stimuli/E,M,M,4,5d1a01b9f9ab2100019e7678,"11/30/2021, 06:59:13"
2068,E_M_Hugh_Grant.jpg,P_M_george_Wbush.jpg,FALSE,pictures/stimuli/E,pictures/stimuli/P,M,M,6,5d1a01b9f9ab2100019e7678,"11/30/2021, 06:59:13"
2245,E_F_sandra_bullock.jpg,E_M_michael_caine.jpg,TRUE,pictures/stimuli/E,pictures/stimuli/E,F,M,1,5d1a01b9f9ab2100019e7678,"11/30/2021, 06:59:13"
2828,E_M_tom_hankes.jpg,P_M_Tony_Blair.jpg,FALSE,pictures/stimuli/E,pictures/stimuli/P,M,M,6,5d1a01b9f9ab2100019e7678,"11/30/2021, 06:59:13"
3427,E_M_liam_neeson.jpg,P_M_george_Wbush.jpg,FALSE,pictures/stimuli/E,pictures/stimuli/P,M,M,6,5d1a01b9f9ab2100019e7678,"11/30/2021, 06:59:13"
1748,E_F_jennifer_aniston.jpg,P_M_Tony_Blair.jpg,FALSE,pictures/stimuli/E,pictures/stimuli/P,F,M,6,5d1a01b9f9ab2100019e7678,"11/30/2021, 06:59:13"
3066,E_F_jennifer_aniston.jpg,P_F_nicola_sturgeon.jpg,FALSE,pictures/stimuli/E,pictures/stimuli/P,F,F,6,5d1a01b9f9ab2100019e7678,"11/30/2021, 06:59:13"
2435,E_F_angelina_jolie.jpg,E_M_anthony_hopkins.jpg,TRUE,pictures/stimuli/E,pictures/stimuli/E,F,M,4,5d1a01b9f9ab2100019e7678,"11/30/2021, 06:59:13"
2818,P_F_PRITI_PATEL.jpg,P_F_tehresy_may.jpg,TRUE,pictures/stimuli/P,pictures/stimuli/P,F,F,2,5d1a01b9f9ab2100019e7678,"11/30/2021, 06:59:13"
2251,P_F_esther_mcvey.jpg,P_F_hillary_clinton.jpg,TRUE,pictures/stimuli/P,pictures/stimuli/P,F,F,1,5d1a01b9f9ab2100019e7678,"11/30/2021, 06:59:13"
2097,E_M_Hugh_Grant.jpg,P_F_nicola_sturgeon.jpg,FALSE,pictures/stimuli/E,pictures/stimuli/P,M,F,6,5d1a01b9f9ab2100019e7678,"11/30/2021, 06:59:13"
2157,E_F_Kate_Winslet.jpg,P_F_angela_rayner.jpg,FALSE,pictures/stimuli/E,pictures/stimuli/P,F,F,4,5d1a01b9f9ab2100019e7678,"11/30/2021, 06:59:13"
2274,P_F_hillary_clinton.jpg,P_M_george_Wbush.jpg,TRUE,pictures/stimuli/P,pictures/stimuli/P,F,M,1,5d1a01b9f9ab2100019e7678,"11/30/2021, 06:59:13"
1866,E_F_sandra_bullock.jpg,P_M_bill_clinton.jpg,FALSE,pictures/stimuli/E,pictures/stimuli/P,F,M,6,5d1a01b9f9ab2100019e7678,"11/30/2021, 06:59:13"
2066,E_M_michael_caine.jpg,P_M_donald_trump.jpg,FALSE,pictures/stimuli/E,pictures/stimuli/P,M,M,6,5d1a01b9f9ab2100019e7678,"11/30/2021, 06:59:13"
2262,E_F_jennifer_aniston.jpg,E_M_liam_neeson.jpg,TRUE,pictures/stimuli/E,pictures/stimuli/E,F,M,1,5d1a01b9f9ab2100019e7678,"11/30/2021, 06:59:13"
2250,E_M_anthony_hopkins.jpg,P_M_boris_johnson.jpg,FALSE,pictures/stimuli/E,pictures/stimuli/P,M,M,2,5d1a01b9f9ab2100019e7678,"11/30/2021, 06:59:13"
2532,E_F_angelina_jolie.jpg,E_M_liam_neeson.jpg,TRUE,pictures/stimuli/E,pictures/stimuli/E,F,M,1,5d1a01b9f9ab2100019e7678,"11/30/2021, 06:59:13"
2097,E_M_robert_de_niro.jpg,P_M_boris_johnson.jpg,FALSE,pictures/stimuli/E,pictures/stimuli/P,M,M,6,5d1a01b9f9ab2100019e7678,"11/30/2021, 06:59:13"
4604,E_M_Martin_Freeman.jpg,P_F_esther_mcvey.jpg,FALSE,pictures/stimuli/E,pictures/stimuli/P,M,F,6,5d1a01b9f9ab2100019e7678,"11/30/2021, 06:59:13"
1925,E_F_angelina_jolie.jpg,P_F_nicola_sturgeon.jpg,FALSE,pictures/stimuli/E,pictures/stimuli/P,F,F,6,5d1a01b9f9ab2100019e7678,"11/30/2021, 06:59:13"
4313,E_F_keira_knightley.jpg,E_M_nicolas_cage.jpg,TRUE,pictures/stimuli/E,pictures/stimuli/E,F,M,1,5d1a01b9f9ab2100019e7678,"11/30/2021, 06:59:13"
3114,E_F_Kate_Winslet.jpg,P_M_bill_clinton.jpg,FALSE,pictures/stimuli/E,pictures/stimuli/P,F,M,6,5d1a01b9f9ab2100019e7678,"11/30/2021, 06:59:13"
3225,E_M_Martin_Freeman.jpg,P_M_donald_trump.jpg,FALSE,pictures/stimuli/E,pictures/stimuli/P,M,M,6,5d1a01b9f9ab2100019e7678,"11/30/2021, 06:59:13"
2374,E_F_Kate_Winslet.jpg,E_F_sandra_bullock.jpg,TRUE,pictures/stimuli/E,pictures/stimuli/E,F,F,1,5d1a01b9f9ab2100019e7678,"11/30/2021, 06:59:13"
3096,E_M_robert_de_niro.jpg,P_F_hillary_clinton.jpg,FALSE,pictures/stimuli/E,pictures/stimuli/P,M,F,6,5d1a01b9f9ab2100019e7678,"11/30/2021, 06:59:13"
2077,E_F_Kate_Winslet.jpg,E_F_keira_knightley.jpg,TRUE,pictures/stimuli/E,pictures/stimuli/E,F,F,1,5d1a01b9f9ab2100019e7678,"11/30/2021, 06:59:13"
2129,E_M_Martin_Freeman.jpg,P_M_david_cameron.jpg,FALSE,pictures/stimuli/E,pictures/stimuli/P,M,M,6,5d1a01b9f9ab2100019e7678,"11/30/2021, 06:59:13"
1895,E_M_Hugh_Grant.jpg,P_M_boris_johnson.jpg,FALSE,pictures/stimuli/E,pictures/stimuli/P,M,M,6,5d1a01b9f9ab2100019e7678,"11/30/2021, 06:59:13"
2427,E_M_liam_neeson.jpg,P_M_Tony_Blair.jpg,FALSE,pictures/stimuli/E,pictures/stimuli/P,M,M,6,5d1a01b9f9ab2100019e7678,"11/30/2021, 06:59:13"
2366,E_M_Hugh_Grant.jpg,P_F_esther_mcvey.jpg,FALSE,pictures/stimuli/E,pictures/stimuli/P,M,F,6,5d1a01b9f9ab2100019e7678,"11/30/2021, 06:59:13"
2086,E_F_Judi_Dench.jpg,P_M_Tony_Blair.jpg,FALSE,pictures/stimuli/E,pictures/stimuli/P,F,M,6,5d1a01b9f9ab2100019e7678,"11/30/2021, 06:59:13"
2886,E_M_nicolas_cage.jpg,P_M_donald_trump.jpg,FALSE,pictures/stimuli/E,pictures/stimuli/P,M,M,6,5d1a01b9f9ab2100019e7678,"11/30/2021, 06:59:13"
2873,E_M_Hugh_Grant.jpg,P_M_donald_trump.jpg,FALSE,pictures/stimuli/E,pictures/stimuli/P,M,M,6,5d1a01b9f9ab2100019e7678,"11/30/2021, 06:59:13"
2821,P_M_david_cameron.jpg,P_M_donald_trump.jpg,TRUE,pictures/stimuli/P,pictures/stimuli/P,M,M,1,5d1a01b9f9ab2100019e7678,"11/30/2021, 06:59:13"
2959,E_F_sandra_bullock.jpg,E_M_anthony_hopkins.jpg,TRUE,pictures/stimuli/E,pictures/stimuli/E,F,M,4,5d1a01b9f9ab2100019e7678,"11/30/2021, 06:59:13"
2513,P_F_esther_mcvey.jpg,P_M_bill_clinton.jpg,TRUE,pictures/stimuli/P,pictures/stimuli/P,F,M,1,5d1a01b9f9ab2100019e7678,"11/30/2021, 06:59:13"
2221,E_F_Kate_Winslet.jpg,E_M_tom_hankes.jpg,TRUE,pictures/stimuli/E,pictures/stimuli/E,F,M,1,5d1a01b9f9ab2100019e7678,"11/30/2021, 06:59:13"
2415,P_F_esther_mcvey.jpg,P_M_david_cameron.jpg,TRUE,pictures/stimuli/P,pictures/stimuli/P,F,M,1,5d1a01b9f9ab2100019e7678,"11/30/2021, 06:59:13"
2053,P_M_boris_johnson.jpg,P_M_david_cameron.jpg,TRUE,pictures/stimuli/P,pictures/stimuli/P,M,M,1,5d1a01b9f9ab2100019e7678,"11/30/2021, 06:59:13"
2548,E_M_anthony_hopkins.jpg,E_M_nicolas_cage.jpg,TRUE,pictures/stimuli/E,pictures/stimuli/E,M,M,2,5d1a01b9f9ab2100019e7678,"11/30/2021, 06:59:13"
2414,P_F_esther_mcvey.jpg,P_F_PRITI_PATEL.jpg,TRUE,pictures/stimuli/P,pictures/stimuli/P,F,F,3,5d1a01b9f9ab2100019e7678,"11/30/2021, 06:59:13"
2316,E_F_Kate_Winslet.jpg,P_F_esther_mcvey.jpg,FALSE,pictures/stimuli/E,pictures/stimuli/P,F,F,6,5d1a01b9f9ab2100019e7678,"11/30/2021, 06:59:13"
2969,P_F_hillary_clinton.jpg,P_F_PRITI_PATEL.jpg,TRUE,pictures/stimuli/P,pictures/stimuli/P,F,F,3,5d1a01b9f9ab2100019e7678,"11/30/2021, 06:59:13"
1893,E_M_Hugh_Grant.jpg,P_M_Tony_Blair.jpg,FALSE,pictures/stimuli/E,pictures/stimuli/P,M,M,6,5d1a01b9f9ab2100019e7678,"11/30/2021, 06:59:13"
2385,E_M_Hugh_Grant.jpg,P_M_bill_clinton.jpg,FALSE,pictures/stimuli/E,pictures/stimuli/P,M,M,6,5d1a01b9f9ab2100019e7678,"11/30/2021, 06:59:13"
2291,E_M_robert_de_niro.jpg,P_M_bill_clinton.jpg,FALSE,pictures/stimuli/E,pictures/stimuli/P,M,M,6,5d1a01b9f9ab2100019e7678,"11/30/2021, 06:59:13"
1714,E_F_angelina_jolie.jpg,P_M_donald_trump.jpg,FALSE,pictures/stimuli/E,pictures/stimuli/P,F,M,6,5d1a01b9f9ab2100019e7678,"11/30/2021, 06:59:13"
2555,E_M_Martin_Freeman.jpg,P_M_Tony_Blair.jpg,FALSE,pictures/stimuli/E,pictures/stimuli/P,M,M,6,5d1a01b9f9ab2100019e7678,"11/30/2021, 06:59:13"
2232,E_M_nicolas_cage.jpg,P_M_david_cameron.jpg,FALSE,pictures/stimuli/E,pictures/stimuli/P,M,M,6,5d1a01b9f9ab2100019e7678,"11/30/2021, 06:59:13"
3801,P_F_nicola_sturgeon.jpg,P_M_bill_clinton.jpg,TRUE,pictures/stimuli/P,pictures/stimuli/P,F,M,1,5d1a01b9f9ab2100019e7678,"11/30/2021, 06:59:13"
2790,E_F_jennifer_aniston.jpg,E_F_Judi_Dench.jpg,TRUE,pictures/stimuli/E,pictures/stimuli/E,F,F,2,5d1a01b9f9ab2100019e7678,"11/30/2021, 06:59:13"
2723,E_M_anthony_hopkins.jpg,P_F_PRITI_PATEL.jpg,FALSE,pictures/stimuli/E,pictures/stimuli/P,M,F,3,5d1a01b9f9ab2100019e7678,"11/30/2021, 06:59:13"
1903,E_M_robert_de_niro.jpg,P_M_george_Wbush.jpg,FALSE,pictures/stimuli/E,pictures/stimuli/P,M,M,6,5d1a01b9f9ab2100019e7678,"11/30/2021, 06:59:13"
2609,E_M_liam_neeson.jpg,P_F_angela_rayner.jpg,FALSE,pictures/stimuli/E,pictures/stimuli/P,M,F,4,5d1a01b9f9ab2100019e7678,"11/30/2021, 06:59:13"
2010,E_M_Martin_Freeman.jpg,P_M_boris_johnson.jpg,FALSE,pictures/stimuli/E,pictures/stimuli/P,M,M,6,5d1a01b9f9ab2100019e7678,"11/30/2021, 06:59:13"
2229,P_M_bill_clinton.jpg,P_M_david_cameron.jpg,TRUE,pictures/stimuli/P,pictures/stimuli/P,M,M,1,5d1a01b9f9ab2100019e7678,"11/30/2021, 06:59:13"
3220,E_F_angelina_jolie.jpg,P_M_Tony_Blair.jpg,FALSE,pictures/stimuli/E,pictures/stimuli/P,F,M,6,5d1a01b9f9ab2100019e7678,"11/30/2021, 06:59:13"
2609,E_F_angelina_jolie.jpg,E_F_Kate_Winslet.jpg,TRUE,pictures/stimuli/E,pictures/stimuli/E,F,F,1,5d1a01b9f9ab2100019e7678,"11/30/2021, 06:59:13"
2216,E_F_angelina_jolie.jpg,E_M_tom_hankes.jpg,TRUE,pictures/stimuli/E,pictures/stimuli/E,F,M,1,5d1a01b9f9ab2100019e7678,"11/30/2021, 06:59:13"
2167,P_F_tehresy_may.jpg,P_M_Tony_Blair.jpg,TRUE,pictures/stimuli/P,pictures/stimuli/P,F,M,1,5d1a01b9f9ab2100019e7678,"11/30/2021, 06:59:13"
2517,P_F_nicola_sturgeon.jpg,P_M_david_cameron.jpg,TRUE,pictures/stimuli/P,pictures/stimuli/P,F,M,1,5d1a01b9f9ab2100019e7678,"11/30/2021, 06:59:13"
2866,P_F_PRITI_PATEL.jpg,P_M_david_cameron.jpg,TRUE,pictures/stimuli/P,pictures/stimuli/P,F,M,3,5d1a01b9f9ab2100019e7678,"11/30/2021, 06:59:13"
2273,E_F_Judi_Dench.jpg,E_F_Kate_Winslet.jpg,TRUE,pictures/stimuli/E,pictures/stimuli/E,F,F,1,5d1a01b9f9ab2100019e7678,"11/30/2021, 06:59:13"
2382,E_M_Hugh_Grant.jpg,P_F_hillary_clinton.jpg,FALSE,pictures/stimuli/E,pictures/stimuli/P,M,F,6,5d1a01b9f9ab2100019e7678,"11/30/2021, 06:59:13"
3133,E_F_keira_knightley.jpg,E_F_sandra_bullock.jpg,TRUE,pictures/stimuli/E,pictures/stimuli/E,F,F,1,5d1a01b9f9ab2100019e7678,"11/30/2021, 06:59:13"
3229,E_F_keira_knightley.jpg,P_M_george_Wbush.jpg,FALSE,pictures/stimuli/E,pictures/stimuli/P,F,M,6,5d1a01b9f9ab2100019e7678,"11/30/2021, 06:59:13"
2252,P_F_nicola_sturgeon.jpg,P_F_PRITI_PATEL.jpg,TRUE,pictures/stimuli/P,pictures/stimuli/P,F,F,3,5d1a01b9f9ab2100019e7678,"11/30/2021, 06:59:13"
2116,E_M_tom_hankes.jpg,P_F_esther_mcvey.jpg,FALSE,pictures/stimuli/E,pictures/stimuli/P,M,F,6,5d1a01b9f9ab2100019e7678,"11/30/2021, 06:59:13"
2287,P_M_george_Wbush.jpg,P_M_Tony_Blair.jpg,TRUE,pictures/stimuli/P,pictures/stimuli/P,M,M,1,5d1a01b9f9ab2100019e7678,"11/30/2021, 06:59:13"
2765,E_M_robert_de_niro.jpg,E_M_tom_hankes.jpg,TRUE,pictures/stimuli/E,pictures/stimuli/E,M,M,1,5d1a01b9f9ab2100019e7678,"11/30/2021, 06:59:13"
2013,E_M_michael_caine.jpg,P_M_david_cameron.jpg,FALSE,pictures/stimuli/E,pictures/stimuli/P,M,M,6,5d1a01b9f9ab2100019e7678,"11/30/2021, 06:59:13"
1933,P_M_donald_trump.jpg,P_M_Tony_Blair.jpg,TRUE,pictures/stimuli/P,pictures/stimuli/P,M,M,1,5d1a01b9f9ab2100019e7678,"11/30/2021, 06:59:13"
1985,E_F_sandra_bullock.jpg,P_F_nicola_sturgeon.jpg,FALSE,pictures/stimuli/E,pictures/stimuli/P,F,F,6,5d1a01b9f9ab2100019e7678,"11/30/2021, 06:59:13"
2100,E_F_Judi_Dench.jpg,E_M_Hugh_Grant.jpg,TRUE,pictures/stimuli/E,pictures/stimuli/E,F,M,2,5d1a01b9f9ab2100019e7678,"11/30/2021, 06:59:13"
2277,E_F_keira_knightley.jpg,P_F_hillary_clinton.jpg,FALSE,pictures/stimuli/E,pictures/stimuli/P,F,F,6,5d1a01b9f9ab2100019e7678,"11/30/2021, 06:59:13"
1954,E_F_angelina_jolie.jpg,P_M_boris_johnson.jpg,FALSE,pictures/stimuli/E,pictures/stimuli/P,F,M,6,5d1a01b9f9ab2100019e7678,"11/30/2021, 06:59:13"
2053,E_M_anthony_hopkins.jpg,P_M_Tony_Blair.jpg,FALSE,pictures/stimuli/E,pictures/stimuli/P,M,M,3,5d1a01b9f9ab2100019e7678,"11/30/2021, 06:59:13"
2343,E_M_nicolas_cage.jpg,E_M_robert_de_niro.jpg,TRUE,pictures/stimuli/E,pictures/stimuli/E,M,M,6,5d1a01b9f9ab2100019e7678,"11/30/2021, 06:59:13"
2755,E_M_nicolas_cage.jpg,P_F_tehresy_may.jpg,FALSE,pictures/stimuli/E,pictures/stimuli/P,M,F,6,5d1a01b9f9ab2100019e7678,"11/30/2021, 06:59:13"
2800,E_M_nicolas_cage.jpg,P_F_nicola_sturgeon.jpg,FALSE,pictures/stimuli/E,pictures/stimuli/P,M,F,6,5d1a01b9f9ab2100019e7678,"11/30/2021, 06:59:13"
1698,E_M_Hugh_Grant.jpg,P_F_tehresy_may.jpg,FALSE,pictures/stimuli/E,pictures/stimuli/P,M,F,6,5d1a01b9f9ab2100019e7678,"11/30/2021, 06:59:13"
2400,E_F_keira_knightley.jpg,P_F_PRITI_PATEL.jpg,FALSE,pictures/stimuli/E,pictures/stimuli/P,F,F,4,5d1a01b9f9ab2100019e7678,"11/30/2021, 06:59:13"
2220,E_F_jennifer_aniston.jpg,E_M_anthony_hopkins.jpg,TRUE,pictures/stimuli/E,pictures/stimuli/E,F,M,4,5d1a01b9f9ab2100019e7678,"11/30/2021, 06:59:13"
2499,E_M_anthony_hopkins.jpg,P_M_david_cameron.jpg,FALSE,pictures/stimuli/E,pictures/stimuli/P,M,M,3,5d1a01b9f9ab2100019e7678,"11/30/2021, 06:59:13"
2883,E_F_Kate_Winslet.jpg,E_M_Martin_Freeman.jpg,TRUE,pictures/stimuli/E,pictures/stimuli/E,F,M,1,5d1a01b9f9ab2100019e7678,"11/30/2021, 06:59:13"
2025,E_M_tom_hankes.jpg,P_F_angela_rayner.jpg,FALSE,pictures/stimuli/E,pictures/stimuli/P,M,F,4,5d1a01b9f9ab2100019e7678,"11/30/2021, 06:59:13"
1868,E_F_sandra_bullock.jpg,P_M_donald_trump.jpg,FALSE,pictures/stimuli/E,pictures/stimuli/P,F,M,6,5d1a01b9f9ab2100019e7678,"11/30/2021, 06:59:13"
2487,P_F_nicola_sturgeon.jpg,P_M_boris_johnson.jpg,TRUE,pictures/stimuli/P,pictures/stimuli/P,F,M,1,5d1a01b9f9ab2100019e7678,"11/30/2021, 06:59:13"
file,isFamiliar,5d1a01b9f9ab2100019e7678,"11/30/2021, 06:59:13"
E_M_michael_caine.jpg,1,5d1a01b9f9ab2100019e7678,"11/30/2021, 06:59:13"
P_F_tehresy_may.jpg,1,5d1a01b9f9ab2100019e7678,"11/30/2021, 06:59:13"
E_M_liam_neeson.jpg,1,5d1a01b9f9ab2100019e7678,"11/30/2021, 06:59:13"
E_F_Judi_Dench.jpg,1,5d1a01b9f9ab2100019e7678,"11/30/2021, 06:59:13"
P_M_george_Wbush.jpg,1,5d1a01b9f9ab2100019e7678,"11/30/2021, 06:59:13"
P_M_boris_johnson.jpg,1,5d1a01b9f9ab2100019e7678,"11/30/2021, 06:59:13"
E_M_Martin_Freeman.jpg,1,5d1a01b9f9ab2100019e7678,"11/30/2021, 06:59:13"
P_F_esther_mcvey.jpg,0,5d1a01b9f9ab2100019e7678,"11/30/2021, 06:59:13"
E_F_Kate_Winslet.jpg,1,5d1a01b9f9ab2100019e7678,"11/30/2021, 06:59:13"
P_M_david_cameron.jpg,1,5d1a01b9f9ab2100019e7678,"11/30/2021, 06:59:13"
E_M_robert_de_niro.jpg,1,5d1a01b9f9ab2100019e7678,"11/30/2021, 06:59:13"
E_F_sandra_bullock.jpg,1,5d1a01b9f9ab2100019e7678,"11/30/2021, 06:59:13"
E_F_keira_knightley.jpg,1,5d1a01b9f9ab2100019e7678,"11/30/2021, 06:59:13"
E_M_anthony_hopkins.jpg,0,5d1a01b9f9ab2100019e7678,"11/30/2021, 06:59:13"
E_M_nicolas_cage.jpg,1,5d1a01b9f9ab2100019e7678,"11/30/2021, 06:59:13"
P_F_angela_rayner.jpg,0,5d1a01b9f9ab2100019e7678,"11/30/2021, 06:59:13"
E_F_jennifer_aniston.jpg,1,5d1a01b9f9ab2100019e7678,"11/30/2021, 06:59:13"
P_F_nicola_sturgeon.jpg,1,5d1a01b9f9ab2100019e7678,"11/30/2021, 06:59:13"
P_M_Tony_Blair.jpg,1,5d1a01b9f9ab2100019e7678,"11/30/2021, 06:59:13"
P_F_PRITI_PATEL.jpg,0,5d1a01b9f9ab2100019e7678,"11/30/2021, 06:59:13"
P_F_hillary_clinton.jpg,1,5d1a01b9f9ab2100019e7678,"11/30/2021, 06:59:13"
P_M_donald_trump.jpg,1,5d1a01b9f9ab2100019e7678,"11/30/2021, 06:59:13"
E_M_tom_hankes.jpg,1,5d1a01b9f9ab2100019e7678,"11/30/2021, 06:59:13"
E_F_angelina_jolie.jpg,1,5d1a01b9f9ab2100019e7678,"11/30/2021, 06:59:13"
E_M_Hugh_Grant.jpg,1,5d1a01b9f9ab2100019e7678,"11/30/2021, 06:59:13"
P_M_bill_clinton.jpg,1,5d1a01b9f9ab2100019e7678,"11/30/2021, 06:59:13"
age: 29,gender: Female,handedness: right,5d1a01b9f9ab2100019e7678,"11/30/2021, 06:59:13"