RT,img_1,img_2,isSameProffesion,img1proffesion,img2proffesion,img1Gender,img2Gender,keyPressed,5b73e17f1f4c3c0001516dd7,"06/19/2022, 14:49:16"
4544,E_guri2-250x310.jpg,Politics_benet.jpg,FALSE,pictures/stimuli/E,pictures/stimuli/P,M,M,5,5b73e17f1f4c3c0001516dd7,"06/19/2022, 14:49:16"
11849,Entertainment_har_lev.jpg,Entertainment_mushonov.jpg,TRUE,pictures/stimuli/E,pictures/stimuli/E,F,M,5,5b73e17f1f4c3c0001516dd7,"06/19/2022, 14:49:16"
3674,Entertainment_yanai.jpg,Politics_liberman2.jpg,FALSE,pictures/stimuli/E,pictures/stimuli/P,F,M,5,5b73e17f1f4c3c0001516dd7,"06/19/2022, 14:49:16"
3979,Politics_lapid.jpg,Politics_yehimovitz.jpg,TRUE,pictures/stimuli/P,pictures/stimuli/P,M,F,5,5b73e17f1f4c3c0001516dd7,"06/19/2022, 14:49:16"
2848,Entertainment_shimi.jpg,Politics_yehimovitz.jpg,FALSE,pictures/stimuli/E,pictures/stimuli/P,M,F,6,5b73e17f1f4c3c0001516dd7,"06/19/2022, 14:49:16"
2196,E_guri2-250x310.jpg,Entertainment_har_lev.jpg,TRUE,pictures/stimuli/E,pictures/stimuli/E,M,F,4,5b73e17f1f4c3c0001516dd7,"06/19/2022, 14:49:16"
5131,Politics_liberman2.jpg,Politics_zamir.jpg,TRUE,pictures/stimuli/P,pictures/stimuli/P,M,M,3,5b73e17f1f4c3c0001516dd7,"06/19/2022, 14:49:16"
2080,Politics_benet.jpg,Politics_yehimovitz.jpg,TRUE,pictures/stimuli/P,pictures/stimuli/P,M,F,5,5b73e17f1f4c3c0001516dd7,"06/19/2022, 14:49:16"
2201,Entertainment_Ivri2.jpg,Entertainment_shani.jpg,TRUE,pictures/stimuli/E,pictures/stimuli/E,M,F,4,5b73e17f1f4c3c0001516dd7,"06/19/2022, 14:49:16"
3208,E_guri2-250x310.jpg,Entertainment_shimi.jpg,TRUE,pictures/stimuli/E,pictures/stimuli/E,M,M,5,5b73e17f1f4c3c0001516dd7,"06/19/2022, 14:49:16"
5250,Entertainment_HassonShaher.jpg,Politics_shaked.jpg,FALSE,pictures/stimuli/E,pictures/stimuli/P,M,F,4,5b73e17f1f4c3c0001516dd7,"06/19/2022, 14:49:16"
3797,Entertainment_ornaBanai.jpg,Politics_yehimovitz.jpg,FALSE,pictures/stimuli/E,pictures/stimuli/P,F,F,3,5b73e17f1f4c3c0001516dd7,"06/19/2022, 14:49:16"
3470,E_katorza2-250x341.jpg,Entertainment_ornaBanai.jpg,TRUE,pictures/stimuli/E,pictures/stimuli/E,M,F,4,5b73e17f1f4c3c0001516dd7,"06/19/2022, 14:49:16"
2569,Entertainment_har_lev.jpg,Entertainment_shani.jpg,TRUE,pictures/stimuli/E,pictures/stimuli/E,F,F,2,5b73e17f1f4c3c0001516dd7,"06/19/2022, 14:49:16"
3482,Entertainment_HassonShaher.jpg,Politics_smootch.jpg,FALSE,pictures/stimuli/E,pictures/stimuli/P,M,M,5,5b73e17f1f4c3c0001516dd7,"06/19/2022, 14:49:16"
2630,Entertainment_shimi.jpg,Politics_lapid.jpg,FALSE,pictures/stimuli/E,pictures/stimuli/P,M,M,3,5b73e17f1f4c3c0001516dd7,"06/19/2022, 14:49:16"
2886,E_guri2-250x310.jpg,Entertainment_rita.jpg,TRUE,pictures/stimuli/E,pictures/stimuli/E,M,F,4,5b73e17f1f4c3c0001516dd7,"06/19/2022, 14:49:16"
3317,E_katorza2-250x341.jpg,Entertainment_yanai.jpg,TRUE,pictures/stimuli/E,pictures/stimuli/E,M,F,5,5b73e17f1f4c3c0001516dd7,"06/19/2022, 14:49:16"
2168,Politics_peretz.jpg,Politics_smootch.jpg,TRUE,pictures/stimuli/P,pictures/stimuli/P,M,M,3,5b73e17f1f4c3c0001516dd7,"06/19/2022, 14:49:16"
3304,Entertainment_har_lev.jpg,Politics_benet.jpg,FALSE,pictures/stimuli/E,pictures/stimuli/P,F,M,5,5b73e17f1f4c3c0001516dd7,"06/19/2022, 14:49:16"
1830,Entertainment_mushonov.jpg,Entertainment_shani.jpg,TRUE,pictures/stimuli/E,pictures/stimuli/E,M,F,5,5b73e17f1f4c3c0001516dd7,"06/19/2022, 14:49:16"
2552,Entertainment_ornaBanai.jpg,Entertainment_shimi.jpg,TRUE,pictures/stimuli/E,pictures/stimuli/E,F,M,3,5b73e17f1f4c3c0001516dd7,"06/19/2022, 14:49:16"
3686,Entertainment_har_lev.jpg,Politics_liberman2.jpg,FALSE,pictures/stimuli/E,pictures/stimuli/P,F,M,5,5b73e17f1f4c3c0001516dd7,"06/19/2022, 14:49:16"
2023,Entertainment_ornaBanai.jpg,Entertainment_shani.jpg,TRUE,pictures/stimuli/E,pictures/stimuli/E,F,F,2,5b73e17f1f4c3c0001516dd7,"06/19/2022, 14:49:16"
2435,Entertainment_HassonShaher.jpg,Politics_liberman2.jpg,FALSE,pictures/stimuli/E,pictures/stimuli/P,M,M,5,5b73e17f1f4c3c0001516dd7,"06/19/2022, 14:49:16"
2770,Entertainment_Ivri2.jpg,Politics_yehimovitz.jpg,FALSE,pictures/stimuli/E,pictures/stimuli/P,M,F,5,5b73e17f1f4c3c0001516dd7,"06/19/2022, 14:49:16"
2298,Entertainment_ornaBanai.jpg,Politics_shaked.jpg,FALSE,pictures/stimuli/E,pictures/stimuli/P,F,F,2,5b73e17f1f4c3c0001516dd7,"06/19/2022, 14:49:16"
3817,E_katorza2-250x341.jpg,Politics_zamir.jpg,FALSE,pictures/stimuli/E,pictures/stimuli/P,M,M,4,5b73e17f1f4c3c0001516dd7,"06/19/2022, 14:49:16"
29761,Entertainment_shimi.jpg,Politics_smootch.jpg,FALSE,pictures/stimuli/E,pictures/stimuli/P,M,M,4,5b73e17f1f4c3c0001516dd7,"06/19/2022, 14:49:16"
19696,Entertainment_mushonov.jpg,Politics_zamir.jpg,FALSE,pictures/stimuli/E,pictures/stimuli/P,M,M,5,5b73e17f1f4c3c0001516dd7,"06/19/2022, 14:49:16"
4369,Politics_lapid.jpg,Politics_smootch.jpg,TRUE,pictures/stimuli/P,pictures/stimuli/P,M,M,5,5b73e17f1f4c3c0001516dd7,"06/19/2022, 14:49:16"
1959,Entertainment_shani.jpg,Politics_yehimovitz.jpg,FALSE,pictures/stimuli/E,pictures/stimuli/P,F,F,2,5b73e17f1f4c3c0001516dd7,"06/19/2022, 14:49:16"
3344,Entertainment_rita.jpg,Politics_liberman2.jpg,FALSE,pictures/stimuli/E,pictures/stimuli/P,F,M,6,5b73e17f1f4c3c0001516dd7,"06/19/2022, 14:49:16"
3617,Politics_peretz.jpg,Politics_shaked.jpg,TRUE,pictures/stimuli/P,pictures/stimuli/P,M,F,4,5b73e17f1f4c3c0001516dd7,"06/19/2022, 14:49:16"
2460,Politics_peretz.jpg,Politics_yehimovitz.jpg,TRUE,pictures/stimuli/P,pictures/stimuli/P,M,F,5,5b73e17f1f4c3c0001516dd7,"06/19/2022, 14:49:16"
3033,E_guri2-250x310.jpg,Entertainment_mushonov.jpg,TRUE,pictures/stimuli/E,pictures/stimuli/E,M,M,5,5b73e17f1f4c3c0001516dd7,"06/19/2022, 14:49:16"
2335,Entertainment_rita.jpg,Politics_benet.jpg,FALSE,pictures/stimuli/E,pictures/stimuli/P,F,M,6,5b73e17f1f4c3c0001516dd7,"06/19/2022, 14:49:16"
1992,Politics_lapid.jpg,Politics_liberman2.jpg,TRUE,pictures/stimuli/P,pictures/stimuli/P,M,M,4,5b73e17f1f4c3c0001516dd7,"06/19/2022, 14:49:16"
2689,Entertainment_HassonShaher.jpg,Entertainment_shani.jpg,TRUE,pictures/stimuli/E,pictures/stimuli/E,M,F,5,5b73e17f1f4c3c0001516dd7,"06/19/2022, 14:49:16"
2648,Entertainment_mushonov.jpg,Politics_shaked.jpg,FALSE,pictures/stimuli/E,pictures/stimuli/P,M,F,6,5b73e17f1f4c3c0001516dd7,"06/19/2022, 14:49:16"
2476,Politics_smootch.jpg,Politics_zamir.jpg,TRUE,pictures/stimuli/P,pictures/stimuli/P,M,M,1,5b73e17f1f4c3c0001516dd7,"06/19/2022, 14:49:16"
4131,Entertainment_har_lev.jpg,Entertainment_HassonShaher.jpg,TRUE,pictures/stimuli/E,pictures/stimuli/E,F,M,6,5b73e17f1f4c3c0001516dd7,"06/19/2022, 14:49:16"
1862,Entertainment_mushonov.jpg,Entertainment_ornaBanai.jpg,TRUE,pictures/stimuli/E,pictures/stimuli/E,M,F,4,5b73e17f1f4c3c0001516dd7,"06/19/2022, 14:49:16"
4088,Entertainment_ornaBanai.jpg,Politics_michaeliM.jpg,FALSE,pictures/stimuli/E,pictures/stimuli/P,F,F,1,5b73e17f1f4c3c0001516dd7,"06/19/2022, 14:49:16"
2493,Entertainment_Ivri2.jpg,Politics_michaeliM.jpg,FALSE,pictures/stimuli/E,pictures/stimuli/P,M,F,3,5b73e17f1f4c3c0001516dd7,"06/19/2022, 14:49:16"
3604,Politics_liberman2.jpg,Politics_michaeliM.jpg,TRUE,pictures/stimuli/P,pictures/stimuli/P,M,F,6,5b73e17f1f4c3c0001516dd7,"06/19/2022, 14:49:16"
2784,Politics_liberman2.jpg,Politics_smootch.jpg,TRUE,pictures/stimuli/P,pictures/stimuli/P,M,M,4,5b73e17f1f4c3c0001516dd7,"06/19/2022, 14:49:16"
2219,E_guri2-250x310.jpg,E_katorza2-250x341.jpg,TRUE,pictures/stimuli/E,pictures/stimuli/E,M,M,5,5b73e17f1f4c3c0001516dd7,"06/19/2022, 14:49:16"
1859,Entertainment_shimi.jpg,Entertainment_yanai.jpg,TRUE,pictures/stimuli/E,pictures/stimuli/E,M,F,6,5b73e17f1f4c3c0001516dd7,"06/19/2022, 14:49:16"
2042,Entertainment_Ivri2.jpg,Politics_benet.jpg,FALSE,pictures/stimuli/E,pictures/stimuli/P,M,M,5,5b73e17f1f4c3c0001516dd7,"06/19/2022, 14:49:16"
3462,Politics_smootch.jpg,Politics_yehimovitz.jpg,TRUE,pictures/stimuli/P,pictures/stimuli/P,M,F,5,5b73e17f1f4c3c0001516dd7,"06/19/2022, 14:49:16"
4509,Entertainment_Ivri2.jpg,Entertainment_ornaBanai.jpg,TRUE,pictures/stimuli/E,pictures/stimuli/E,M,F,4,5b73e17f1f4c3c0001516dd7,"06/19/2022, 14:49:16"
4903,Entertainment_Ivri2.jpg,Politics_lapid.jpg,FALSE,pictures/stimuli/E,pictures/stimuli/P,M,M,5,5b73e17f1f4c3c0001516dd7,"06/19/2022, 14:49:16"
3379,Entertainment_shani.jpg,Entertainment_yanai.jpg,TRUE,pictures/stimuli/E,pictures/stimuli/E,F,F,3,5b73e17f1f4c3c0001516dd7,"06/19/2022, 14:49:16"
2566,E_guri2-250x310.jpg,Entertainment_HassonShaher.jpg,TRUE,pictures/stimuli/E,pictures/stimuli/E,M,M,4,5b73e17f1f4c3c0001516dd7,"06/19/2022, 14:49:16"
2254,Entertainment_yanai.jpg,Politics_smootch.jpg,FALSE,pictures/stimuli/E,pictures/stimuli/P,F,M,6,5b73e17f1f4c3c0001516dd7,"06/19/2022, 14:49:16"
2259,Entertainment_ornaBanai.jpg,Politics_zamir.jpg,FALSE,pictures/stimuli/E,pictures/stimuli/P,F,M,6,5b73e17f1f4c3c0001516dd7,"06/19/2022, 14:49:16"
2342,Entertainment_shani.jpg,Politics_shaked.jpg,FALSE,pictures/stimuli/E,pictures/stimuli/P,F,F,3,5b73e17f1f4c3c0001516dd7,"06/19/2022, 14:49:16"
4511,Entertainment_mushonov.jpg,Politics_benet.jpg,FALSE,pictures/stimuli/E,pictures/stimuli/P,M,M,3,5b73e17f1f4c3c0001516dd7,"06/19/2022, 14:49:16"
2211,Entertainment_Ivri2.jpg,Entertainment_shimi.jpg,TRUE,pictures/stimuli/E,pictures/stimuli/E,M,M,6,5b73e17f1f4c3c0001516dd7,"06/19/2022, 14:49:16"
3893,Politics_lapid.jpg,Politics_shaked.jpg,TRUE,pictures/stimuli/P,pictures/stimuli/P,M,F,5,5b73e17f1f4c3c0001516dd7,"06/19/2022, 14:49:16"
3408,E_katorza2-250x341.jpg,Politics_yehimovitz.jpg,FALSE,pictures/stimuli/E,pictures/stimuli/P,M,F,5,5b73e17f1f4c3c0001516dd7,"06/19/2022, 14:49:16"
2227,E_katorza2-250x341.jpg,Politics_michaeliM.jpg,FALSE,pictures/stimuli/E,pictures/stimuli/P,M,F,6,5b73e17f1f4c3c0001516dd7,"06/19/2022, 14:49:16"
2701,Entertainment_har_lev.jpg,Politics_lapid.jpg,FALSE,pictures/stimuli/E,pictures/stimuli/P,F,M,6,5b73e17f1f4c3c0001516dd7,"06/19/2022, 14:49:16"
3193,Politics_benet.jpg,Politics_lapid.jpg,TRUE,pictures/stimuli/P,pictures/stimuli/P,M,M,4,5b73e17f1f4c3c0001516dd7,"06/19/2022, 14:49:16"
3212,Politics_liberman2.jpg,Politics_yehimovitz.jpg,TRUE,pictures/stimuli/P,pictures/stimuli/P,M,F,5,5b73e17f1f4c3c0001516dd7,"06/19/2022, 14:49:16"
4150,E_katorza2-250x341.jpg,Entertainment_HassonShaher.jpg,TRUE,pictures/stimuli/E,pictures/stimuli/E,M,M,6,5b73e17f1f4c3c0001516dd7,"06/19/2022, 14:49:16"
2527,Politics_peretz.jpg,Politics_zamir.jpg,TRUE,pictures/stimuli/P,pictures/stimuli/P,M,M,5,5b73e17f1f4c3c0001516dd7,"06/19/2022, 14:49:16"
2521,Politics_michaeliM.jpg,Politics_yehimovitz.jpg,TRUE,pictures/stimuli/P,pictures/stimuli/P,F,F,5,5b73e17f1f4c3c0001516dd7,"06/19/2022, 14:49:16"
2901,Entertainment_Ivri2.jpg,Entertainment_rita.jpg,TRUE,pictures/stimuli/E,pictures/stimuli/E,M,F,3,5b73e17f1f4c3c0001516dd7,"06/19/2022, 14:49:16"
4330,Entertainment_shani.jpg,Politics_benet.jpg,FALSE,pictures/stimuli/E,pictures/stimuli/P,F,M,3,5b73e17f1f4c3c0001516dd7,"06/19/2022, 14:49:16"
2039,Entertainment_HassonShaher.jpg,Politics_michaeliM.jpg,FALSE,pictures/stimuli/E,pictures/stimuli/P,M,F,5,5b73e17f1f4c3c0001516dd7,"06/19/2022, 14:49:16"
2102,Entertainment_rita.jpg,Politics_shaked.jpg,FALSE,pictures/stimuli/E,pictures/stimuli/P,F,F,2,5b73e17f1f4c3c0001516dd7,"06/19/2022, 14:49:16"
2375,Entertainment_mushonov.jpg,Politics_peretz.jpg,FALSE,pictures/stimuli/E,pictures/stimuli/P,M,M,2,5b73e17f1f4c3c0001516dd7,"06/19/2022, 14:49:16"
2644,E_guri2-250x310.jpg,Politics_peretz.jpg,FALSE,pictures/stimuli/E,pictures/stimuli/P,M,M,4,5b73e17f1f4c3c0001516dd7,"06/19/2022, 14:49:16"
2192,E_katorza2-250x341.jpg,Politics_lapid.jpg,FALSE,pictures/stimuli/E,pictures/stimuli/P,M,M,5,5b73e17f1f4c3c0001516dd7,"06/19/2022, 14:49:16"
6513,Entertainment_HassonShaher.jpg,Politics_lapid.jpg,FALSE,pictures/stimuli/E,pictures/stimuli/P,M,M,5,5b73e17f1f4c3c0001516dd7,"06/19/2022, 14:49:16"
1830,Politics_benet.jpg,Politics_michaeliM.jpg,TRUE,pictures/stimuli/P,pictures/stimuli/P,M,F,5,5b73e17f1f4c3c0001516dd7,"06/19/2022, 14:49:16"
2604,Entertainment_rita.jpg,Politics_lapid.jpg,FALSE,pictures/stimuli/E,pictures/stimuli/P,F,M,4,5b73e17f1f4c3c0001516dd7,"06/19/2022, 14:49:16"
2189,Entertainment_rita.jpg,Politics_smootch.jpg,FALSE,pictures/stimuli/E,pictures/stimuli/P,F,M,6,5b73e17f1f4c3c0001516dd7,"06/19/2022, 14:49:16"
3081,Entertainment_har_lev.jpg,Entertainment_Ivri2.jpg,TRUE,pictures/stimuli/E,pictures/stimuli/E,F,M,4,5b73e17f1f4c3c0001516dd7,"06/19/2022, 14:49:16"
2920,Entertainment_HassonShaher.jpg,Politics_benet.jpg,FALSE,pictures/stimuli/E,pictures/stimuli/P,M,M,6,5b73e17f1f4c3c0001516dd7,"06/19/2022, 14:49:16"
1552,Politics_lapid.jpg,Politics_zamir.jpg,TRUE,pictures/stimuli/P,pictures/stimuli/P,M,M,5,5b73e17f1f4c3c0001516dd7,"06/19/2022, 14:49:16"
1847,Entertainment_shani.jpg,Politics_peretz.jpg,FALSE,pictures/stimuli/E,pictures/stimuli/P,F,M,4,5b73e17f1f4c3c0001516dd7,"06/19/2022, 14:49:16"
3388,Entertainment_har_lev.jpg,Politics_michaeliM.jpg,FALSE,pictures/stimuli/E,pictures/stimuli/P,F,F,3,5b73e17f1f4c3c0001516dd7,"06/19/2022, 14:49:16"
3699,Entertainment_HassonShaher.jpg,Entertainment_shimi.jpg,TRUE,pictures/stimuli/E,pictures/stimuli/E,M,M,4,5b73e17f1f4c3c0001516dd7,"06/19/2022, 14:49:16"
2421,Entertainment_har_lev.jpg,Politics_zamir.jpg,FALSE,pictures/stimuli/E,pictures/stimuli/P,F,M,3,5b73e17f1f4c3c0001516dd7,"06/19/2022, 14:49:16"
2715,E_katorza2-250x341.jpg,Politics_smootch.jpg,FALSE,pictures/stimuli/E,pictures/stimuli/P,M,M,6,5b73e17f1f4c3c0001516dd7,"06/19/2022, 14:49:16"
7447,E_guri2-250x310.jpg,Entertainment_ornaBanai.jpg,TRUE,pictures/stimuli/E,pictures/stimuli/E,M,F,5,5b73e17f1f4c3c0001516dd7,"06/19/2022, 14:49:16"
1664,Entertainment_har_lev.jpg,Politics_shaked.jpg,FALSE,pictures/stimuli/E,pictures/stimuli/P,F,F,2,5b73e17f1f4c3c0001516dd7,"06/19/2022, 14:49:16"
3176,E_guri2-250x310.jpg,Politics_zamir.jpg,FALSE,pictures/stimuli/E,pictures/stimuli/P,M,M,5,5b73e17f1f4c3c0001516dd7,"06/19/2022, 14:49:16"
3940,E_guri2-250x310.jpg,Politics_michaeliM.jpg,FALSE,pictures/stimuli/E,pictures/stimuli/P,M,F,4,5b73e17f1f4c3c0001516dd7,"06/19/2022, 14:49:16"
1765,Entertainment_Ivri2.jpg,Politics_peretz.jpg,FALSE,pictures/stimuli/E,pictures/stimuli/P,M,M,5,5b73e17f1f4c3c0001516dd7,"06/19/2022, 14:49:16"
2823,Politics_michaeliM.jpg,Politics_zamir.jpg,TRUE,pictures/stimuli/P,pictures/stimuli/P,F,M,6,5b73e17f1f4c3c0001516dd7,"06/19/2022, 14:49:16"
3696,Entertainment_rita.jpg,Entertainment_yanai.jpg,TRUE,pictures/stimuli/E,pictures/stimuli/E,F,F,4,5b73e17f1f4c3c0001516dd7,"06/19/2022, 14:49:16"
3029,E_katorza2-250x341.jpg,Politics_peretz.jpg,FALSE,pictures/stimuli/E,pictures/stimuli/P,M,M,3,5b73e17f1f4c3c0001516dd7,"06/19/2022, 14:49:16"
1947,E_guri2-250x310.jpg,Entertainment_yanai.jpg,TRUE,pictures/stimuli/E,pictures/stimuli/E,M,F,5,5b73e17f1f4c3c0001516dd7,"06/19/2022, 14:49:16"
2320,Entertainment_yanai.jpg,Politics_lapid.jpg,FALSE,pictures/stimuli/E,pictures/stimuli/P,F,M,6,5b73e17f1f4c3c0001516dd7,"06/19/2022, 14:49:16"
2457,E_guri2-250x310.jpg,Entertainment_shani.jpg,TRUE,pictures/stimuli/E,pictures/stimuli/E,M,F,3,5b73e17f1f4c3c0001516dd7,"06/19/2022, 14:49:16"
12893,Entertainment_mushonov.jpg,Entertainment_shimi.jpg,TRUE,pictures/stimuli/E,pictures/stimuli/E,M,M,5,5b73e17f1f4c3c0001516dd7,"06/19/2022, 14:49:16"
2437,Entertainment_shimi.jpg,Politics_peretz.jpg,FALSE,pictures/stimuli/E,pictures/stimuli/P,M,M,4,5b73e17f1f4c3c0001516dd7,"06/19/2022, 14:49:16"
6822,Entertainment_HassonShaher.jpg,Politics_peretz.jpg,FALSE,pictures/stimuli/E,pictures/stimuli/P,M,M,5,5b73e17f1f4c3c0001516dd7,"06/19/2022, 14:49:16"
1850,E_katorza2-250x341.jpg,Entertainment_Ivri2.jpg,TRUE,pictures/stimuli/E,pictures/stimuli/E,M,M,3,5b73e17f1f4c3c0001516dd7,"06/19/2022, 14:49:16"
3467,Politics_michaeliM.jpg,Politics_smootch.jpg,TRUE,pictures/stimuli/P,pictures/stimuli/P,F,M,5,5b73e17f1f4c3c0001516dd7,"06/19/2022, 14:49:16"
2206,Entertainment_mushonov.jpg,Politics_yehimovitz.jpg,FALSE,pictures/stimuli/E,pictures/stimuli/P,M,F,3,5b73e17f1f4c3c0001516dd7,"06/19/2022, 14:49:16"
1690,Entertainment_rita.jpg,Politics_yehimovitz.jpg,FALSE,pictures/stimuli/E,pictures/stimuli/P,F,F,4,5b73e17f1f4c3c0001516dd7,"06/19/2022, 14:49:16"
2169,Entertainment_Ivri2.jpg,Politics_zamir.jpg,FALSE,pictures/stimuli/E,pictures/stimuli/P,M,M,3,5b73e17f1f4c3c0001516dd7,"06/19/2022, 14:49:16"
1702,Politics_liberman2.jpg,Politics_shaked.jpg,TRUE,pictures/stimuli/P,pictures/stimuli/P,M,F,5,5b73e17f1f4c3c0001516dd7,"06/19/2022, 14:49:16"
3528,Entertainment_yanai.jpg,Politics_michaeliM.jpg,FALSE,pictures/stimuli/E,pictures/stimuli/P,F,F,5,5b73e17f1f4c3c0001516dd7,"06/19/2022, 14:49:16"
4014,E_guri2-250x310.jpg,Politics_lapid.jpg,FALSE,pictures/stimuli/E,pictures/stimuli/P,M,M,5,5b73e17f1f4c3c0001516dd7,"06/19/2022, 14:49:16"
2065,E_guri2-250x310.jpg,Politics_liberman2.jpg,FALSE,pictures/stimuli/E,pictures/stimuli/P,M,M,5,5b73e17f1f4c3c0001516dd7,"06/19/2022, 14:49:16"
2025,E_katorza2-250x341.jpg,Politics_liberman2.jpg,FALSE,pictures/stimuli/E,pictures/stimuli/P,M,M,5,5b73e17f1f4c3c0001516dd7,"06/19/2022, 14:49:16"
3015,Entertainment_HassonShaher.jpg,Entertainment_Ivri2.jpg,TRUE,pictures/stimuli/E,pictures/stimuli/E,M,M,4,5b73e17f1f4c3c0001516dd7,"06/19/2022, 14:49:16"
1473,Entertainment_Ivri2.jpg,Politics_smootch.jpg,FALSE,pictures/stimuli/E,pictures/stimuli/P,M,M,5,5b73e17f1f4c3c0001516dd7,"06/19/2022, 14:49:16"
1918,Entertainment_ornaBanai.jpg,Entertainment_rita.jpg,TRUE,pictures/stimuli/E,pictures/stimuli/E,F,F,2,5b73e17f1f4c3c0001516dd7,"06/19/2022, 14:49:16"
1602,Entertainment_rita.jpg,Entertainment_shimi.jpg,TRUE,pictures/stimuli/E,pictures/stimuli/E,F,M,5,5b73e17f1f4c3c0001516dd7,"06/19/2022, 14:49:16"
2648,E_katorza2-250x341.jpg,Entertainment_har_lev.jpg,TRUE,pictures/stimuli/E,pictures/stimuli/E,M,F,5,5b73e17f1f4c3c0001516dd7,"06/19/2022, 14:49:16"
3544,Entertainment_shimi.jpg,Politics_liberman2.jpg,FALSE,pictures/stimuli/E,pictures/stimuli/P,M,M,5,5b73e17f1f4c3c0001516dd7,"06/19/2022, 14:49:16"
4598,Entertainment_shani.jpg,Politics_smootch.jpg,FALSE,pictures/stimuli/E,pictures/stimuli/P,F,M,6,5b73e17f1f4c3c0001516dd7,"06/19/2022, 14:49:16"
2945,E_guri2-250x310.jpg,Entertainment_Ivri2.jpg,TRUE,pictures/stimuli/E,pictures/stimuli/E,M,M,4,5b73e17f1f4c3c0001516dd7,"06/19/2022, 14:49:16"
4061,Politics_michaeliM.jpg,Politics_peretz.jpg,TRUE,pictures/stimuli/P,pictures/stimuli/P,F,M,6,5b73e17f1f4c3c0001516dd7,"06/19/2022, 14:49:16"
4126,Entertainment_rita.jpg,Politics_peretz.jpg,FALSE,pictures/stimuli/E,pictures/stimuli/P,F,M,5,5b73e17f1f4c3c0001516dd7,"06/19/2022, 14:49:16"
2849,Politics_lapid.jpg,Politics_michaeliM.jpg,TRUE,pictures/stimuli/P,pictures/stimuli/P,M,F,5,5b73e17f1f4c3c0001516dd7,"06/19/2022, 14:49:16"
1608,Entertainment_shimi.jpg,Politics_benet.jpg,FALSE,pictures/stimuli/E,pictures/stimuli/P,M,M,6,5b73e17f1f4c3c0001516dd7,"06/19/2022, 14:49:16"
2704,Entertainment_shani.jpg,Politics_lapid.jpg,FALSE,pictures/stimuli/E,pictures/stimuli/P,F,M,5,5b73e17f1f4c3c0001516dd7,"06/19/2022, 14:49:16"
4357,Entertainment_shimi.jpg,Politics_shaked.jpg,FALSE,pictures/stimuli/E,pictures/stimuli/P,M,F,5,5b73e17f1f4c3c0001516dd7,"06/19/2022, 14:49:16"
2551,Entertainment_Ivri2.jpg,Politics_liberman2.jpg,FALSE,pictures/stimuli/E,pictures/stimuli/P,M,M,5,5b73e17f1f4c3c0001516dd7,"06/19/2022, 14:49:16"
4682,Entertainment_HassonShaher.jpg,Entertainment_yanai.jpg,TRUE,pictures/stimuli/E,pictures/stimuli/E,M,F,6,5b73e17f1f4c3c0001516dd7,"06/19/2022, 14:49:16"
3778,Entertainment_mushonov.jpg,Politics_liberman2.jpg,FALSE,pictures/stimuli/E,pictures/stimuli/P,M,M,5,5b73e17f1f4c3c0001516dd7,"06/19/2022, 14:49:16"
3236,Entertainment_Ivri2.jpg,Politics_shaked.jpg,FALSE,pictures/stimuli/E,pictures/stimuli/P,M,F,4,5b73e17f1f4c3c0001516dd7,"06/19/2022, 14:49:16"
2966,Politics_yehimovitz.jpg,Politics_zamir.jpg,TRUE,pictures/stimuli/P,pictures/stimuli/P,F,M,4,5b73e17f1f4c3c0001516dd7,"06/19/2022, 14:49:16"
2474,Politics_benet.jpg,Politics_liberman2.jpg,TRUE,pictures/stimuli/P,pictures/stimuli/P,M,M,3,5b73e17f1f4c3c0001516dd7,"06/19/2022, 14:49:16"
2191,Entertainment_shani.jpg,Entertainment_shimi.jpg,TRUE,pictures/stimuli/E,pictures/stimuli/E,F,M,5,5b73e17f1f4c3c0001516dd7,"06/19/2022, 14:49:16"
2720,Entertainment_har_lev.jpg,Entertainment_yanai.jpg,TRUE,pictures/stimuli/E,pictures/stimuli/E,F,F,3,5b73e17f1f4c3c0001516dd7,"06/19/2022, 14:49:16"
2623,E_guri2-250x310.jpg,Politics_yehimovitz.jpg,FALSE,pictures/stimuli/E,pictures/stimuli/P,M,F,5,5b73e17f1f4c3c0001516dd7,"06/19/2022, 14:49:16"
2820,Politics_shaked.jpg,Politics_smootch.jpg,TRUE,pictures/stimuli/P,pictures/stimuli/P,F,M,6,5b73e17f1f4c3c0001516dd7,"06/19/2022, 14:49:16"
3834,Entertainment_har_lev.jpg,Politics_peretz.jpg,FALSE,pictures/stimuli/E,pictures/stimuli/P,F,M,5,5b73e17f1f4c3c0001516dd7,"06/19/2022, 14:49:16"
2981,Entertainment_mushonov.jpg,Entertainment_rita.jpg,TRUE,pictures/stimuli/E,pictures/stimuli/E,M,F,4,5b73e17f1f4c3c0001516dd7,"06/19/2022, 14:49:16"
2190,E_katorza2-250x341.jpg,Entertainment_shani.jpg,TRUE,pictures/stimuli/E,pictures/stimuli/E,M,F,5,5b73e17f1f4c3c0001516dd7,"06/19/2022, 14:49:16"
2740,Entertainment_har_lev.jpg,Entertainment_shimi.jpg,TRUE,pictures/stimuli/E,pictures/stimuli/E,F,M,6,5b73e17f1f4c3c0001516dd7,"06/19/2022, 14:49:16"
2818,Entertainment_ornaBanai.jpg,Politics_benet.jpg,FALSE,pictures/stimuli/E,pictures/stimuli/P,F,M,5,5b73e17f1f4c3c0001516dd7,"06/19/2022, 14:49:16"
2799,E_katorza2-250x341.jpg,Entertainment_mushonov.jpg,TRUE,pictures/stimuli/E,pictures/stimuli/E,M,M,4,5b73e17f1f4c3c0001516dd7,"06/19/2022, 14:49:16"
1648,Politics_benet.jpg,Politics_shaked.jpg,TRUE,pictures/stimuli/P,pictures/stimuli/P,M,F,5,5b73e17f1f4c3c0001516dd7,"06/19/2022, 14:49:16"
3653,Entertainment_yanai.jpg,Politics_zamir.jpg,FALSE,pictures/stimuli/E,pictures/stimuli/P,F,M,3,5b73e17f1f4c3c0001516dd7,"06/19/2022, 14:49:16"
2126,Entertainment_yanai.jpg,Politics_yehimovitz.jpg,FALSE,pictures/stimuli/E,pictures/stimuli/P,F,F,3,5b73e17f1f4c3c0001516dd7,"06/19/2022, 14:49:16"
2720,Entertainment_mushonov.jpg,Entertainment_yanai.jpg,TRUE,pictures/stimuli/E,pictures/stimuli/E,M,F,5,5b73e17f1f4c3c0001516dd7,"06/19/2022, 14:49:16"
4602,E_katorza2-250x341.jpg,Entertainment_rita.jpg,TRUE,pictures/stimuli/E,pictures/stimuli/E,M,F,3,5b73e17f1f4c3c0001516dd7,"06/19/2022, 14:49:16"
3714,Politics_benet.jpg,Politics_smootch.jpg,TRUE,pictures/stimuli/P,pictures/stimuli/P,M,M,5,5b73e17f1f4c3c0001516dd7,"06/19/2022, 14:49:16"
2393,E_guri2-250x310.jpg,Politics_smootch.jpg,FALSE,pictures/stimuli/E,pictures/stimuli/P,M,M,2,5b73e17f1f4c3c0001516dd7,"06/19/2022, 14:49:16"
2256,Entertainment_Ivri2.jpg,Entertainment_mushonov.jpg,TRUE,pictures/stimuli/E,pictures/stimuli/E,M,M,4,5b73e17f1f4c3c0001516dd7,"06/19/2022, 14:49:16"
5090,Politics_michaeliM.jpg,Politics_shaked.jpg,TRUE,pictures/stimuli/P,pictures/stimuli/P,F,F,4,5b73e17f1f4c3c0001516dd7,"06/19/2022, 14:49:16"
3262,Entertainment_yanai.jpg,Politics_benet.jpg,FALSE,pictures/stimuli/E,pictures/stimuli/P,F,M,4,5b73e17f1f4c3c0001516dd7,"06/19/2022, 14:49:16"
2743,Entertainment_mushonov.jpg,Politics_smootch.jpg,FALSE,pictures/stimuli/E,pictures/stimuli/P,M,M,4,5b73e17f1f4c3c0001516dd7,"06/19/2022, 14:49:16"
2039,Entertainment_HassonShaher.jpg,Entertainment_rita.jpg,TRUE,pictures/stimuli/E,pictures/stimuli/E,M,F,5,5b73e17f1f4c3c0001516dd7,"06/19/2022, 14:49:16"
1925,Entertainment_HassonShaher.jpg,Politics_zamir.jpg,FALSE,pictures/stimuli/E,pictures/stimuli/P,M,M,5,5b73e17f1f4c3c0001516dd7,"06/19/2022, 14:49:16"
3679,E_guri2-250x310.jpg,Politics_shaked.jpg,FALSE,pictures/stimuli/E,pictures/stimuli/P,M,F,4,5b73e17f1f4c3c0001516dd7,"06/19/2022, 14:49:16"
2377,Politics_shaked.jpg,Politics_yehimovitz.jpg,TRUE,pictures/stimuli/P,pictures/stimuli/P,F,F,4,5b73e17f1f4c3c0001516dd7,"06/19/2022, 14:49:16"
3809,Entertainment_HassonShaher.jpg,Entertainment_mushonov.jpg,TRUE,pictures/stimuli/E,pictures/stimuli/E,M,M,4,5b73e17f1f4c3c0001516dd7,"06/19/2022, 14:49:16"
3184,Entertainment_rita.jpg,Entertainment_shani.jpg,TRUE,pictures/stimuli/E,pictures/stimuli/E,F,F,2,5b73e17f1f4c3c0001516dd7,"06/19/2022, 14:49:16"
3846,Entertainment_yanai.jpg,Politics_shaked.jpg,FALSE,pictures/stimuli/E,pictures/stimuli/P,F,F,3,5b73e17f1f4c3c0001516dd7,"06/19/2022, 14:49:16"
7785,Entertainment_shimi.jpg,Politics_zamir.jpg,FALSE,pictures/stimuli/E,pictures/stimuli/P,M,M,5,5b73e17f1f4c3c0001516dd7,"06/19/2022, 14:49:16"
4318,Entertainment_Ivri2.jpg,Entertainment_yanai.jpg,TRUE,pictures/stimuli/E,pictures/stimuli/E,M,F,4,5b73e17f1f4c3c0001516dd7,"06/19/2022, 14:49:16"
2719,Entertainment_HassonShaher.jpg,Entertainment_ornaBanai.jpg,TRUE,pictures/stimuli/E,pictures/stimuli/E,M,F,3,5b73e17f1f4c3c0001516dd7,"06/19/2022, 14:49:16"
2683,E_katorza2-250x341.jpg,Politics_shaked.jpg,FALSE,pictures/stimuli/E,pictures/stimuli/P,M,F,4,5b73e17f1f4c3c0001516dd7,"06/19/2022, 14:49:16"
8692,Entertainment_har_lev.jpg,Entertainment_rita.jpg,TRUE,pictures/stimuli/E,pictures/stimuli/E,F,F,3,5b73e17f1f4c3c0001516dd7,"06/19/2022, 14:49:16"
4592,Entertainment_har_lev.jpg,Politics_yehimovitz.jpg,FALSE,pictures/stimuli/E,pictures/stimuli/P,F,F,3,5b73e17f1f4c3c0001516dd7,"06/19/2022, 14:49:16"
3228,Politics_liberman2.jpg,Politics_peretz.jpg,TRUE,pictures/stimuli/P,pictures/stimuli/P,M,M,4,5b73e17f1f4c3c0001516dd7,"06/19/2022, 14:49:16"
1959,Entertainment_shimi.jpg,Politics_michaeliM.jpg,FALSE,pictures/stimuli/E,pictures/stimuli/P,M,F,6,5b73e17f1f4c3c0001516dd7,"06/19/2022, 14:49:16"
3257,Entertainment_ornaBanai.jpg,Politics_peretz.jpg,FALSE,pictures/stimuli/E,pictures/stimuli/P,F,M,5,5b73e17f1f4c3c0001516dd7,"06/19/2022, 14:49:16"
2190,Politics_benet.jpg,Politics_zamir.jpg,TRUE,pictures/stimuli/P,pictures/stimuli/P,M,M,2,5b73e17f1f4c3c0001516dd7,"06/19/2022, 14:49:16"
5332,Politics_lapid.jpg,Politics_peretz.jpg,TRUE,pictures/stimuli/P,pictures/stimuli/P,M,M,1,5b73e17f1f4c3c0001516dd7,"06/19/2022, 14:49:16"
3204,Entertainment_har_lev.jpg,Politics_smootch.jpg,FALSE,pictures/stimuli/E,pictures/stimuli/P,F,M,3,5b73e17f1f4c3c0001516dd7,"06/19/2022, 14:49:16"
2221,Entertainment_yanai.jpg,Politics_peretz.jpg,FALSE,pictures/stimuli/E,pictures/stimuli/P,F,M,5,5b73e17f1f4c3c0001516dd7,"06/19/2022, 14:49:16"
2250,Entertainment_har_lev.jpg,Entertainment_ornaBanai.jpg,TRUE,pictures/stimuli/E,pictures/stimuli/E,F,F,3,5b73e17f1f4c3c0001516dd7,"06/19/2022, 14:49:16"
5136,Entertainment_shani.jpg,Politics_zamir.jpg,FALSE,pictures/stimuli/E,pictures/stimuli/P,F,M,3,5b73e17f1f4c3c0001516dd7,"06/19/2022, 14:49:16"
8021,E_katorza2-250x341.jpg,Politics_benet.jpg,FALSE,pictures/stimuli/E,pictures/stimuli/P,M,M,5,5b73e17f1f4c3c0001516dd7,"06/19/2022, 14:49:16"
3800,Entertainment_HassonShaher.jpg,Politics_yehimovitz.jpg,FALSE,pictures/stimuli/E,pictures/stimuli/P,M,F,6,5b73e17f1f4c3c0001516dd7,"06/19/2022, 14:49:16"
3006,Entertainment_rita.jpg,Politics_zamir.jpg,FALSE,pictures/stimuli/E,pictures/stimuli/P,F,M,5,5b73e17f1f4c3c0001516dd7,"06/19/2022, 14:49:16"
2318,Entertainment_ornaBanai.jpg,Entertainment_yanai.jpg,TRUE,pictures/stimuli/E,pictures/stimuli/E,F,F,5,5b73e17f1f4c3c0001516dd7,"06/19/2022, 14:49:16"
5105,Entertainment_ornaBanai.jpg,Politics_lapid.jpg,FALSE,pictures/stimuli/E,pictures/stimuli/P,F,M,4,5b73e17f1f4c3c0001516dd7,"06/19/2022, 14:49:16"
4675,Entertainment_shani.jpg,Politics_liberman2.jpg,FALSE,pictures/stimuli/E,pictures/stimuli/P,F,M,5,5b73e17f1f4c3c0001516dd7,"06/19/2022, 14:49:16"
2821,Entertainment_ornaBanai.jpg,Politics_liberman2.jpg,FALSE,pictures/stimuli/E,pictures/stimuli/P,F,M,5,5b73e17f1f4c3c0001516dd7,"06/19/2022, 14:49:16"
3502,Entertainment_ornaBanai.jpg,Politics_smootch.jpg,FALSE,pictures/stimuli/E,pictures/stimuli/P,F,M,5,5b73e17f1f4c3c0001516dd7,"06/19/2022, 14:49:16"
8578,Politics_shaked.jpg,Politics_zamir.jpg,TRUE,pictures/stimuli/P,pictures/stimuli/P,F,M,4,5b73e17f1f4c3c0001516dd7,"06/19/2022, 14:49:16"
4692,Entertainment_mushonov.jpg,Politics_lapid.jpg,FALSE,pictures/stimuli/E,pictures/stimuli/P,M,M,3,5b73e17f1f4c3c0001516dd7,"06/19/2022, 14:49:16"
3659,Entertainment_shani.jpg,Politics_michaeliM.jpg,FALSE,pictures/stimuli/E,pictures/stimuli/P,F,F,2,5b73e17f1f4c3c0001516dd7,"06/19/2022, 14:49:16"
2313,Entertainment_rita.jpg,Politics_michaeliM.jpg,FALSE,pictures/stimuli/E,pictures/stimuli/P,F,F,2,5b73e17f1f4c3c0001516dd7,"06/19/2022, 14:49:16"
5110,E_katorza2-250x341.jpg,Entertainment_shimi.jpg,TRUE,pictures/stimuli/E,pictures/stimuli/E,M,M,4,5b73e17f1f4c3c0001516dd7,"06/19/2022, 14:49:16"
7504,Entertainment_mushonov.jpg,Politics_michaeliM.jpg,FALSE,pictures/stimuli/E,pictures/stimuli/P,M,F,5,5b73e17f1f4c3c0001516dd7,"06/19/2022, 14:49:16"
1778,Politics_benet.jpg,Politics_peretz.jpg,TRUE,pictures/stimuli/P,pictures/stimuli/P,M,M,4,5b73e17f1f4c3c0001516dd7,"06/19/2022, 14:49:16"
file,isFamiliar,5b73e17f1f4c3c0001516dd7,"06/19/2022, 14:49:16"
Politics_peretz.jpg,0,5b73e17f1f4c3c0001516dd7,"06/19/2022, 14:49:16"
E_guri2-250x310.jpg,0,5b73e17f1f4c3c0001516dd7,"06/19/2022, 14:49:16"
Politics_liberman2.jpg,0,5b73e17f1f4c3c0001516dd7,"06/19/2022, 14:49:16"
Politics_lapid.jpg,0,5b73e17f1f4c3c0001516dd7,"06/19/2022, 14:49:16"
Entertainment_yanai.jpg,0,5b73e17f1f4c3c0001516dd7,"06/19/2022, 14:49:16"
Entertainment_shani.jpg,0,5b73e17f1f4c3c0001516dd7,"06/19/2022, 14:49:16"
Politics_michaeliM.jpg,0,5b73e17f1f4c3c0001516dd7,"06/19/2022, 14:49:16"
Entertainment_mushonov.jpg,0,5b73e17f1f4c3c0001516dd7,"06/19/2022, 14:49:16"
Entertainment_ornaBanai.jpg,1,5b73e17f1f4c3c0001516dd7,"06/19/2022, 14:49:16"
Politics_shaked.jpg,0,5b73e17f1f4c3c0001516dd7,"06/19/2022, 14:49:16"
E_katorza2-250x341.jpg,1,5b73e17f1f4c3c0001516dd7,"06/19/2022, 14:49:16"
Entertainment_har_lev.jpg,0,5b73e17f1f4c3c0001516dd7,"06/19/2022, 14:49:16"
Entertainment_shimi.jpg,1,5b73e17f1f4c3c0001516dd7,"06/19/2022, 14:49:16"
Politics_zamir.jpg,0,5b73e17f1f4c3c0001516dd7,"06/19/2022, 14:49:16"
Entertainment_rita.jpg,1,5b73e17f1f4c3c0001516dd7,"06/19/2022, 14:49:16"
Politics_benet.jpg,0,5b73e17f1f4c3c0001516dd7,"06/19/2022, 14:49:16"
Politics_yehimovitz.jpg,0,5b73e17f1f4c3c0001516dd7,"06/19/2022, 14:49:16"
Entertainment_HassonShaher.jpg,1,5b73e17f1f4c3c0001516dd7,"06/19/2022, 14:49:16"
Entertainment_Ivri2.jpg,0,5b73e17f1f4c3c0001516dd7,"06/19/2022, 14:49:16"
Politics_smootch.jpg,0,5b73e17f1f4c3c0001516dd7,"06/19/2022, 14:49:16"
age: 31,gender: Female,handedness: right,5b73e17f1f4c3c0001516dd7,"06/19/2022, 14:49:16"