RT,img_1,img_2,isSameProffesion,img1proffesion,img2proffesion,img1Gender,img2Gender,keyPressed,5c3d19e75f5dca00019abdbd,"11/30/2021, 14:41:44"
3538,E_F_angelina_jolie.jpg,P_M_donald_trump.jpg,FALSE,pictures/stimuli/E,pictures/stimuli/P,F,M,6,5c3d19e75f5dca00019abdbd,"11/30/2021, 14:41:44"
8601,E_M_liam_neeson.jpg,P_M_george_Wbush.jpg,FALSE,pictures/stimuli/E,pictures/stimuli/P,M,M,3,5c3d19e75f5dca00019abdbd,"11/30/2021, 14:41:44"
6309,E_M_Martin_Freeman.jpg,P_M_Tony_Blair.jpg,FALSE,pictures/stimuli/E,pictures/stimuli/P,M,M,3,5c3d19e75f5dca00019abdbd,"11/30/2021, 14:41:44"
5823,E_M_Hugh_Grant.jpg,P_F_angela_rayner.jpg,FALSE,pictures/stimuli/E,pictures/stimuli/P,M,F,4,5c3d19e75f5dca00019abdbd,"11/30/2021, 14:41:44"
5851,E_F_Judi_Dench.jpg,P_M_david_cameron.jpg,FALSE,pictures/stimuli/E,pictures/stimuli/P,F,M,5,5c3d19e75f5dca00019abdbd,"11/30/2021, 14:41:44"
6834,E_F_keira_knightley.jpg,P_F_angela_rayner.jpg,FALSE,pictures/stimuli/E,pictures/stimuli/P,F,F,6,5c3d19e75f5dca00019abdbd,"11/30/2021, 14:41:44"
4270,E_M_tom_hankes.jpg,P_F_angela_rayner.jpg,FALSE,pictures/stimuli/E,pictures/stimuli/P,M,F,6,5c3d19e75f5dca00019abdbd,"11/30/2021, 14:41:44"
5811,E_F_keira_knightley.jpg,P_F_hillary_clinton.jpg,FALSE,pictures/stimuli/E,pictures/stimuli/P,F,F,6,5c3d19e75f5dca00019abdbd,"11/30/2021, 14:41:44"
6671,P_F_PRITI_PATEL.jpg,P_M_david_cameron.jpg,TRUE,pictures/stimuli/P,pictures/stimuli/P,F,M,5,5c3d19e75f5dca00019abdbd,"11/30/2021, 14:41:44"
5714,E_F_Judi_Dench.jpg,P_M_boris_johnson.jpg,FALSE,pictures/stimuli/E,pictures/stimuli/P,F,M,5,5c3d19e75f5dca00019abdbd,"11/30/2021, 14:41:44"
4055,E_M_michael_caine.jpg,P_M_david_cameron.jpg,FALSE,pictures/stimuli/E,pictures/stimuli/P,M,M,5,5c3d19e75f5dca00019abdbd,"11/30/2021, 14:41:44"
3829,E_M_Martin_Freeman.jpg,P_M_donald_trump.jpg,FALSE,pictures/stimuli/E,pictures/stimuli/P,M,M,5,5c3d19e75f5dca00019abdbd,"11/30/2021, 14:41:44"
4802,E_M_Martin_Freeman.jpg,E_M_robert_de_niro.jpg,TRUE,pictures/stimuli/E,pictures/stimuli/E,M,M,5,5c3d19e75f5dca00019abdbd,"11/30/2021, 14:41:44"
7227,E_M_nicolas_cage.jpg,P_M_donald_trump.jpg,FALSE,pictures/stimuli/E,pictures/stimuli/P,M,M,5,5c3d19e75f5dca00019abdbd,"11/30/2021, 14:41:44"
5490,P_F_hillary_clinton.jpg,P_M_george_Wbush.jpg,TRUE,pictures/stimuli/P,pictures/stimuli/P,F,M,5,5c3d19e75f5dca00019abdbd,"11/30/2021, 14:41:44"
4462,E_M_Hugh_Grant.jpg,P_M_bill_clinton.jpg,FALSE,pictures/stimuli/E,pictures/stimuli/P,M,M,6,5c3d19e75f5dca00019abdbd,"11/30/2021, 14:41:44"
3323,E_M_Martin_Freeman.jpg,P_F_esther_mcvey.jpg,FALSE,pictures/stimuli/E,pictures/stimuli/P,M,F,6,5c3d19e75f5dca00019abdbd,"11/30/2021, 14:41:44"
3515,E_M_tom_hankes.jpg,P_F_PRITI_PATEL.jpg,FALSE,pictures/stimuli/E,pictures/stimuli/P,M,F,5,5c3d19e75f5dca00019abdbd,"11/30/2021, 14:41:44"
6008,E_M_Hugh_Grant.jpg,P_F_tehresy_may.jpg,FALSE,pictures/stimuli/E,pictures/stimuli/P,M,F,4,5c3d19e75f5dca00019abdbd,"11/30/2021, 14:41:44"
4788,P_F_PRITI_PATEL.jpg,P_M_donald_trump.jpg,TRUE,pictures/stimuli/P,pictures/stimuli/P,F,M,5,5c3d19e75f5dca00019abdbd,"11/30/2021, 14:41:44"
4778,E_M_Martin_Freeman.jpg,P_M_george_Wbush.jpg,FALSE,pictures/stimuli/E,pictures/stimuli/P,M,M,3,5c3d19e75f5dca00019abdbd,"11/30/2021, 14:41:44"
6350,E_M_liam_neeson.jpg,P_M_boris_johnson.jpg,FALSE,pictures/stimuli/E,pictures/stimuli/P,M,M,4,5c3d19e75f5dca00019abdbd,"11/30/2021, 14:41:44"
5003,E_M_Hugh_Grant.jpg,P_F_esther_mcvey.jpg,FALSE,pictures/stimuli/E,pictures/stimuli/P,M,F,6,5c3d19e75f5dca00019abdbd,"11/30/2021, 14:41:44"
4720,E_F_jennifer_aniston.jpg,E_M_tom_hankes.jpg,TRUE,pictures/stimuli/E,pictures/stimuli/E,F,M,6,5c3d19e75f5dca00019abdbd,"11/30/2021, 14:41:44"
4904,E_F_jennifer_aniston.jpg,P_F_PRITI_PATEL.jpg,FALSE,pictures/stimuli/E,pictures/stimuli/P,F,F,6,5c3d19e75f5dca00019abdbd,"11/30/2021, 14:41:44"
6017,E_M_liam_neeson.jpg,P_M_david_cameron.jpg,FALSE,pictures/stimuli/E,pictures/stimuli/P,M,M,5,5c3d19e75f5dca00019abdbd,"11/30/2021, 14:41:44"
4133,E_F_keira_knightley.jpg,P_M_donald_trump.jpg,FALSE,pictures/stimuli/E,pictures/stimuli/P,F,M,6,5c3d19e75f5dca00019abdbd,"11/30/2021, 14:41:44"
9365,E_M_anthony_hopkins.jpg,P_F_nicola_sturgeon.jpg,FALSE,pictures/stimuli/E,pictures/stimuli/P,M,F,5,5c3d19e75f5dca00019abdbd,"11/30/2021, 14:41:44"
4177,E_M_Martin_Freeman.jpg,P_F_PRITI_PATEL.jpg,FALSE,pictures/stimuli/E,pictures/stimuli/P,M,F,6,5c3d19e75f5dca00019abdbd,"11/30/2021, 14:41:44"
3025,E_M_tom_hankes.jpg,P_F_nicola_sturgeon.jpg,FALSE,pictures/stimuli/E,pictures/stimuli/P,M,F,5,5c3d19e75f5dca00019abdbd,"11/30/2021, 14:41:44"
3927,P_F_tehresy_may.jpg,P_M_donald_trump.jpg,TRUE,pictures/stimuli/P,pictures/stimuli/P,F,M,4,5c3d19e75f5dca00019abdbd,"11/30/2021, 14:41:44"
3834,E_F_Kate_Winslet.jpg,E_M_liam_neeson.jpg,TRUE,pictures/stimuli/E,pictures/stimuli/E,F,M,5,5c3d19e75f5dca00019abdbd,"11/30/2021, 14:41:44"
4162,P_F_esther_mcvey.jpg,P_F_hillary_clinton.jpg,TRUE,pictures/stimuli/P,pictures/stimuli/P,F,F,5,5c3d19e75f5dca00019abdbd,"11/30/2021, 14:41:44"
3571,E_M_anthony_hopkins.jpg,P_M_george_Wbush.jpg,FALSE,pictures/stimuli/E,pictures/stimuli/P,M,M,4,5c3d19e75f5dca00019abdbd,"11/30/2021, 14:41:44"
3825,E_F_angelina_jolie.jpg,P_M_david_cameron.jpg,FALSE,pictures/stimuli/E,pictures/stimuli/P,F,M,6,5c3d19e75f5dca00019abdbd,"11/30/2021, 14:41:44"
2875,P_F_angela_rayner.jpg,P_M_donald_trump.jpg,TRUE,pictures/stimuli/P,pictures/stimuli/P,F,M,6,5c3d19e75f5dca00019abdbd,"11/30/2021, 14:41:44"
3501,P_F_angela_rayner.jpg,P_F_hillary_clinton.jpg,TRUE,pictures/stimuli/P,pictures/stimuli/P,F,F,4,5c3d19e75f5dca00019abdbd,"11/30/2021, 14:41:44"
4462,P_F_nicola_sturgeon.jpg,P_M_boris_johnson.jpg,TRUE,pictures/stimuli/P,pictures/stimuli/P,F,M,4,5c3d19e75f5dca00019abdbd,"11/30/2021, 14:41:44"
5091,P_F_tehresy_may.jpg,P_M_bill_clinton.jpg,TRUE,pictures/stimuli/P,pictures/stimuli/P,F,M,5,5c3d19e75f5dca00019abdbd,"11/30/2021, 14:41:44"
3100,E_M_liam_neeson.jpg,P_F_hillary_clinton.jpg,FALSE,pictures/stimuli/E,pictures/stimuli/P,M,F,6,5c3d19e75f5dca00019abdbd,"11/30/2021, 14:41:44"
6533,E_F_angelina_jolie.jpg,E_F_jennifer_aniston.jpg,TRUE,pictures/stimuli/E,pictures/stimuli/E,F,F,5,5c3d19e75f5dca00019abdbd,"11/30/2021, 14:41:44"
4962,E_M_Hugh_Grant.jpg,P_M_Tony_Blair.jpg,FALSE,pictures/stimuli/E,pictures/stimuli/P,M,M,5,5c3d19e75f5dca00019abdbd,"11/30/2021, 14:41:44"
3813,E_M_nicolas_cage.jpg,P_F_hillary_clinton.jpg,FALSE,pictures/stimuli/E,pictures/stimuli/P,M,F,5,5c3d19e75f5dca00019abdbd,"11/30/2021, 14:41:44"
3121,E_M_robert_de_niro.jpg,P_F_PRITI_PATEL.jpg,FALSE,pictures/stimuli/E,pictures/stimuli/P,M,F,6,5c3d19e75f5dca00019abdbd,"11/30/2021, 14:41:44"
4707,E_F_Judi_Dench.jpg,E_M_liam_neeson.jpg,TRUE,pictures/stimuli/E,pictures/stimuli/E,F,M,5,5c3d19e75f5dca00019abdbd,"11/30/2021, 14:41:44"
3385,E_M_liam_neeson.jpg,P_F_PRITI_PATEL.jpg,FALSE,pictures/stimuli/E,pictures/stimuli/P,M,F,6,5c3d19e75f5dca00019abdbd,"11/30/2021, 14:41:44"
2799,E_M_anthony_hopkins.jpg,E_M_robert_de_niro.jpg,TRUE,pictures/stimuli/E,pictures/stimuli/E,M,M,6,5c3d19e75f5dca00019abdbd,"11/30/2021, 14:41:44"
4054,E_F_jennifer_aniston.jpg,E_M_anthony_hopkins.jpg,TRUE,pictures/stimuli/E,pictures/stimuli/E,F,M,6,5c3d19e75f5dca00019abdbd,"11/30/2021, 14:41:44"
3193,E_F_keira_knightley.jpg,P_F_esther_mcvey.jpg,FALSE,pictures/stimuli/E,pictures/stimuli/P,F,F,6,5c3d19e75f5dca00019abdbd,"11/30/2021, 14:41:44"
4113,E_M_Martin_Freeman.jpg,E_M_michael_caine.jpg,TRUE,pictures/stimuli/E,pictures/stimuli/E,M,M,5,5c3d19e75f5dca00019abdbd,"11/30/2021, 14:41:44"
3797,E_M_anthony_hopkins.jpg,E_M_nicolas_cage.jpg,TRUE,pictures/stimuli/E,pictures/stimuli/E,M,M,5,5c3d19e75f5dca00019abdbd,"11/30/2021, 14:41:44"
7805,E_M_robert_de_niro.jpg,P_F_tehresy_may.jpg,FALSE,pictures/stimuli/E,pictures/stimuli/P,M,F,4,5c3d19e75f5dca00019abdbd,"11/30/2021, 14:41:44"
5388,E_F_jennifer_aniston.jpg,E_M_liam_neeson.jpg,TRUE,pictures/stimuli/E,pictures/stimuli/E,F,M,6,5c3d19e75f5dca00019abdbd,"11/30/2021, 14:41:44"
3427,P_M_boris_johnson.jpg,P_M_donald_trump.jpg,TRUE,pictures/stimuli/P,pictures/stimuli/P,M,M,3,5c3d19e75f5dca00019abdbd,"11/30/2021, 14:41:44"
3199,E_F_angelina_jolie.jpg,P_M_bill_clinton.jpg,FALSE,pictures/stimuli/E,pictures/stimuli/P,F,M,6,5c3d19e75f5dca00019abdbd,"11/30/2021, 14:41:44"
5868,E_F_angelina_jolie.jpg,E_M_tom_hankes.jpg,TRUE,pictures/stimuli/E,pictures/stimuli/E,F,M,6,5c3d19e75f5dca00019abdbd,"11/30/2021, 14:41:44"
5175,P_F_hillary_clinton.jpg,P_M_boris_johnson.jpg,TRUE,pictures/stimuli/P,pictures/stimuli/P,F,M,4,5c3d19e75f5dca00019abdbd,"11/30/2021, 14:41:44"
3616,P_F_hillary_clinton.jpg,P_F_PRITI_PATEL.jpg,TRUE,pictures/stimuli/P,pictures/stimuli/P,F,F,6,5c3d19e75f5dca00019abdbd,"11/30/2021, 14:41:44"
6890,P_F_hillary_clinton.jpg,P_M_bill_clinton.jpg,TRUE,pictures/stimuli/P,pictures/stimuli/P,F,M,3,5c3d19e75f5dca00019abdbd,"11/30/2021, 14:41:44"
5814,E_M_tom_hankes.jpg,P_M_david_cameron.jpg,FALSE,pictures/stimuli/E,pictures/stimuli/P,M,M,4,5c3d19e75f5dca00019abdbd,"11/30/2021, 14:41:44"
3512,P_F_nicola_sturgeon.jpg,P_M_bill_clinton.jpg,TRUE,pictures/stimuli/P,pictures/stimuli/P,F,M,3,5c3d19e75f5dca00019abdbd,"11/30/2021, 14:41:44"
6286,E_M_michael_caine.jpg,P_M_boris_johnson.jpg,FALSE,pictures/stimuli/E,pictures/stimuli/P,M,M,5,5c3d19e75f5dca00019abdbd,"11/30/2021, 14:41:44"
2707,E_M_anthony_hopkins.jpg,P_M_boris_johnson.jpg,FALSE,pictures/stimuli/E,pictures/stimuli/P,M,M,5,5c3d19e75f5dca00019abdbd,"11/30/2021, 14:41:44"
2324,E_M_robert_de_niro.jpg,P_M_Tony_Blair.jpg,FALSE,pictures/stimuli/E,pictures/stimuli/P,M,M,6,5c3d19e75f5dca00019abdbd,"11/30/2021, 14:41:44"
3100,E_M_Martin_Freeman.jpg,P_F_tehresy_may.jpg,FALSE,pictures/stimuli/E,pictures/stimuli/P,M,F,6,5c3d19e75f5dca00019abdbd,"11/30/2021, 14:41:44"
3416,E_M_Hugh_Grant.jpg,E_M_michael_caine.jpg,TRUE,pictures/stimuli/E,pictures/stimuli/E,M,M,6,5c3d19e75f5dca00019abdbd,"11/30/2021, 14:41:44"
5992,P_F_tehresy_may.jpg,P_M_boris_johnson.jpg,TRUE,pictures/stimuli/P,pictures/stimuli/P,F,M,3,5c3d19e75f5dca00019abdbd,"11/30/2021, 14:41:44"
4238,E_F_sandra_bullock.jpg,P_F_PRITI_PATEL.jpg,FALSE,pictures/stimuli/E,pictures/stimuli/P,F,F,3,5c3d19e75f5dca00019abdbd,"11/30/2021, 14:41:44"
3992,E_F_jennifer_aniston.jpg,P_F_nicola_sturgeon.jpg,FALSE,pictures/stimuli/E,pictures/stimuli/P,F,F,6,5c3d19e75f5dca00019abdbd,"11/30/2021, 14:41:44"
3657,E_M_nicolas_cage.jpg,P_F_PRITI_PATEL.jpg,FALSE,pictures/stimuli/E,pictures/stimuli/P,M,F,6,5c3d19e75f5dca00019abdbd,"11/30/2021, 14:41:44"
6527,E_F_sandra_bullock.jpg,P_M_Tony_Blair.jpg,FALSE,pictures/stimuli/E,pictures/stimuli/P,F,M,6,5c3d19e75f5dca00019abdbd,"11/30/2021, 14:41:44"
3740,E_M_Martin_Freeman.jpg,P_F_hillary_clinton.jpg,FALSE,pictures/stimuli/E,pictures/stimuli/P,M,F,6,5c3d19e75f5dca00019abdbd,"11/30/2021, 14:41:44"
3154,E_M_Martin_Freeman.jpg,E_M_nicolas_cage.jpg,TRUE,pictures/stimuli/E,pictures/stimuli/E,M,M,6,5c3d19e75f5dca00019abdbd,"11/30/2021, 14:41:44"
2943,P_F_PRITI_PATEL.jpg,P_M_Tony_Blair.jpg,TRUE,pictures/stimuli/P,pictures/stimuli/P,F,M,5,5c3d19e75f5dca00019abdbd,"11/30/2021, 14:41:44"
6482,P_F_angela_rayner.jpg,P_M_bill_clinton.jpg,TRUE,pictures/stimuli/P,pictures/stimuli/P,F,M,3,5c3d19e75f5dca00019abdbd,"11/30/2021, 14:41:44"
5154,E_F_Judi_Dench.jpg,P_M_donald_trump.jpg,FALSE,pictures/stimuli/E,pictures/stimuli/P,F,M,4,5c3d19e75f5dca00019abdbd,"11/30/2021, 14:41:44"
3815,E_M_Hugh_Grant.jpg,E_M_liam_neeson.jpg,TRUE,pictures/stimuli/E,pictures/stimuli/E,M,M,5,5c3d19e75f5dca00019abdbd,"11/30/2021, 14:41:44"
3005,P_F_angela_rayner.jpg,P_F_tehresy_may.jpg,TRUE,pictures/stimuli/P,pictures/stimuli/P,F,F,4,5c3d19e75f5dca00019abdbd,"11/30/2021, 14:41:44"
8074,E_F_Kate_Winslet.jpg,P_M_donald_trump.jpg,FALSE,pictures/stimuli/E,pictures/stimuli/P,F,M,5,5c3d19e75f5dca00019abdbd,"11/30/2021, 14:41:44"
5038,E_M_tom_hankes.jpg,P_F_esther_mcvey.jpg,FALSE,pictures/stimuli/E,pictures/stimuli/P,M,F,6,5c3d19e75f5dca00019abdbd,"11/30/2021, 14:41:44"
4717,E_F_jennifer_aniston.jpg,P_M_david_cameron.jpg,FALSE,pictures/stimuli/E,pictures/stimuli/P,F,M,4,5c3d19e75f5dca00019abdbd,"11/30/2021, 14:41:44"
2836,E_F_jennifer_aniston.jpg,P_F_esther_mcvey.jpg,FALSE,pictures/stimuli/E,pictures/stimuli/P,F,F,5,5c3d19e75f5dca00019abdbd,"11/30/2021, 14:41:44"
4996,E_M_nicolas_cage.jpg,P_M_george_Wbush.jpg,FALSE,pictures/stimuli/E,pictures/stimuli/P,M,M,3,5c3d19e75f5dca00019abdbd,"11/30/2021, 14:41:44"
3032,E_M_nicolas_cage.jpg,P_M_boris_johnson.jpg,FALSE,pictures/stimuli/E,pictures/stimuli/P,M,M,5,5c3d19e75f5dca00019abdbd,"11/30/2021, 14:41:44"
5136,P_F_hillary_clinton.jpg,P_F_tehresy_may.jpg,TRUE,pictures/stimuli/P,pictures/stimuli/P,F,F,2,5c3d19e75f5dca00019abdbd,"11/30/2021, 14:41:44"
6325,E_M_anthony_hopkins.jpg,E_M_tom_hankes.jpg,TRUE,pictures/stimuli/E,pictures/stimuli/E,M,M,4,5c3d19e75f5dca00019abdbd,"11/30/2021, 14:41:44"
2986,E_M_anthony_hopkins.jpg,E_M_Hugh_Grant.jpg,TRUE,pictures/stimuli/E,pictures/stimuli/E,M,M,5,5c3d19e75f5dca00019abdbd,"11/30/2021, 14:41:44"
5200,E_F_sandra_bullock.jpg,P_M_boris_johnson.jpg,FALSE,pictures/stimuli/E,pictures/stimuli/P,F,M,5,5c3d19e75f5dca00019abdbd,"11/30/2021, 14:41:44"
3688,E_F_Judi_Dench.jpg,E_M_robert_de_niro.jpg,TRUE,pictures/stimuli/E,pictures/stimuli/E,F,M,6,5c3d19e75f5dca00019abdbd,"11/30/2021, 14:41:44"
3841,E_F_Kate_Winslet.jpg,E_F_keira_knightley.jpg,TRUE,pictures/stimuli/E,pictures/stimuli/E,F,F,6,5c3d19e75f5dca00019abdbd,"11/30/2021, 14:41:44"
3158,P_F_angela_rayner.jpg,P_M_boris_johnson.jpg,TRUE,pictures/stimuli/P,pictures/stimuli/P,F,M,4,5c3d19e75f5dca00019abdbd,"11/30/2021, 14:41:44"
6745,E_M_Hugh_Grant.jpg,E_M_robert_de_niro.jpg,TRUE,pictures/stimuli/E,pictures/stimuli/E,M,M,2,5c3d19e75f5dca00019abdbd,"11/30/2021, 14:41:44"
2406,E_M_Martin_Freeman.jpg,P_M_david_cameron.jpg,FALSE,pictures/stimuli/E,pictures/stimuli/P,M,M,4,5c3d19e75f5dca00019abdbd,"11/30/2021, 14:41:44"
3716,E_F_sandra_bullock.jpg,P_M_donald_trump.jpg,FALSE,pictures/stimuli/E,pictures/stimuli/P,F,M,5,5c3d19e75f5dca00019abdbd,"11/30/2021, 14:41:44"
5409,E_M_tom_hankes.jpg,P_F_hillary_clinton.jpg,FALSE,pictures/stimuli/E,pictures/stimuli/P,M,F,4,5c3d19e75f5dca00019abdbd,"11/30/2021, 14:41:44"
3454,E_M_nicolas_cage.jpg,P_F_esther_mcvey.jpg,FALSE,pictures/stimuli/E,pictures/stimuli/P,M,F,3,5c3d19e75f5dca00019abdbd,"11/30/2021, 14:41:44"
4720,E_F_angelina_jolie.jpg,E_F_Judi_Dench.jpg,TRUE,pictures/stimuli/E,pictures/stimuli/E,F,F,5,5c3d19e75f5dca00019abdbd,"11/30/2021, 14:41:44"
2255,E_F_angelina_jolie.jpg,E_M_anthony_hopkins.jpg,TRUE,pictures/stimuli/E,pictures/stimuli/E,F,M,6,5c3d19e75f5dca00019abdbd,"11/30/2021, 14:41:44"
3516,E_F_jennifer_aniston.jpg,P_M_bill_clinton.jpg,FALSE,pictures/stimuli/E,pictures/stimuli/P,F,M,4,5c3d19e75f5dca00019abdbd,"11/30/2021, 14:41:44"
2138,P_F_esther_mcvey.jpg,P_M_Tony_Blair.jpg,TRUE,pictures/stimuli/P,pictures/stimuli/P,F,M,6,5c3d19e75f5dca00019abdbd,"11/30/2021, 14:41:44"
3149,P_F_PRITI_PATEL.jpg,P_F_tehresy_may.jpg,TRUE,pictures/stimuli/P,pictures/stimuli/P,F,F,6,5c3d19e75f5dca00019abdbd,"11/30/2021, 14:41:44"
2507,E_F_Judi_Dench.jpg,P_F_tehresy_may.jpg,FALSE,pictures/stimuli/E,pictures/stimuli/P,F,F,4,5c3d19e75f5dca00019abdbd,"11/30/2021, 14:41:44"
9438,E_F_Judi_Dench.jpg,E_M_Martin_Freeman.jpg,TRUE,pictures/stimuli/E,pictures/stimuli/E,F,M,2,5c3d19e75f5dca00019abdbd,"11/30/2021, 14:41:44"
2104,E_F_angelina_jolie.jpg,P_F_esther_mcvey.jpg,FALSE,pictures/stimuli/E,pictures/stimuli/P,F,F,6,5c3d19e75f5dca00019abdbd,"11/30/2021, 14:41:44"
2130,E_M_nicolas_cage.jpg,P_M_bill_clinton.jpg,FALSE,pictures/stimuli/E,pictures/stimuli/P,M,M,6,5c3d19e75f5dca00019abdbd,"11/30/2021, 14:41:44"
2866,P_M_david_cameron.jpg,P_M_Tony_Blair.jpg,TRUE,pictures/stimuli/P,pictures/stimuli/P,M,M,4,5c3d19e75f5dca00019abdbd,"11/30/2021, 14:41:44"
3567,E_F_Judi_Dench.jpg,P_M_bill_clinton.jpg,FALSE,pictures/stimuli/E,pictures/stimuli/P,F,M,5,5c3d19e75f5dca00019abdbd,"11/30/2021, 14:41:44"
2203,E_F_keira_knightley.jpg,E_M_tom_hankes.jpg,TRUE,pictures/stimuli/E,pictures/stimuli/E,F,M,6,5c3d19e75f5dca00019abdbd,"11/30/2021, 14:41:44"
2095,P_M_bill_clinton.jpg,P_M_Tony_Blair.jpg,TRUE,pictures/stimuli/P,pictures/stimuli/P,M,M,4,5c3d19e75f5dca00019abdbd,"11/30/2021, 14:41:44"
4401,E_F_sandra_bullock.jpg,P_M_george_Wbush.jpg,FALSE,pictures/stimuli/E,pictures/stimuli/P,F,M,5,5c3d19e75f5dca00019abdbd,"11/30/2021, 14:41:44"
4264,E_M_liam_neeson.jpg,E_M_michael_caine.jpg,TRUE,pictures/stimuli/E,pictures/stimuli/E,M,M,4,5c3d19e75f5dca00019abdbd,"11/30/2021, 14:41:44"
2255,E_M_tom_hankes.jpg,P_M_boris_johnson.jpg,FALSE,pictures/stimuli/E,pictures/stimuli/P,M,M,5,5c3d19e75f5dca00019abdbd,"11/30/2021, 14:41:44"
2180,E_F_Kate_Winslet.jpg,E_M_Martin_Freeman.jpg,TRUE,pictures/stimuli/E,pictures/stimuli/E,F,M,6,5c3d19e75f5dca00019abdbd,"11/30/2021, 14:41:44"
2670,E_F_keira_knightley.jpg,E_F_sandra_bullock.jpg,TRUE,pictures/stimuli/E,pictures/stimuli/E,F,F,4,5c3d19e75f5dca00019abdbd,"11/30/2021, 14:41:44"
2480,E_F_jennifer_aniston.jpg,E_M_nicolas_cage.jpg,TRUE,pictures/stimuli/E,pictures/stimuli/E,F,M,5,5c3d19e75f5dca00019abdbd,"11/30/2021, 14:41:44"
2071,E_M_liam_neeson.jpg,E_M_Martin_Freeman.jpg,TRUE,pictures/stimuli/E,pictures/stimuli/E,M,M,6,5c3d19e75f5dca00019abdbd,"11/30/2021, 14:41:44"
3599,P_F_angela_rayner.jpg,P_M_Tony_Blair.jpg,TRUE,pictures/stimuli/P,pictures/stimuli/P,F,M,3,5c3d19e75f5dca00019abdbd,"11/30/2021, 14:41:44"
3167,E_F_Kate_Winslet.jpg,P_F_PRITI_PATEL.jpg,FALSE,pictures/stimuli/E,pictures/stimuli/P,F,F,4,5c3d19e75f5dca00019abdbd,"11/30/2021, 14:41:44"
3067,P_M_bill_clinton.jpg,P_M_george_Wbush.jpg,TRUE,pictures/stimuli/P,pictures/stimuli/P,M,M,6,5c3d19e75f5dca00019abdbd,"11/30/2021, 14:41:44"
4177,E_F_Kate_Winslet.jpg,P_M_david_cameron.jpg,FALSE,pictures/stimuli/E,pictures/stimuli/P,F,M,5,5c3d19e75f5dca00019abdbd,"11/30/2021, 14:41:44"
3347,P_M_bill_clinton.jpg,P_M_boris_johnson.jpg,TRUE,pictures/stimuli/P,pictures/stimuli/P,M,M,4,5c3d19e75f5dca00019abdbd,"11/30/2021, 14:41:44"
2862,P_F_esther_mcvey.jpg,P_F_tehresy_may.jpg,TRUE,pictures/stimuli/P,pictures/stimuli/P,F,F,3,5c3d19e75f5dca00019abdbd,"11/30/2021, 14:41:44"
5557,P_F_tehresy_may.jpg,P_M_Tony_Blair.jpg,TRUE,pictures/stimuli/P,pictures/stimuli/P,F,M,4,5c3d19e75f5dca00019abdbd,"11/30/2021, 14:41:44"
5465,P_F_hillary_clinton.jpg,P_F_nicola_sturgeon.jpg,TRUE,pictures/stimuli/P,pictures/stimuli/P,F,F,4,5c3d19e75f5dca00019abdbd,"11/30/2021, 14:41:44"
3475,E_F_keira_knightley.jpg,P_M_Tony_Blair.jpg,FALSE,pictures/stimuli/E,pictures/stimuli/P,F,M,5,5c3d19e75f5dca00019abdbd,"11/30/2021, 14:41:44"
2967,E_M_liam_neeson.jpg,P_F_angela_rayner.jpg,FALSE,pictures/stimuli/E,pictures/stimuli/P,M,F,6,5c3d19e75f5dca00019abdbd,"11/30/2021, 14:41:44"
2750,E_F_sandra_bullock.jpg,E_M_nicolas_cage.jpg,TRUE,pictures/stimuli/E,pictures/stimuli/E,F,M,6,5c3d19e75f5dca00019abdbd,"11/30/2021, 14:41:44"
2491,E_M_nicolas_cage.jpg,P_M_Tony_Blair.jpg,FALSE,pictures/stimuli/E,pictures/stimuli/P,M,M,4,5c3d19e75f5dca00019abdbd,"11/30/2021, 14:41:44"
4337,E_F_angelina_jolie.jpg,P_M_Tony_Blair.jpg,FALSE,pictures/stimuli/E,pictures/stimuli/P,F,M,3,5c3d19e75f5dca00019abdbd,"11/30/2021, 14:41:44"
3262,E_M_robert_de_niro.jpg,P_F_angela_rayner.jpg,FALSE,pictures/stimuli/E,pictures/stimuli/P,M,F,4,5c3d19e75f5dca00019abdbd,"11/30/2021, 14:41:44"
3471,P_M_george_Wbush.jpg,P_M_Tony_Blair.jpg,TRUE,pictures/stimuli/P,pictures/stimuli/P,M,M,4,5c3d19e75f5dca00019abdbd,"11/30/2021, 14:41:44"
3726,E_F_angelina_jolie.jpg,E_F_keira_knightley.jpg,TRUE,pictures/stimuli/E,pictures/stimuli/E,F,F,4,5c3d19e75f5dca00019abdbd,"11/30/2021, 14:41:44"
4431,P_F_nicola_sturgeon.jpg,P_F_PRITI_PATEL.jpg,TRUE,pictures/stimuli/P,pictures/stimuli/P,F,F,6,5c3d19e75f5dca00019abdbd,"11/30/2021, 14:41:44"
3176,E_F_angelina_jolie.jpg,P_F_hillary_clinton.jpg,FALSE,pictures/stimuli/E,pictures/stimuli/P,F,F,6,5c3d19e75f5dca00019abdbd,"11/30/2021, 14:41:44"
3178,P_F_angela_rayner.jpg,P_F_esther_mcvey.jpg,TRUE,pictures/stimuli/P,pictures/stimuli/P,F,F,5,5c3d19e75f5dca00019abdbd,"11/30/2021, 14:41:44"
4181,E_F_Judi_Dench.jpg,P_F_nicola_sturgeon.jpg,FALSE,pictures/stimuli/E,pictures/stimuli/P,F,F,6,5c3d19e75f5dca00019abdbd,"11/30/2021, 14:41:44"
2659,P_F_tehresy_may.jpg,P_M_george_Wbush.jpg,TRUE,pictures/stimuli/P,pictures/stimuli/P,F,M,4,5c3d19e75f5dca00019abdbd,"11/30/2021, 14:41:44"
5368,E_F_Kate_Winslet.jpg,P_F_hillary_clinton.jpg,FALSE,pictures/stimuli/E,pictures/stimuli/P,F,F,3,5c3d19e75f5dca00019abdbd,"11/30/2021, 14:41:44"
2984,E_F_keira_knightley.jpg,E_M_Martin_Freeman.jpg,TRUE,pictures/stimuli/E,pictures/stimuli/E,F,M,6,5c3d19e75f5dca00019abdbd,"11/30/2021, 14:41:44"
3265,E_F_Judi_Dench.jpg,E_M_nicolas_cage.jpg,TRUE,pictures/stimuli/E,pictures/stimuli/E,F,M,6,5c3d19e75f5dca00019abdbd,"11/30/2021, 14:41:44"
3217,P_F_esther_mcvey.jpg,P_M_david_cameron.jpg,TRUE,pictures/stimuli/P,pictures/stimuli/P,F,M,4,5c3d19e75f5dca00019abdbd,"11/30/2021, 14:41:44"
5011,E_F_angelina_jolie.jpg,E_M_liam_neeson.jpg,TRUE,pictures/stimuli/E,pictures/stimuli/E,F,M,4,5c3d19e75f5dca00019abdbd,"11/30/2021, 14:41:44"
3040,P_F_nicola_sturgeon.jpg,P_M_donald_trump.jpg,TRUE,pictures/stimuli/P,pictures/stimuli/P,F,M,6,5c3d19e75f5dca00019abdbd,"11/30/2021, 14:41:44"
3914,E_F_Judi_Dench.jpg,E_M_anthony_hopkins.jpg,TRUE,pictures/stimuli/E,pictures/stimuli/E,F,M,4,5c3d19e75f5dca00019abdbd,"11/30/2021, 14:41:44"
2513,E_M_liam_neeson.jpg,P_M_bill_clinton.jpg,FALSE,pictures/stimuli/E,pictures/stimuli/P,M,M,6,5c3d19e75f5dca00019abdbd,"11/30/2021, 14:41:44"
5332,E_F_jennifer_aniston.jpg,E_M_Martin_Freeman.jpg,TRUE,pictures/stimuli/E,pictures/stimuli/E,F,M,3,5c3d19e75f5dca00019abdbd,"11/30/2021, 14:41:44"
2698,E_F_angelina_jolie.jpg,E_F_sandra_bullock.jpg,TRUE,pictures/stimuli/E,pictures/stimuli/E,F,F,4,5c3d19e75f5dca00019abdbd,"11/30/2021, 14:41:44"
4397,E_M_michael_caine.jpg,P_M_donald_trump.jpg,FALSE,pictures/stimuli/E,pictures/stimuli/P,M,M,4,5c3d19e75f5dca00019abdbd,"11/30/2021, 14:41:44"
3834,E_M_tom_hankes.jpg,P_M_Tony_Blair.jpg,FALSE,pictures/stimuli/E,pictures/stimuli/P,M,M,3,5c3d19e75f5dca00019abdbd,"11/30/2021, 14:41:44"
4467,E_F_keira_knightley.jpg,P_F_nicola_sturgeon.jpg,FALSE,pictures/stimuli/E,pictures/stimuli/P,F,F,3,5c3d19e75f5dca00019abdbd,"11/30/2021, 14:41:44"
4659,E_F_jennifer_aniston.jpg,E_F_keira_knightley.jpg,TRUE,pictures/stimuli/E,pictures/stimuli/E,F,F,3,5c3d19e75f5dca00019abdbd,"11/30/2021, 14:41:44"
3577,P_M_boris_johnson.jpg,P_M_Tony_Blair.jpg,TRUE,pictures/stimuli/P,pictures/stimuli/P,M,M,5,5c3d19e75f5dca00019abdbd,"11/30/2021, 14:41:44"
3162,E_F_angelina_jolie.jpg,P_F_PRITI_PATEL.jpg,FALSE,pictures/stimuli/E,pictures/stimuli/P,F,F,4,5c3d19e75f5dca00019abdbd,"11/30/2021, 14:41:44"
2030,E_F_keira_knightley.jpg,P_M_bill_clinton.jpg,FALSE,pictures/stimuli/E,pictures/stimuli/P,F,M,6,5c3d19e75f5dca00019abdbd,"11/30/2021, 14:41:44"
3698,E_M_michael_caine.jpg,P_F_hillary_clinton.jpg,FALSE,pictures/stimuli/E,pictures/stimuli/P,M,F,5,5c3d19e75f5dca00019abdbd,"11/30/2021, 14:41:44"
7582,E_F_Judi_Dench.jpg,E_F_Kate_Winslet.jpg,TRUE,pictures/stimuli/E,pictures/stimuli/E,F,F,3,5c3d19e75f5dca00019abdbd,"11/30/2021, 14:41:44"
2309,E_F_sandra_bullock.jpg,P_F_esther_mcvey.jpg,FALSE,pictures/stimuli/E,pictures/stimuli/P,F,F,6,5c3d19e75f5dca00019abdbd,"11/30/2021, 14:41:44"
4340,P_F_angela_rayner.jpg,P_M_george_Wbush.jpg,TRUE,pictures/stimuli/P,pictures/stimuli/P,F,M,5,5c3d19e75f5dca00019abdbd,"11/30/2021, 14:41:44"
3718,E_F_sandra_bullock.jpg,E_M_robert_de_niro.jpg,TRUE,pictures/stimuli/E,pictures/stimuli/E,F,M,4,5c3d19e75f5dca00019abdbd,"11/30/2021, 14:41:44"
2036,E_M_Hugh_Grant.jpg,E_M_Martin_Freeman.jpg,TRUE,pictures/stimuli/E,pictures/stimuli/E,M,M,6,5c3d19e75f5dca00019abdbd,"11/30/2021, 14:41:44"
4212,E_M_liam_neeson.jpg,P_F_esther_mcvey.jpg,FALSE,pictures/stimuli/E,pictures/stimuli/P,M,F,4,5c3d19e75f5dca00019abdbd,"11/30/2021, 14:41:44"
2982,E_F_Judi_Dench.jpg,P_F_hillary_clinton.jpg,FALSE,pictures/stimuli/E,pictures/stimuli/P,F,F,5,5c3d19e75f5dca00019abdbd,"11/30/2021, 14:41:44"
2442,E_M_anthony_hopkins.jpg,P_M_david_cameron.jpg,FALSE,pictures/stimuli/E,pictures/stimuli/P,M,M,6,5c3d19e75f5dca00019abdbd,"11/30/2021, 14:41:44"
3743,E_F_jennifer_aniston.jpg,E_F_Judi_Dench.jpg,TRUE,pictures/stimuli/E,pictures/stimuli/E,F,F,3,5c3d19e75f5dca00019abdbd,"11/30/2021, 14:41:44"
3471,P_F_nicola_sturgeon.jpg,P_M_david_cameron.jpg,TRUE,pictures/stimuli/P,pictures/stimuli/P,F,M,3,5c3d19e75f5dca00019abdbd,"11/30/2021, 14:41:44"
5025,E_M_nicolas_cage.jpg,P_F_angela_rayner.jpg,FALSE,pictures/stimuli/E,pictures/stimuli/P,M,F,3,5c3d19e75f5dca00019abdbd,"11/30/2021, 14:41:44"
3001,P_F_angela_rayner.jpg,P_F_PRITI_PATEL.jpg,TRUE,pictures/stimuli/P,pictures/stimuli/P,F,F,6,5c3d19e75f5dca00019abdbd,"11/30/2021, 14:41:44"
2477,E_F_Kate_Winslet.jpg,P_M_boris_johnson.jpg,FALSE,pictures/stimuli/E,pictures/stimuli/P,F,M,3,5c3d19e75f5dca00019abdbd,"11/30/2021, 14:41:44"
2313,E_M_anthony_hopkins.jpg,E_M_Martin_Freeman.jpg,TRUE,pictures/stimuli/E,pictures/stimuli/E,M,M,3,5c3d19e75f5dca00019abdbd,"11/30/2021, 14:41:44"
3896,P_F_hillary_clinton.jpg,P_M_Tony_Blair.jpg,TRUE,pictures/stimuli/P,pictures/stimuli/P,F,M,5,5c3d19e75f5dca00019abdbd,"11/30/2021, 14:41:44"
2016,P_F_nicola_sturgeon.jpg,P_M_george_Wbush.jpg,TRUE,pictures/stimuli/P,pictures/stimuli/P,F,M,5,5c3d19e75f5dca00019abdbd,"11/30/2021, 14:41:44"
2301,E_F_sandra_bullock.jpg,P_F_angela_rayner.jpg,FALSE,pictures/stimuli/E,pictures/stimuli/P,F,F,6,5c3d19e75f5dca00019abdbd,"11/30/2021, 14:41:44"
2000,E_F_angelina_jolie.jpg,P_M_boris_johnson.jpg,FALSE,pictures/stimuli/E,pictures/stimuli/P,F,M,6,5c3d19e75f5dca00019abdbd,"11/30/2021, 14:41:44"
2296,E_M_liam_neeson.jpg,E_M_tom_hankes.jpg,TRUE,pictures/stimuli/E,pictures/stimuli/E,M,M,4,5c3d19e75f5dca00019abdbd,"11/30/2021, 14:41:44"
2350,P_F_hillary_clinton.jpg,P_M_donald_trump.jpg,TRUE,pictures/stimuli/P,pictures/stimuli/P,F,M,3,5c3d19e75f5dca00019abdbd,"11/30/2021, 14:41:44"
2961,E_F_Kate_Winslet.jpg,E_M_tom_hankes.jpg,TRUE,pictures/stimuli/E,pictures/stimuli/E,F,M,4,5c3d19e75f5dca00019abdbd,"11/30/2021, 14:41:44"
2306,P_F_esther_mcvey.jpg,P_F_PRITI_PATEL.jpg,TRUE,pictures/stimuli/P,pictures/stimuli/P,F,F,5,5c3d19e75f5dca00019abdbd,"11/30/2021, 14:41:44"
2755,E_M_michael_caine.jpg,P_F_esther_mcvey.jpg,FALSE,pictures/stimuli/E,pictures/stimuli/P,M,F,4,5c3d19e75f5dca00019abdbd,"11/30/2021, 14:41:44"
1882,E_F_sandra_bullock.jpg,E_M_liam_neeson.jpg,TRUE,pictures/stimuli/E,pictures/stimuli/E,F,M,6,5c3d19e75f5dca00019abdbd,"11/30/2021, 14:41:44"
2103,E_F_sandra_bullock.jpg,E_M_Martin_Freeman.jpg,TRUE,pictures/stimuli/E,pictures/stimuli/E,F,M,5,5c3d19e75f5dca00019abdbd,"11/30/2021, 14:41:44"
3174,P_M_david_cameron.jpg,P_M_george_Wbush.jpg,TRUE,pictures/stimuli/P,pictures/stimuli/P,M,M,6,5c3d19e75f5dca00019abdbd,"11/30/2021, 14:41:44"
4967,E_M_robert_de_niro.jpg,P_F_hillary_clinton.jpg,FALSE,pictures/stimuli/E,pictures/stimuli/P,M,F,5,5c3d19e75f5dca00019abdbd,"11/30/2021, 14:41:44"
3805,P_F_angela_rayner.jpg,P_M_david_cameron.jpg,TRUE,pictures/stimuli/P,pictures/stimuli/P,F,M,3,5c3d19e75f5dca00019abdbd,"11/30/2021, 14:41:44"
3033,E_F_sandra_bullock.jpg,P_F_tehresy_may.jpg,FALSE,pictures/stimuli/E,pictures/stimuli/P,F,F,4,5c3d19e75f5dca00019abdbd,"11/30/2021, 14:41:44"
2082,E_F_jennifer_aniston.jpg,P_M_george_Wbush.jpg,FALSE,pictures/stimuli/E,pictures/stimuli/P,F,M,6,5c3d19e75f5dca00019abdbd,"11/30/2021, 14:41:44"
2787,P_M_donald_trump.jpg,P_M_Tony_Blair.jpg,TRUE,pictures/stimuli/P,pictures/stimuli/P,M,M,5,5c3d19e75f5dca00019abdbd,"11/30/2021, 14:41:44"
2796,E_F_angelina_jolie.jpg,E_F_Kate_Winslet.jpg,TRUE,pictures/stimuli/E,pictures/stimuli/E,F,F,4,5c3d19e75f5dca00019abdbd,"11/30/2021, 14:41:44"
1948,E_F_keira_knightley.jpg,E_M_robert_de_niro.jpg,TRUE,pictures/stimuli/E,pictures/stimuli/E,F,M,6,5c3d19e75f5dca00019abdbd,"11/30/2021, 14:41:44"
2947,E_F_keira_knightley.jpg,P_M_george_Wbush.jpg,FALSE,pictures/stimuli/E,pictures/stimuli/P,F,M,4,5c3d19e75f5dca00019abdbd,"11/30/2021, 14:41:44"
3231,E_F_Kate_Winslet.jpg,P_F_nicola_sturgeon.jpg,FALSE,pictures/stimuli/E,pictures/stimuli/P,F,F,5,5c3d19e75f5dca00019abdbd,"11/30/2021, 14:41:44"
4742,E_M_michael_caine.jpg,P_F_PRITI_PATEL.jpg,FALSE,pictures/stimuli/E,pictures/stimuli/P,M,F,3,5c3d19e75f5dca00019abdbd,"11/30/2021, 14:41:44"
3362,E_M_anthony_hopkins.jpg,P_F_tehresy_may.jpg,FALSE,pictures/stimuli/E,pictures/stimuli/P,M,F,3,5c3d19e75f5dca00019abdbd,"11/30/2021, 14:41:44"
4709,E_F_Kate_Winslet.jpg,P_F_tehresy_may.jpg,FALSE,pictures/stimuli/E,pictures/stimuli/P,F,F,6,5c3d19e75f5dca00019abdbd,"11/30/2021, 14:41:44"
2132,E_F_Judi_Dench.jpg,E_M_michael_caine.jpg,TRUE,pictures/stimuli/E,pictures/stimuli/E,F,M,5,5c3d19e75f5dca00019abdbd,"11/30/2021, 14:41:44"
3573,E_F_sandra_bullock.jpg,P_F_nicola_sturgeon.jpg,FALSE,pictures/stimuli/E,pictures/stimuli/P,F,F,6,5c3d19e75f5dca00019abdbd,"11/30/2021, 14:41:44"
2902,E_M_robert_de_niro.jpg,P_F_esther_mcvey.jpg,FALSE,pictures/stimuli/E,pictures/stimuli/P,M,F,6,5c3d19e75f5dca00019abdbd,"11/30/2021, 14:41:44"
3209,E_F_angelina_jolie.jpg,E_M_robert_de_niro.jpg,TRUE,pictures/stimuli/E,pictures/stimuli/E,F,M,6,5c3d19e75f5dca00019abdbd,"11/30/2021, 14:41:44"
3502,E_F_Judi_Dench.jpg,E_M_Hugh_Grant.jpg,TRUE,pictures/stimuli/E,pictures/stimuli/E,F,M,6,5c3d19e75f5dca00019abdbd,"11/30/2021, 14:41:44"
2441,E_F_keira_knightley.jpg,E_M_Hugh_Grant.jpg,TRUE,pictures/stimuli/E,pictures/stimuli/E,F,M,4,5c3d19e75f5dca00019abdbd,"11/30/2021, 14:41:44"
2115,E_M_Hugh_Grant.jpg,P_M_donald_trump.jpg,FALSE,pictures/stimuli/E,pictures/stimuli/P,M,M,6,5c3d19e75f5dca00019abdbd,"11/30/2021, 14:41:44"
3404,E_M_nicolas_cage.jpg,P_M_david_cameron.jpg,FALSE,pictures/stimuli/E,pictures/stimuli/P,M,M,3,5c3d19e75f5dca00019abdbd,"11/30/2021, 14:41:44"
2984,E_F_angelina_jolie.jpg,P_F_tehresy_may.jpg,FALSE,pictures/stimuli/E,pictures/stimuli/P,F,F,6,5c3d19e75f5dca00019abdbd,"11/30/2021, 14:41:44"
2886,E_F_sandra_bullock.jpg,E_M_michael_caine.jpg,TRUE,pictures/stimuli/E,pictures/stimuli/E,F,M,3,5c3d19e75f5dca00019abdbd,"11/30/2021, 14:41:44"
1896,E_M_Hugh_Grant.jpg,P_F_PRITI_PATEL.jpg,FALSE,pictures/stimuli/E,pictures/stimuli/P,M,F,5,5c3d19e75f5dca00019abdbd,"11/30/2021, 14:41:44"
2517,P_F_esther_mcvey.jpg,P_M_bill_clinton.jpg,TRUE,pictures/stimuli/P,pictures/stimuli/P,F,M,3,5c3d19e75f5dca00019abdbd,"11/30/2021, 14:41:44"
4970,E_M_Martin_Freeman.jpg,E_M_tom_hankes.jpg,TRUE,pictures/stimuli/E,pictures/stimuli/E,M,M,3,5c3d19e75f5dca00019abdbd,"11/30/2021, 14:41:44"
3596,E_F_sandra_bullock.jpg,P_F_hillary_clinton.jpg,FALSE,pictures/stimuli/E,pictures/stimuli/P,F,F,2,5c3d19e75f5dca00019abdbd,"11/30/2021, 14:41:44"
3410,E_F_jennifer_aniston.jpg,P_F_angela_rayner.jpg,FALSE,pictures/stimuli/E,pictures/stimuli/P,F,F,4,5c3d19e75f5dca00019abdbd,"11/30/2021, 14:41:44"
2441,E_M_anthony_hopkins.jpg,P_F_esther_mcvey.jpg,FALSE,pictures/stimuli/E,pictures/stimuli/P,M,F,3,5c3d19e75f5dca00019abdbd,"11/30/2021, 14:41:44"
3010,E_F_Kate_Winslet.jpg,E_M_robert_de_niro.jpg,TRUE,pictures/stimuli/E,pictures/stimuli/E,F,M,2,5c3d19e75f5dca00019abdbd,"11/30/2021, 14:41:44"
1951,E_F_angelina_jolie.jpg,E_M_michael_caine.jpg,TRUE,pictures/stimuli/E,pictures/stimuli/E,F,M,6,5c3d19e75f5dca00019abdbd,"11/30/2021, 14:41:44"
2732,E_M_Martin_Freeman.jpg,P_F_angela_rayner.jpg,FALSE,pictures/stimuli/E,pictures/stimuli/P,M,F,6,5c3d19e75f5dca00019abdbd,"11/30/2021, 14:41:44"
2664,E_F_Judi_Dench.jpg,P_F_esther_mcvey.jpg,FALSE,pictures/stimuli/E,pictures/stimuli/P,F,F,4,5c3d19e75f5dca00019abdbd,"11/30/2021, 14:41:44"
1982,E_M_michael_caine.jpg,P_F_tehresy_may.jpg,FALSE,pictures/stimuli/E,pictures/stimuli/P,M,F,6,5c3d19e75f5dca00019abdbd,"11/30/2021, 14:41:44"
3028,E_F_Judi_Dench.jpg,P_F_PRITI_PATEL.jpg,FALSE,pictures/stimuli/E,pictures/stimuli/P,F,F,6,5c3d19e75f5dca00019abdbd,"11/30/2021, 14:41:44"
2251,E_M_Martin_Freeman.jpg,P_M_bill_clinton.jpg,FALSE,pictures/stimuli/E,pictures/stimuli/P,M,M,6,5c3d19e75f5dca00019abdbd,"11/30/2021, 14:41:44"
2848,E_F_Judi_Dench.jpg,E_F_sandra_bullock.jpg,TRUE,pictures/stimuli/E,pictures/stimuli/E,F,F,6,5c3d19e75f5dca00019abdbd,"11/30/2021, 14:41:44"
1695,E_F_sandra_bullock.jpg,E_M_tom_hankes.jpg,TRUE,pictures/stimuli/E,pictures/stimuli/E,F,M,6,5c3d19e75f5dca00019abdbd,"11/30/2021, 14:41:44"
2048,E_F_jennifer_aniston.jpg,E_F_Kate_Winslet.jpg,TRUE,pictures/stimuli/E,pictures/stimuli/E,F,F,4,5c3d19e75f5dca00019abdbd,"11/30/2021, 14:41:44"
2244,E_M_anthony_hopkins.jpg,P_F_angela_rayner.jpg,FALSE,pictures/stimuli/E,pictures/stimuli/P,M,F,6,5c3d19e75f5dca00019abdbd,"11/30/2021, 14:41:44"
2246,E_M_michael_caine.jpg,E_M_tom_hankes.jpg,TRUE,pictures/stimuli/E,pictures/stimuli/E,M,M,6,5c3d19e75f5dca00019abdbd,"11/30/2021, 14:41:44"
2317,E_F_sandra_bullock.jpg,P_M_david_cameron.jpg,FALSE,pictures/stimuli/E,pictures/stimuli/P,F,M,3,5c3d19e75f5dca00019abdbd,"11/30/2021, 14:41:44"
2396,E_M_nicolas_cage.jpg,P_F_tehresy_may.jpg,FALSE,pictures/stimuli/E,pictures/stimuli/P,M,F,6,5c3d19e75f5dca00019abdbd,"11/30/2021, 14:41:44"
2462,E_F_keira_knightley.jpg,P_F_tehresy_may.jpg,FALSE,pictures/stimuli/E,pictures/stimuli/P,F,F,3,5c3d19e75f5dca00019abdbd,"11/30/2021, 14:41:44"
2208,P_F_PRITI_PATEL.jpg,P_M_bill_clinton.jpg,TRUE,pictures/stimuli/P,pictures/stimuli/P,F,M,5,5c3d19e75f5dca00019abdbd,"11/30/2021, 14:41:44"
4094,P_F_nicola_sturgeon.jpg,P_M_Tony_Blair.jpg,TRUE,pictures/stimuli/P,pictures/stimuli/P,F,M,4,5c3d19e75f5dca00019abdbd,"11/30/2021, 14:41:44"
3308,E_F_jennifer_aniston.jpg,P_F_hillary_clinton.jpg,FALSE,pictures/stimuli/E,pictures/stimuli/P,F,F,3,5c3d19e75f5dca00019abdbd,"11/30/2021, 14:41:44"
2175,P_F_esther_mcvey.jpg,P_M_boris_johnson.jpg,TRUE,pictures/stimuli/P,pictures/stimuli/P,F,M,5,5c3d19e75f5dca00019abdbd,"11/30/2021, 14:41:44"
2606,E_F_Kate_Winslet.jpg,P_F_esther_mcvey.jpg,FALSE,pictures/stimuli/E,pictures/stimuli/P,F,F,5,5c3d19e75f5dca00019abdbd,"11/30/2021, 14:41:44"
2824,E_M_Hugh_Grant.jpg,P_F_nicola_sturgeon.jpg,FALSE,pictures/stimuli/E,pictures/stimuli/P,M,F,6,5c3d19e75f5dca00019abdbd,"11/30/2021, 14:41:44"
3841,E_F_sandra_bullock.jpg,P_M_bill_clinton.jpg,FALSE,pictures/stimuli/E,pictures/stimuli/P,F,M,4,5c3d19e75f5dca00019abdbd,"11/30/2021, 14:41:44"
1721,E_M_robert_de_niro.jpg,P_M_donald_trump.jpg,FALSE,pictures/stimuli/E,pictures/stimuli/P,M,M,6,5c3d19e75f5dca00019abdbd,"11/30/2021, 14:41:44"
1709,E_M_tom_hankes.jpg,P_M_george_Wbush.jpg,FALSE,pictures/stimuli/E,pictures/stimuli/P,M,M,6,5c3d19e75f5dca00019abdbd,"11/30/2021, 14:41:44"
1581,E_M_anthony_hopkins.jpg,E_M_liam_neeson.jpg,TRUE,pictures/stimuli/E,pictures/stimuli/E,M,M,6,5c3d19e75f5dca00019abdbd,"11/30/2021, 14:41:44"
1752,E_M_michael_caine.jpg,P_F_angela_rayner.jpg,FALSE,pictures/stimuli/E,pictures/stimuli/P,M,F,6,5c3d19e75f5dca00019abdbd,"11/30/2021, 14:41:44"
1670,E_M_anthony_hopkins.jpg,P_F_hillary_clinton.jpg,FALSE,pictures/stimuli/E,pictures/stimuli/P,M,F,6,5c3d19e75f5dca00019abdbd,"11/30/2021, 14:41:44"
2186,E_F_keira_knightley.jpg,P_F_PRITI_PATEL.jpg,FALSE,pictures/stimuli/E,pictures/stimuli/P,F,F,4,5c3d19e75f5dca00019abdbd,"11/30/2021, 14:41:44"
2611,P_F_PRITI_PATEL.jpg,P_M_boris_johnson.jpg,TRUE,pictures/stimuli/P,pictures/stimuli/P,F,M,5,5c3d19e75f5dca00019abdbd,"11/30/2021, 14:41:44"
2011,E_M_Hugh_Grant.jpg,E_M_tom_hankes.jpg,TRUE,pictures/stimuli/E,pictures/stimuli/E,M,M,6,5c3d19e75f5dca00019abdbd,"11/30/2021, 14:41:44"
2303,E_M_Hugh_Grant.jpg,P_M_boris_johnson.jpg,FALSE,pictures/stimuli/E,pictures/stimuli/P,M,M,4,5c3d19e75f5dca00019abdbd,"11/30/2021, 14:41:44"
2472,E_M_liam_neeson.jpg,P_M_Tony_Blair.jpg,FALSE,pictures/stimuli/E,pictures/stimuli/P,M,M,3,5c3d19e75f5dca00019abdbd,"11/30/2021, 14:41:44"
1722,P_F_esther_mcvey.jpg,P_M_george_Wbush.jpg,TRUE,pictures/stimuli/P,pictures/stimuli/P,F,M,3,5c3d19e75f5dca00019abdbd,"11/30/2021, 14:41:44"
3145,E_M_liam_neeson.jpg,E_M_nicolas_cage.jpg,TRUE,pictures/stimuli/E,pictures/stimuli/E,M,M,2,5c3d19e75f5dca00019abdbd,"11/30/2021, 14:41:44"
2522,E_F_Kate_Winslet.jpg,E_M_michael_caine.jpg,TRUE,pictures/stimuli/E,pictures/stimuli/E,F,M,4,5c3d19e75f5dca00019abdbd,"11/30/2021, 14:41:44"
3558,E_M_liam_neeson.jpg,E_M_robert_de_niro.jpg,TRUE,pictures/stimuli/E,pictures/stimuli/E,M,M,3,5c3d19e75f5dca00019abdbd,"11/30/2021, 14:41:44"
2070,E_M_michael_caine.jpg,E_M_nicolas_cage.jpg,TRUE,pictures/stimuli/E,pictures/stimuli/E,M,M,2,5c3d19e75f5dca00019abdbd,"11/30/2021, 14:41:44"
2550,E_M_tom_hankes.jpg,P_M_donald_trump.jpg,FALSE,pictures/stimuli/E,pictures/stimuli/P,M,M,3,5c3d19e75f5dca00019abdbd,"11/30/2021, 14:41:44"
1918,E_M_anthony_hopkins.jpg,P_F_PRITI_PATEL.jpg,FALSE,pictures/stimuli/E,pictures/stimuli/P,M,F,5,5c3d19e75f5dca00019abdbd,"11/30/2021, 14:41:44"
2273,E_F_keira_knightley.jpg,P_M_boris_johnson.jpg,FALSE,pictures/stimuli/E,pictures/stimuli/P,F,M,4,5c3d19e75f5dca00019abdbd,"11/30/2021, 14:41:44"
2655,E_M_Martin_Freeman.jpg,P_M_boris_johnson.jpg,FALSE,pictures/stimuli/E,pictures/stimuli/P,M,M,4,5c3d19e75f5dca00019abdbd,"11/30/2021, 14:41:44"
2950,E_F_Judi_Dench.jpg,P_F_angela_rayner.jpg,FALSE,pictures/stimuli/E,pictures/stimuli/P,F,F,4,5c3d19e75f5dca00019abdbd,"11/30/2021, 14:41:44"
2392,E_M_Hugh_Grant.jpg,P_M_george_Wbush.jpg,FALSE,pictures/stimuli/E,pictures/stimuli/P,M,M,4,5c3d19e75f5dca00019abdbd,"11/30/2021, 14:41:44"
2143,E_M_michael_caine.jpg,E_M_robert_de_niro.jpg,TRUE,pictures/stimuli/E,pictures/stimuli/E,M,M,3,5c3d19e75f5dca00019abdbd,"11/30/2021, 14:41:44"
2732,P_M_david_cameron.jpg,P_M_donald_trump.jpg,TRUE,pictures/stimuli/P,pictures/stimuli/P,M,M,5,5c3d19e75f5dca00019abdbd,"11/30/2021, 14:41:44"
2484,P_F_esther_mcvey.jpg,P_M_donald_trump.jpg,TRUE,pictures/stimuli/P,pictures/stimuli/P,F,M,4,5c3d19e75f5dca00019abdbd,"11/30/2021, 14:41:44"
2687,E_M_anthony_hopkins.jpg,P_M_donald_trump.jpg,FALSE,pictures/stimuli/E,pictures/stimuli/P,M,M,4,5c3d19e75f5dca00019abdbd,"11/30/2021, 14:41:44"
6964,E_F_jennifer_aniston.jpg,P_F_tehresy_may.jpg,FALSE,pictures/stimuli/E,pictures/stimuli/P,F,F,3,5c3d19e75f5dca00019abdbd,"11/30/2021, 14:41:44"
2940,E_M_nicolas_cage.jpg,P_F_nicola_sturgeon.jpg,FALSE,pictures/stimuli/E,pictures/stimuli/P,M,F,3,5c3d19e75f5dca00019abdbd,"11/30/2021, 14:41:44"
3069,E_F_angelina_jolie.jpg,E_M_Hugh_Grant.jpg,TRUE,pictures/stimuli/E,pictures/stimuli/E,F,M,6,5c3d19e75f5dca00019abdbd,"11/30/2021, 14:41:44"
2280,E_F_Judi_Dench.jpg,P_M_Tony_Blair.jpg,FALSE,pictures/stimuli/E,pictures/stimuli/P,F,M,4,5c3d19e75f5dca00019abdbd,"11/30/2021, 14:41:44"
2218,E_M_tom_hankes.jpg,P_F_tehresy_may.jpg,FALSE,pictures/stimuli/E,pictures/stimuli/P,M,F,6,5c3d19e75f5dca00019abdbd,"11/30/2021, 14:41:44"
1714,E_M_michael_caine.jpg,P_F_nicola_sturgeon.jpg,FALSE,pictures/stimuli/E,pictures/stimuli/P,M,F,6,5c3d19e75f5dca00019abdbd,"11/30/2021, 14:41:44"
4073,E_F_jennifer_aniston.jpg,P_M_boris_johnson.jpg,FALSE,pictures/stimuli/E,pictures/stimuli/P,F,M,5,5c3d19e75f5dca00019abdbd,"11/30/2021, 14:41:44"
2054,P_F_nicola_sturgeon.jpg,P_F_tehresy_may.jpg,TRUE,pictures/stimuli/P,pictures/stimuli/P,F,F,3,5c3d19e75f5dca00019abdbd,"11/30/2021, 14:41:44"
2093,E_F_Judi_Dench.jpg,P_M_george_Wbush.jpg,FALSE,pictures/stimuli/E,pictures/stimuli/P,F,M,6,5c3d19e75f5dca00019abdbd,"11/30/2021, 14:41:44"
2072,E_F_jennifer_aniston.jpg,E_M_robert_de_niro.jpg,TRUE,pictures/stimuli/E,pictures/stimuli/E,F,M,6,5c3d19e75f5dca00019abdbd,"11/30/2021, 14:41:44"
2035,E_M_Hugh_Grant.jpg,E_M_nicolas_cage.jpg,TRUE,pictures/stimuli/E,pictures/stimuli/E,M,M,6,5c3d19e75f5dca00019abdbd,"11/30/2021, 14:41:44"
1859,E_M_anthony_hopkins.jpg,E_M_michael_caine.jpg,TRUE,pictures/stimuli/E,pictures/stimuli/E,M,M,6,5c3d19e75f5dca00019abdbd,"11/30/2021, 14:41:44"
2512,P_M_bill_clinton.jpg,P_M_donald_trump.jpg,TRUE,pictures/stimuli/P,pictures/stimuli/P,M,M,6,5c3d19e75f5dca00019abdbd,"11/30/2021, 14:41:44"
2394,E_F_sandra_bullock.jpg,E_M_anthony_hopkins.jpg,TRUE,pictures/stimuli/E,pictures/stimuli/E,F,M,4,5c3d19e75f5dca00019abdbd,"11/30/2021, 14:41:44"
2013,E_M_Hugh_Grant.jpg,P_M_david_cameron.jpg,FALSE,pictures/stimuli/E,pictures/stimuli/P,M,M,4,5c3d19e75f5dca00019abdbd,"11/30/2021, 14:41:44"
3231,E_M_robert_de_niro.jpg,P_M_david_cameron.jpg,FALSE,pictures/stimuli/E,pictures/stimuli/P,M,M,6,5c3d19e75f5dca00019abdbd,"11/30/2021, 14:41:44"
2469,E_F_sandra_bullock.jpg,E_M_Hugh_Grant.jpg,TRUE,pictures/stimuli/E,pictures/stimuli/E,F,M,4,5c3d19e75f5dca00019abdbd,"11/30/2021, 14:41:44"
2903,E_F_Kate_Winslet.jpg,P_M_Tony_Blair.jpg,FALSE,pictures/stimuli/E,pictures/stimuli/P,F,M,5,5c3d19e75f5dca00019abdbd,"11/30/2021, 14:41:44"
2066,E_F_angelina_jolie.jpg,E_M_nicolas_cage.jpg,TRUE,pictures/stimuli/E,pictures/stimuli/E,F,M,6,5c3d19e75f5dca00019abdbd,"11/30/2021, 14:41:44"
2309,E_F_angelina_jolie.jpg,P_F_nicola_sturgeon.jpg,FALSE,pictures/stimuli/E,pictures/stimuli/P,F,F,5,5c3d19e75f5dca00019abdbd,"11/30/2021, 14:41:44"
2059,E_M_tom_hankes.jpg,P_M_bill_clinton.jpg,FALSE,pictures/stimuli/E,pictures/stimuli/P,M,M,3,5c3d19e75f5dca00019abdbd,"11/30/2021, 14:41:44"
2548,E_F_Kate_Winslet.jpg,P_F_angela_rayner.jpg,FALSE,pictures/stimuli/E,pictures/stimuli/P,F,F,6,5c3d19e75f5dca00019abdbd,"11/30/2021, 14:41:44"
2047,P_M_boris_johnson.jpg,P_M_david_cameron.jpg,TRUE,pictures/stimuli/P,pictures/stimuli/P,M,M,5,5c3d19e75f5dca00019abdbd,"11/30/2021, 14:41:44"
2422,E_F_jennifer_aniston.jpg,P_M_Tony_Blair.jpg,FALSE,pictures/stimuli/E,pictures/stimuli/P,F,M,3,5c3d19e75f5dca00019abdbd,"11/30/2021, 14:41:44"
2171,E_F_keira_knightley.jpg,E_M_michael_caine.jpg,TRUE,pictures/stimuli/E,pictures/stimuli/E,F,M,6,5c3d19e75f5dca00019abdbd,"11/30/2021, 14:41:44"
2722,E_M_nicolas_cage.jpg,E_M_tom_hankes.jpg,TRUE,pictures/stimuli/E,pictures/stimuli/E,M,M,4,5c3d19e75f5dca00019abdbd,"11/30/2021, 14:41:44"
2275,E_F_Kate_Winslet.jpg,E_M_Hugh_Grant.jpg,TRUE,pictures/stimuli/E,pictures/stimuli/E,F,M,6,5c3d19e75f5dca00019abdbd,"11/30/2021, 14:41:44"
3507,P_F_angela_rayner.jpg,P_F_nicola_sturgeon.jpg,TRUE,pictures/stimuli/P,pictures/stimuli/P,F,F,4,5c3d19e75f5dca00019abdbd,"11/30/2021, 14:41:44"
3108,E_M_anthony_hopkins.jpg,P_M_Tony_Blair.jpg,FALSE,pictures/stimuli/E,pictures/stimuli/P,M,M,5,5c3d19e75f5dca00019abdbd,"11/30/2021, 14:41:44"
1961,E_M_robert_de_niro.jpg,P_M_george_Wbush.jpg,FALSE,pictures/stimuli/E,pictures/stimuli/P,M,M,6,5c3d19e75f5dca00019abdbd,"11/30/2021, 14:41:44"
1635,E_F_angelina_jolie.jpg,P_M_george_Wbush.jpg,FALSE,pictures/stimuli/E,pictures/stimuli/P,F,M,6,5c3d19e75f5dca00019abdbd,"11/30/2021, 14:41:44"
2136,E_F_keira_knightley.jpg,P_M_david_cameron.jpg,FALSE,pictures/stimuli/E,pictures/stimuli/P,F,M,3,5c3d19e75f5dca00019abdbd,"11/30/2021, 14:41:44"
2341,E_M_Hugh_Grant.jpg,P_F_hillary_clinton.jpg,FALSE,pictures/stimuli/E,pictures/stimuli/P,M,F,3,5c3d19e75f5dca00019abdbd,"11/30/2021, 14:41:44"
3201,E_F_Kate_Winslet.jpg,P_M_george_Wbush.jpg,FALSE,pictures/stimuli/E,pictures/stimuli/P,F,M,2,5c3d19e75f5dca00019abdbd,"11/30/2021, 14:41:44"
3832,E_F_jennifer_aniston.jpg,P_M_donald_trump.jpg,FALSE,pictures/stimuli/E,pictures/stimuli/P,F,M,6,5c3d19e75f5dca00019abdbd,"11/30/2021, 14:41:44"
3108,E_M_liam_neeson.jpg,P_M_donald_trump.jpg,FALSE,pictures/stimuli/E,pictures/stimuli/P,M,M,5,5c3d19e75f5dca00019abdbd,"11/30/2021, 14:41:44"
2733,P_F_esther_mcvey.jpg,P_F_nicola_sturgeon.jpg,TRUE,pictures/stimuli/P,pictures/stimuli/P,F,F,5,5c3d19e75f5dca00019abdbd,"11/30/2021, 14:41:44"
2391,E_F_Kate_Winslet.jpg,P_M_bill_clinton.jpg,FALSE,pictures/stimuli/E,pictures/stimuli/P,F,M,4,5c3d19e75f5dca00019abdbd,"11/30/2021, 14:41:44"
2204,E_M_nicolas_cage.jpg,E_M_robert_de_niro.jpg,TRUE,pictures/stimuli/E,pictures/stimuli/E,M,M,3,5c3d19e75f5dca00019abdbd,"11/30/2021, 14:41:44"
2127,E_M_robert_de_niro.jpg,E_M_tom_hankes.jpg,TRUE,pictures/stimuli/E,pictures/stimuli/E,M,M,4,5c3d19e75f5dca00019abdbd,"11/30/2021, 14:41:44"
2145,E_F_angelina_jolie.jpg,E_M_Martin_Freeman.jpg,TRUE,pictures/stimuli/E,pictures/stimuli/E,F,M,6,5c3d19e75f5dca00019abdbd,"11/30/2021, 14:41:44"
2303,E_F_jennifer_aniston.jpg,E_M_michael_caine.jpg,TRUE,pictures/stimuli/E,pictures/stimuli/E,F,M,6,5c3d19e75f5dca00019abdbd,"11/30/2021, 14:41:44"
2076,E_F_Kate_Winslet.jpg,E_M_anthony_hopkins.jpg,TRUE,pictures/stimuli/E,pictures/stimuli/E,F,M,4,5c3d19e75f5dca00019abdbd,"11/30/2021, 14:41:44"
2550,E_M_michael_caine.jpg,P_M_bill_clinton.jpg,FALSE,pictures/stimuli/E,pictures/stimuli/P,M,M,3,5c3d19e75f5dca00019abdbd,"11/30/2021, 14:41:44"
2101,E_M_michael_caine.jpg,P_M_Tony_Blair.jpg,FALSE,pictures/stimuli/E,pictures/stimuli/P,M,M,6,5c3d19e75f5dca00019abdbd,"11/30/2021, 14:41:44"
2377,E_M_liam_neeson.jpg,P_F_nicola_sturgeon.jpg,FALSE,pictures/stimuli/E,pictures/stimuli/P,M,F,4,5c3d19e75f5dca00019abdbd,"11/30/2021, 14:41:44"
1773,E_M_liam_neeson.jpg,P_F_tehresy_may.jpg,FALSE,pictures/stimuli/E,pictures/stimuli/P,M,F,6,5c3d19e75f5dca00019abdbd,"11/30/2021, 14:41:44"
1695,E_F_keira_knightley.jpg,E_M_nicolas_cage.jpg,TRUE,pictures/stimuli/E,pictures/stimuli/E,F,M,6,5c3d19e75f5dca00019abdbd,"11/30/2021, 14:41:44"
3711,E_F_Judi_Dench.jpg,E_F_keira_knightley.jpg,TRUE,pictures/stimuli/E,pictures/stimuli/E,F,F,6,5c3d19e75f5dca00019abdbd,"11/30/2021, 14:41:44"
1731,E_M_anthony_hopkins.jpg,P_M_bill_clinton.jpg,FALSE,pictures/stimuli/E,pictures/stimuli/P,M,M,6,5c3d19e75f5dca00019abdbd,"11/30/2021, 14:41:44"
2999,E_F_jennifer_aniston.jpg,E_F_sandra_bullock.jpg,TRUE,pictures/stimuli/E,pictures/stimuli/E,F,F,4,5c3d19e75f5dca00019abdbd,"11/30/2021, 14:41:44"
1848,E_F_keira_knightley.jpg,E_M_liam_neeson.jpg,TRUE,pictures/stimuli/E,pictures/stimuli/E,F,M,6,5c3d19e75f5dca00019abdbd,"11/30/2021, 14:41:44"
1856,E_F_keira_knightley.jpg,E_M_anthony_hopkins.jpg,TRUE,pictures/stimuli/E,pictures/stimuli/E,F,M,6,5c3d19e75f5dca00019abdbd,"11/30/2021, 14:41:44"
2217,E_F_jennifer_aniston.jpg,E_M_Hugh_Grant.jpg,TRUE,pictures/stimuli/E,pictures/stimuli/E,F,M,4,5c3d19e75f5dca00019abdbd,"11/30/2021, 14:41:44"
1944,P_M_bill_clinton.jpg,P_M_david_cameron.jpg,TRUE,pictures/stimuli/P,pictures/stimuli/P,M,M,3,5c3d19e75f5dca00019abdbd,"11/30/2021, 14:41:44"
2180,P_F_hillary_clinton.jpg,P_M_david_cameron.jpg,TRUE,pictures/stimuli/P,pictures/stimuli/P,F,M,2,5c3d19e75f5dca00019abdbd,"11/30/2021, 14:41:44"
1544,E_M_robert_de_niro.jpg,P_F_nicola_sturgeon.jpg,FALSE,pictures/stimuli/E,pictures/stimuli/P,M,F,6,5c3d19e75f5dca00019abdbd,"11/30/2021, 14:41:44"
2160,E_M_robert_de_niro.jpg,P_M_boris_johnson.jpg,FALSE,pictures/stimuli/E,pictures/stimuli/P,M,M,4,5c3d19e75f5dca00019abdbd,"11/30/2021, 14:41:44"
2633,E_M_michael_caine.jpg,P_M_george_Wbush.jpg,FALSE,pictures/stimuli/E,pictures/stimuli/P,M,M,3,5c3d19e75f5dca00019abdbd,"11/30/2021, 14:41:44"
1919,P_M_boris_johnson.jpg,P_M_george_Wbush.jpg,TRUE,pictures/stimuli/P,pictures/stimuli/P,M,M,2,5c3d19e75f5dca00019abdbd,"11/30/2021, 14:41:44"
2282,E_F_Judi_Dench.jpg,E_M_tom_hankes.jpg,TRUE,pictures/stimuli/E,pictures/stimuli/E,F,M,2,5c3d19e75f5dca00019abdbd,"11/30/2021, 14:41:44"
2566,E_M_robert_de_niro.jpg,P_M_bill_clinton.jpg,FALSE,pictures/stimuli/E,pictures/stimuli/P,M,M,6,5c3d19e75f5dca00019abdbd,"11/30/2021, 14:41:44"
2795,P_F_tehresy_may.jpg,P_M_david_cameron.jpg,TRUE,pictures/stimuli/P,pictures/stimuli/P,F,M,5,5c3d19e75f5dca00019abdbd,"11/30/2021, 14:41:44"
2119,P_F_PRITI_PATEL.jpg,P_M_george_Wbush.jpg,TRUE,pictures/stimuli/P,pictures/stimuli/P,F,M,5,5c3d19e75f5dca00019abdbd,"11/30/2021, 14:41:44"
2603,E_M_Martin_Freeman.jpg,P_F_nicola_sturgeon.jpg,FALSE,pictures/stimuli/E,pictures/stimuli/P,M,F,5,5c3d19e75f5dca00019abdbd,"11/30/2021, 14:41:44"
3750,P_M_donald_trump.jpg,P_M_george_Wbush.jpg,TRUE,pictures/stimuli/P,pictures/stimuli/P,M,M,3,5c3d19e75f5dca00019abdbd,"11/30/2021, 14:41:44"
1812,E_F_Kate_Winslet.jpg,E_F_sandra_bullock.jpg,TRUE,pictures/stimuli/E,pictures/stimuli/E,F,F,3,5c3d19e75f5dca00019abdbd,"11/30/2021, 14:41:44"
2415,E_F_Kate_Winslet.jpg,E_M_nicolas_cage.jpg,TRUE,pictures/stimuli/E,pictures/stimuli/E,F,M,2,5c3d19e75f5dca00019abdbd,"11/30/2021, 14:41:44"
3050,E_F_angelina_jolie.jpg,P_F_angela_rayner.jpg,FALSE,pictures/stimuli/E,pictures/stimuli/P,F,F,4,5c3d19e75f5dca00019abdbd,"11/30/2021, 14:41:44"
file,isFamiliar,5c3d19e75f5dca00019abdbd,"11/30/2021, 14:41:44"
P_F_PRITI_PATEL.jpg,0,5c3d19e75f5dca00019abdbd,"11/30/2021, 14:41:44"
P_M_bill_clinton.jpg,1,5c3d19e75f5dca00019abdbd,"11/30/2021, 14:41:44"
P_M_donald_trump.jpg,1,5c3d19e75f5dca00019abdbd,"11/30/2021, 14:41:44"
E_F_sandra_bullock.jpg,1,5c3d19e75f5dca00019abdbd,"11/30/2021, 14:41:44"
P_M_george_Wbush.jpg,1,5c3d19e75f5dca00019abdbd,"11/30/2021, 14:41:44"
E_M_Hugh_Grant.jpg,1,5c3d19e75f5dca00019abdbd,"11/30/2021, 14:41:44"
E_M_nicolas_cage.jpg,1,5c3d19e75f5dca00019abdbd,"11/30/2021, 14:41:44"
P_F_hillary_clinton.jpg,1,5c3d19e75f5dca00019abdbd,"11/30/2021, 14:41:44"
E_F_Judi_Dench.jpg,1,5c3d19e75f5dca00019abdbd,"11/30/2021, 14:41:44"
P_F_tehresy_may.jpg,1,5c3d19e75f5dca00019abdbd,"11/30/2021, 14:41:44"
E_M_Martin_Freeman.jpg,1,5c3d19e75f5dca00019abdbd,"11/30/2021, 14:41:44"
E_M_tom_hankes.jpg,1,5c3d19e75f5dca00019abdbd,"11/30/2021, 14:41:44"
P_F_esther_mcvey.jpg,0,5c3d19e75f5dca00019abdbd,"11/30/2021, 14:41:44"
P_F_angela_rayner.jpg,0,5c3d19e75f5dca00019abdbd,"11/30/2021, 14:41:44"
E_M_michael_caine.jpg,1,5c3d19e75f5dca00019abdbd,"11/30/2021, 14:41:44"
P_M_david_cameron.jpg,1,5c3d19e75f5dca00019abdbd,"11/30/2021, 14:41:44"
E_F_jennifer_aniston.jpg,1,5c3d19e75f5dca00019abdbd,"11/30/2021, 14:41:44"
E_F_Kate_Winslet.jpg,1,5c3d19e75f5dca00019abdbd,"11/30/2021, 14:41:44"
P_M_Tony_Blair.jpg,1,5c3d19e75f5dca00019abdbd,"11/30/2021, 14:41:44"
E_M_anthony_hopkins.jpg,1,5c3d19e75f5dca00019abdbd,"11/30/2021, 14:41:44"
E_M_robert_de_niro.jpg,1,5c3d19e75f5dca00019abdbd,"11/30/2021, 14:41:44"
E_M_liam_neeson.jpg,1,5c3d19e75f5dca00019abdbd,"11/30/2021, 14:41:44"
P_F_nicola_sturgeon.jpg,1,5c3d19e75f5dca00019abdbd,"11/30/2021, 14:41:44"
P_M_boris_johnson.jpg,1,5c3d19e75f5dca00019abdbd,"11/30/2021, 14:41:44"
E_F_angelina_jolie.jpg,1,5c3d19e75f5dca00019abdbd,"11/30/2021, 14:41:44"
E_F_keira_knightley.jpg,1,5c3d19e75f5dca00019abdbd,"11/30/2021, 14:41:44"
age: 35,gender: Female,handedness: left,5c3d19e75f5dca00019abdbd,"11/30/2021, 14:41:44"