RT,img_1,img_2,isSameProffesion,img1proffesion,img2proffesion,img1Gender,img2Gender,keyPressed,614efec3c2a8c6cdc116f224,"04/25/2022, 19:47:28"
11201,E_M_michael_caine.jpg,P_M_Tony_Blair.jpg,FALSE,pictures/stimuli/E,pictures/stimuli/P,M,M,5,614efec3c2a8c6cdc116f224,"04/25/2022, 19:47:28"
4768,E_M_tom_hankes.jpg,P_F_nicola_sturgeon.jpg,FALSE,pictures/stimuli/E,pictures/stimuli/P,M,F,6,614efec3c2a8c6cdc116f224,"04/25/2022, 19:47:28"
4370,E_M_Hugh_Grant.jpg,E_M_nicolas_cage.jpg,TRUE,pictures/stimuli/E,pictures/stimuli/E,M,M,4,614efec3c2a8c6cdc116f224,"04/25/2022, 19:47:28"
3404,P_F_hillary_clinton.jpg,P_M_donald_trump.jpg,TRUE,pictures/stimuli/P,pictures/stimuli/P,F,M,6,614efec3c2a8c6cdc116f224,"04/25/2022, 19:47:28"
3008,E_F_keira_knightley.jpg,E_M_michael_caine.jpg,TRUE,pictures/stimuli/E,pictures/stimuli/E,F,M,6,614efec3c2a8c6cdc116f224,"04/25/2022, 19:47:28"
5670,P_F_tehresy_may.jpg,P_M_george_Wbush.jpg,TRUE,pictures/stimuli/P,pictures/stimuli/P,F,M,4,614efec3c2a8c6cdc116f224,"04/25/2022, 19:47:28"
7091,E_M_Hugh_Grant.jpg,P_M_Tony_Blair.jpg,FALSE,pictures/stimuli/E,pictures/stimuli/P,M,M,6,614efec3c2a8c6cdc116f224,"04/25/2022, 19:47:28"
3170,E_M_tom_hankes.jpg,P_M_donald_trump.jpg,FALSE,pictures/stimuli/E,pictures/stimuli/P,M,M,6,614efec3c2a8c6cdc116f224,"04/25/2022, 19:47:28"
5153,E_F_jennifer_aniston.jpg,E_F_sandra_bullock.jpg,TRUE,pictures/stimuli/E,pictures/stimuli/E,F,F,5,614efec3c2a8c6cdc116f224,"04/25/2022, 19:47:28"
9630,E_F_Judi_Dench.jpg,P_M_boris_johnson.jpg,FALSE,pictures/stimuli/E,pictures/stimuli/P,F,M,4,614efec3c2a8c6cdc116f224,"04/25/2022, 19:47:28"
3044,E_F_sandra_bullock.jpg,P_F_tehresy_may.jpg,FALSE,pictures/stimuli/E,pictures/stimuli/P,F,F,6,614efec3c2a8c6cdc116f224,"04/25/2022, 19:47:28"
2735,E_F_sandra_bullock.jpg,P_M_donald_trump.jpg,FALSE,pictures/stimuli/E,pictures/stimuli/P,F,M,6,614efec3c2a8c6cdc116f224,"04/25/2022, 19:47:28"
3020,E_F_sandra_bullock.jpg,P_F_hillary_clinton.jpg,FALSE,pictures/stimuli/E,pictures/stimuli/P,F,F,6,614efec3c2a8c6cdc116f224,"04/25/2022, 19:47:28"
3985,E_F_sandra_bullock.jpg,P_M_david_cameron.jpg,FALSE,pictures/stimuli/E,pictures/stimuli/P,F,M,6,614efec3c2a8c6cdc116f224,"04/25/2022, 19:47:28"
2938,E_F_jennifer_aniston.jpg,E_M_Hugh_Grant.jpg,TRUE,pictures/stimuli/E,pictures/stimuli/E,F,M,6,614efec3c2a8c6cdc116f224,"04/25/2022, 19:47:28"
2891,E_F_angelina_jolie.jpg,P_M_donald_trump.jpg,FALSE,pictures/stimuli/E,pictures/stimuli/P,F,M,6,614efec3c2a8c6cdc116f224,"04/25/2022, 19:47:28"
5149,E_M_robert_de_niro.jpg,P_M_david_cameron.jpg,FALSE,pictures/stimuli/E,pictures/stimuli/P,M,M,6,614efec3c2a8c6cdc116f224,"04/25/2022, 19:47:28"
4421,P_M_bill_clinton.jpg,P_M_george_Wbush.jpg,TRUE,pictures/stimuli/P,pictures/stimuli/P,M,M,6,614efec3c2a8c6cdc116f224,"04/25/2022, 19:47:28"
2794,E_F_jennifer_aniston.jpg,E_F_Judi_Dench.jpg,TRUE,pictures/stimuli/E,pictures/stimuli/E,F,F,6,614efec3c2a8c6cdc116f224,"04/25/2022, 19:47:28"
2693,P_M_david_cameron.jpg,P_M_donald_trump.jpg,TRUE,pictures/stimuli/P,pictures/stimuli/P,M,M,6,614efec3c2a8c6cdc116f224,"04/25/2022, 19:47:28"
3194,E_F_sandra_bullock.jpg,E_M_nicolas_cage.jpg,TRUE,pictures/stimuli/E,pictures/stimuli/E,F,M,6,614efec3c2a8c6cdc116f224,"04/25/2022, 19:47:28"
2811,E_F_Judi_Dench.jpg,P_M_Tony_Blair.jpg,FALSE,pictures/stimuli/E,pictures/stimuli/P,F,M,6,614efec3c2a8c6cdc116f224,"04/25/2022, 19:47:28"
2679,E_M_Hugh_Grant.jpg,P_M_david_cameron.jpg,FALSE,pictures/stimuli/E,pictures/stimuli/P,M,M,5,614efec3c2a8c6cdc116f224,"04/25/2022, 19:47:28"
3026,E_F_Kate_Winslet.jpg,P_M_donald_trump.jpg,FALSE,pictures/stimuli/E,pictures/stimuli/P,F,M,6,614efec3c2a8c6cdc116f224,"04/25/2022, 19:47:28"
4127,P_M_george_Wbush.jpg,P_M_Tony_Blair.jpg,TRUE,pictures/stimuli/P,pictures/stimuli/P,M,M,4,614efec3c2a8c6cdc116f224,"04/25/2022, 19:47:28"
4076,E_F_angelina_jolie.jpg,E_F_Kate_Winslet.jpg,TRUE,pictures/stimuli/E,pictures/stimuli/E,F,F,5,614efec3c2a8c6cdc116f224,"04/25/2022, 19:47:28"
3782,P_F_nicola_sturgeon.jpg,P_F_tehresy_may.jpg,TRUE,pictures/stimuli/P,pictures/stimuli/P,F,F,5,614efec3c2a8c6cdc116f224,"04/25/2022, 19:47:28"
2861,E_M_nicolas_cage.jpg,P_F_tehresy_may.jpg,FALSE,pictures/stimuli/E,pictures/stimuli/P,M,F,6,614efec3c2a8c6cdc116f224,"04/25/2022, 19:47:28"
3693,E_M_tom_hankes.jpg,P_M_boris_johnson.jpg,FALSE,pictures/stimuli/E,pictures/stimuli/P,M,M,6,614efec3c2a8c6cdc116f224,"04/25/2022, 19:47:28"
3848,P_M_boris_johnson.jpg,P_M_donald_trump.jpg,TRUE,pictures/stimuli/P,pictures/stimuli/P,M,M,4,614efec3c2a8c6cdc116f224,"04/25/2022, 19:47:28"
2956,E_F_keira_knightley.jpg,E_M_robert_de_niro.jpg,TRUE,pictures/stimuli/E,pictures/stimuli/E,F,M,6,614efec3c2a8c6cdc116f224,"04/25/2022, 19:47:28"
71888,E_F_sandra_bullock.jpg,E_M_tom_hankes.jpg,TRUE,pictures/stimuli/E,pictures/stimuli/E,F,M,6,614efec3c2a8c6cdc116f224,"04/25/2022, 19:47:28"
4058,E_F_Kate_Winslet.jpg,P_M_boris_johnson.jpg,FALSE,pictures/stimuli/E,pictures/stimuli/P,F,M,5,614efec3c2a8c6cdc116f224,"04/25/2022, 19:47:28"
2891,E_F_jennifer_aniston.jpg,P_M_boris_johnson.jpg,FALSE,pictures/stimuli/E,pictures/stimuli/P,F,M,6,614efec3c2a8c6cdc116f224,"04/25/2022, 19:47:28"
3095,E_M_tom_hankes.jpg,P_F_tehresy_may.jpg,FALSE,pictures/stimuli/E,pictures/stimuli/P,M,F,6,614efec3c2a8c6cdc116f224,"04/25/2022, 19:47:28"
5141,E_M_nicolas_cage.jpg,P_M_donald_trump.jpg,FALSE,pictures/stimuli/E,pictures/stimuli/P,M,M,6,614efec3c2a8c6cdc116f224,"04/25/2022, 19:47:28"
4513,E_F_angelina_jolie.jpg,E_F_sandra_bullock.jpg,TRUE,pictures/stimuli/E,pictures/stimuli/E,F,F,5,614efec3c2a8c6cdc116f224,"04/25/2022, 19:47:28"
5173,P_F_hillary_clinton.jpg,P_F_nicola_sturgeon.jpg,TRUE,pictures/stimuli/P,pictures/stimuli/P,F,F,5,614efec3c2a8c6cdc116f224,"04/25/2022, 19:47:28"
4740,E_F_keira_knightley.jpg,P_M_david_cameron.jpg,FALSE,pictures/stimuli/E,pictures/stimuli/P,F,M,6,614efec3c2a8c6cdc116f224,"04/25/2022, 19:47:28"
2961,P_F_nicola_sturgeon.jpg,P_M_david_cameron.jpg,TRUE,pictures/stimuli/P,pictures/stimuli/P,F,M,5,614efec3c2a8c6cdc116f224,"04/25/2022, 19:47:28"
6804,E_M_nicolas_cage.jpg,E_M_tom_hankes.jpg,TRUE,pictures/stimuli/E,pictures/stimuli/E,M,M,6,614efec3c2a8c6cdc116f224,"04/25/2022, 19:47:28"
5956,E_M_nicolas_cage.jpg,P_M_david_cameron.jpg,FALSE,pictures/stimuli/E,pictures/stimuli/P,M,M,5,614efec3c2a8c6cdc116f224,"04/25/2022, 19:47:28"
2677,E_M_Hugh_Grant.jpg,P_M_donald_trump.jpg,FALSE,pictures/stimuli/E,pictures/stimuli/P,M,M,6,614efec3c2a8c6cdc116f224,"04/25/2022, 19:47:28"
3637,P_M_boris_johnson.jpg,P_M_george_Wbush.jpg,TRUE,pictures/stimuli/P,pictures/stimuli/P,M,M,5,614efec3c2a8c6cdc116f224,"04/25/2022, 19:47:28"
3326,E_F_jennifer_aniston.jpg,E_F_Kate_Winslet.jpg,TRUE,pictures/stimuli/E,pictures/stimuli/E,F,F,5,614efec3c2a8c6cdc116f224,"04/25/2022, 19:47:28"
3730,E_M_tom_hankes.jpg,P_M_Tony_Blair.jpg,FALSE,pictures/stimuli/E,pictures/stimuli/P,M,M,5,614efec3c2a8c6cdc116f224,"04/25/2022, 19:47:28"
3633,E_F_angelina_jolie.jpg,E_M_michael_caine.jpg,TRUE,pictures/stimuli/E,pictures/stimuli/E,F,M,6,614efec3c2a8c6cdc116f224,"04/25/2022, 19:47:28"
3900,E_F_angelina_jolie.jpg,E_M_Hugh_Grant.jpg,TRUE,pictures/stimuli/E,pictures/stimuli/E,F,M,6,614efec3c2a8c6cdc116f224,"04/25/2022, 19:47:28"
4906,E_F_jennifer_aniston.jpg,P_F_hillary_clinton.jpg,FALSE,pictures/stimuli/E,pictures/stimuli/P,F,F,6,614efec3c2a8c6cdc116f224,"04/25/2022, 19:47:28"
3624,P_M_bill_clinton.jpg,P_M_donald_trump.jpg,TRUE,pictures/stimuli/P,pictures/stimuli/P,M,M,5,614efec3c2a8c6cdc116f224,"04/25/2022, 19:47:28"
6736,P_F_hillary_clinton.jpg,P_F_tehresy_may.jpg,TRUE,pictures/stimuli/P,pictures/stimuli/P,F,F,4,614efec3c2a8c6cdc116f224,"04/25/2022, 19:47:28"
3209,E_F_jennifer_aniston.jpg,P_M_david_cameron.jpg,FALSE,pictures/stimuli/E,pictures/stimuli/P,F,M,5,614efec3c2a8c6cdc116f224,"04/25/2022, 19:47:28"
4413,E_M_michael_caine.jpg,P_F_tehresy_may.jpg,FALSE,pictures/stimuli/E,pictures/stimuli/P,M,F,5,614efec3c2a8c6cdc116f224,"04/25/2022, 19:47:28"
15565,P_F_hillary_clinton.jpg,P_M_boris_johnson.jpg,TRUE,pictures/stimuli/P,pictures/stimuli/P,F,M,6,614efec3c2a8c6cdc116f224,"04/25/2022, 19:47:28"
2603,E_F_jennifer_aniston.jpg,P_M_Tony_Blair.jpg,FALSE,pictures/stimuli/E,pictures/stimuli/P,F,M,6,614efec3c2a8c6cdc116f224,"04/25/2022, 19:47:28"
6925,E_M_Hugh_Grant.jpg,P_M_bill_clinton.jpg,FALSE,pictures/stimuli/E,pictures/stimuli/P,M,M,5,614efec3c2a8c6cdc116f224,"04/25/2022, 19:47:28"
4736,P_M_bill_clinton.jpg,P_M_boris_johnson.jpg,TRUE,pictures/stimuli/P,pictures/stimuli/P,M,M,6,614efec3c2a8c6cdc116f224,"04/25/2022, 19:47:28"
3084,E_F_angelina_jolie.jpg,E_M_nicolas_cage.jpg,TRUE,pictures/stimuli/E,pictures/stimuli/E,F,M,6,614efec3c2a8c6cdc116f224,"04/25/2022, 19:47:28"
3227,E_F_Kate_Winslet.jpg,P_M_bill_clinton.jpg,FALSE,pictures/stimuli/E,pictures/stimuli/P,F,M,6,614efec3c2a8c6cdc116f224,"04/25/2022, 19:47:28"
2824,E_F_angelina_jolie.jpg,E_M_robert_de_niro.jpg,TRUE,pictures/stimuli/E,pictures/stimuli/E,F,M,6,614efec3c2a8c6cdc116f224,"04/25/2022, 19:47:28"
5632,P_M_boris_johnson.jpg,P_M_Tony_Blair.jpg,TRUE,pictures/stimuli/P,pictures/stimuli/P,M,M,6,614efec3c2a8c6cdc116f224,"04/25/2022, 19:47:28"
3011,E_M_nicolas_cage.jpg,P_M_george_Wbush.jpg,FALSE,pictures/stimuli/E,pictures/stimuli/P,M,M,6,614efec3c2a8c6cdc116f224,"04/25/2022, 19:47:28"
2948,P_F_nicola_sturgeon.jpg,P_M_Tony_Blair.jpg,TRUE,pictures/stimuli/P,pictures/stimuli/P,F,M,5,614efec3c2a8c6cdc116f224,"04/25/2022, 19:47:28"
2600,E_F_Kate_Winslet.jpg,E_M_robert_de_niro.jpg,TRUE,pictures/stimuli/E,pictures/stimuli/E,F,M,6,614efec3c2a8c6cdc116f224,"04/25/2022, 19:47:28"
3695,E_F_Kate_Winslet.jpg,E_F_keira_knightley.jpg,TRUE,pictures/stimuli/E,pictures/stimuli/E,F,F,5,614efec3c2a8c6cdc116f224,"04/25/2022, 19:47:28"
5776,E_M_nicolas_cage.jpg,P_M_bill_clinton.jpg,FALSE,pictures/stimuli/E,pictures/stimuli/P,M,M,6,614efec3c2a8c6cdc116f224,"04/25/2022, 19:47:28"
4569,E_F_angelina_jolie.jpg,P_M_david_cameron.jpg,FALSE,pictures/stimuli/E,pictures/stimuli/P,F,M,6,614efec3c2a8c6cdc116f224,"04/25/2022, 19:47:28"
3536,P_M_bill_clinton.jpg,P_M_Tony_Blair.jpg,TRUE,pictures/stimuli/P,pictures/stimuli/P,M,M,6,614efec3c2a8c6cdc116f224,"04/25/2022, 19:47:28"
3690,E_M_Hugh_Grant.jpg,P_M_george_Wbush.jpg,FALSE,pictures/stimuli/E,pictures/stimuli/P,M,M,6,614efec3c2a8c6cdc116f224,"04/25/2022, 19:47:28"
6169,E_F_keira_knightley.jpg,E_F_sandra_bullock.jpg,TRUE,pictures/stimuli/E,pictures/stimuli/E,F,F,5,614efec3c2a8c6cdc116f224,"04/25/2022, 19:47:28"
4936,E_F_Judi_Dench.jpg,P_F_nicola_sturgeon.jpg,FALSE,pictures/stimuli/E,pictures/stimuli/P,F,F,5,614efec3c2a8c6cdc116f224,"04/25/2022, 19:47:28"
2700,E_F_jennifer_aniston.jpg,P_F_tehresy_may.jpg,FALSE,pictures/stimuli/E,pictures/stimuli/P,F,F,6,614efec3c2a8c6cdc116f224,"04/25/2022, 19:47:28"
3308,E_M_robert_de_niro.jpg,P_M_george_Wbush.jpg,FALSE,pictures/stimuli/E,pictures/stimuli/P,M,M,4,614efec3c2a8c6cdc116f224,"04/25/2022, 19:47:28"
3093,E_M_robert_de_niro.jpg,P_F_nicola_sturgeon.jpg,FALSE,pictures/stimuli/E,pictures/stimuli/P,M,F,5,614efec3c2a8c6cdc116f224,"04/25/2022, 19:47:28"
3356,E_M_robert_de_niro.jpg,P_F_hillary_clinton.jpg,FALSE,pictures/stimuli/E,pictures/stimuli/P,M,F,5,614efec3c2a8c6cdc116f224,"04/25/2022, 19:47:28"
3269,E_F_keira_knightley.jpg,P_M_boris_johnson.jpg,FALSE,pictures/stimuli/E,pictures/stimuli/P,F,M,6,614efec3c2a8c6cdc116f224,"04/25/2022, 19:47:28"
22106,E_M_nicolas_cage.jpg,P_M_Tony_Blair.jpg,FALSE,pictures/stimuli/E,pictures/stimuli/P,M,M,4,614efec3c2a8c6cdc116f224,"04/25/2022, 19:47:28"
6826,E_F_angelina_jolie.jpg,E_M_tom_hankes.jpg,TRUE,pictures/stimuli/E,pictures/stimuli/E,F,M,6,614efec3c2a8c6cdc116f224,"04/25/2022, 19:47:28"
3338,E_F_jennifer_aniston.jpg,E_M_nicolas_cage.jpg,TRUE,pictures/stimuli/E,pictures/stimuli/E,F,M,6,614efec3c2a8c6cdc116f224,"04/25/2022, 19:47:28"
3291,E_F_angelina_jolie.jpg,P_F_nicola_sturgeon.jpg,FALSE,pictures/stimuli/E,pictures/stimuli/P,F,F,6,614efec3c2a8c6cdc116f224,"04/25/2022, 19:47:28"
3253,P_F_nicola_sturgeon.jpg,P_M_bill_clinton.jpg,TRUE,pictures/stimuli/P,pictures/stimuli/P,F,M,6,614efec3c2a8c6cdc116f224,"04/25/2022, 19:47:28"
9088,P_F_tehresy_may.jpg,P_M_david_cameron.jpg,TRUE,pictures/stimuli/P,pictures/stimuli/P,F,M,6,614efec3c2a8c6cdc116f224,"04/25/2022, 19:47:28"
5212,E_F_Judi_Dench.jpg,E_F_Kate_Winslet.jpg,TRUE,pictures/stimuli/E,pictures/stimuli/E,F,F,6,614efec3c2a8c6cdc116f224,"04/25/2022, 19:47:28"
2757,E_F_Kate_Winslet.jpg,P_M_george_Wbush.jpg,FALSE,pictures/stimuli/E,pictures/stimuli/P,F,M,6,614efec3c2a8c6cdc116f224,"04/25/2022, 19:47:28"
2777,E_F_sandra_bullock.jpg,P_F_nicola_sturgeon.jpg,FALSE,pictures/stimuli/E,pictures/stimuli/P,F,F,6,614efec3c2a8c6cdc116f224,"04/25/2022, 19:47:28"
3182,E_M_robert_de_niro.jpg,P_M_bill_clinton.jpg,FALSE,pictures/stimuli/E,pictures/stimuli/P,M,M,5,614efec3c2a8c6cdc116f224,"04/25/2022, 19:47:28"
2927,E_M_Hugh_Grant.jpg,P_F_tehresy_may.jpg,FALSE,pictures/stimuli/E,pictures/stimuli/P,M,F,6,614efec3c2a8c6cdc116f224,"04/25/2022, 19:47:28"
3878,E_M_tom_hankes.jpg,P_M_bill_clinton.jpg,FALSE,pictures/stimuli/E,pictures/stimuli/P,M,M,5,614efec3c2a8c6cdc116f224,"04/25/2022, 19:47:28"
4650,E_F_jennifer_aniston.jpg,E_M_tom_hankes.jpg,TRUE,pictures/stimuli/E,pictures/stimuli/E,F,M,5,614efec3c2a8c6cdc116f224,"04/25/2022, 19:47:28"
9148,E_M_robert_de_niro.jpg,P_M_boris_johnson.jpg,FALSE,pictures/stimuli/E,pictures/stimuli/P,M,M,5,614efec3c2a8c6cdc116f224,"04/25/2022, 19:47:28"
3364,E_M_Hugh_Grant.jpg,E_M_michael_caine.jpg,TRUE,pictures/stimuli/E,pictures/stimuli/E,M,M,6,614efec3c2a8c6cdc116f224,"04/25/2022, 19:47:28"
2922,E_M_michael_caine.jpg,P_F_nicola_sturgeon.jpg,FALSE,pictures/stimuli/E,pictures/stimuli/P,M,F,6,614efec3c2a8c6cdc116f224,"04/25/2022, 19:47:28"
2939,E_F_angelina_jolie.jpg,P_F_hillary_clinton.jpg,FALSE,pictures/stimuli/E,pictures/stimuli/P,F,F,6,614efec3c2a8c6cdc116f224,"04/25/2022, 19:47:28"
11782,E_M_tom_hankes.jpg,P_M_george_Wbush.jpg,FALSE,pictures/stimuli/E,pictures/stimuli/P,M,M,6,614efec3c2a8c6cdc116f224,"04/25/2022, 19:47:28"
4010,E_F_Kate_Winslet.jpg,E_M_michael_caine.jpg,TRUE,pictures/stimuli/E,pictures/stimuli/E,F,M,6,614efec3c2a8c6cdc116f224,"04/25/2022, 19:47:28"
3815,P_F_tehresy_may.jpg,P_M_bill_clinton.jpg,TRUE,pictures/stimuli/P,pictures/stimuli/P,F,M,5,614efec3c2a8c6cdc116f224,"04/25/2022, 19:47:28"
8846,E_M_michael_caine.jpg,E_M_tom_hankes.jpg,TRUE,pictures/stimuli/E,pictures/stimuli/E,M,M,5,614efec3c2a8c6cdc116f224,"04/25/2022, 19:47:28"
3605,P_M_donald_trump.jpg,P_M_george_Wbush.jpg,TRUE,pictures/stimuli/P,pictures/stimuli/P,M,M,5,614efec3c2a8c6cdc116f224,"04/25/2022, 19:47:28"
2782,E_F_jennifer_aniston.jpg,P_M_bill_clinton.jpg,FALSE,pictures/stimuli/E,pictures/stimuli/P,F,M,6,614efec3c2a8c6cdc116f224,"04/25/2022, 19:47:28"
3022,P_M_bill_clinton.jpg,P_M_david_cameron.jpg,TRUE,pictures/stimuli/P,pictures/stimuli/P,M,M,5,614efec3c2a8c6cdc116f224,"04/25/2022, 19:47:28"
5020,P_F_hillary_clinton.jpg,P_M_Tony_Blair.jpg,TRUE,pictures/stimuli/P,pictures/stimuli/P,F,M,5,614efec3c2a8c6cdc116f224,"04/25/2022, 19:47:28"
2464,E_M_tom_hankes.jpg,P_M_david_cameron.jpg,FALSE,pictures/stimuli/E,pictures/stimuli/P,M,M,5,614efec3c2a8c6cdc116f224,"04/25/2022, 19:47:28"
3042,E_F_jennifer_aniston.jpg,P_M_george_Wbush.jpg,FALSE,pictures/stimuli/E,pictures/stimuli/P,F,M,6,614efec3c2a8c6cdc116f224,"04/25/2022, 19:47:28"
4662,E_M_michael_caine.jpg,P_M_boris_johnson.jpg,FALSE,pictures/stimuli/E,pictures/stimuli/P,M,M,6,614efec3c2a8c6cdc116f224,"04/25/2022, 19:47:28"
6796,E_M_Hugh_Grant.jpg,E_M_tom_hankes.jpg,TRUE,pictures/stimuli/E,pictures/stimuli/E,M,M,5,614efec3c2a8c6cdc116f224,"04/25/2022, 19:47:28"
3869,E_M_Hugh_Grant.jpg,E_M_robert_de_niro.jpg,TRUE,pictures/stimuli/E,pictures/stimuli/E,M,M,6,614efec3c2a8c6cdc116f224,"04/25/2022, 19:47:28"
5733,E_F_keira_knightley.jpg,E_M_nicolas_cage.jpg,TRUE,pictures/stimuli/E,pictures/stimuli/E,F,M,5,614efec3c2a8c6cdc116f224,"04/25/2022, 19:47:28"
2557,E_M_nicolas_cage.jpg,P_F_nicola_sturgeon.jpg,FALSE,pictures/stimuli/E,pictures/stimuli/P,M,F,6,614efec3c2a8c6cdc116f224,"04/25/2022, 19:47:28"
3423,E_F_keira_knightley.jpg,P_M_Tony_Blair.jpg,FALSE,pictures/stimuli/E,pictures/stimuli/P,F,M,6,614efec3c2a8c6cdc116f224,"04/25/2022, 19:47:28"
121359,P_F_tehresy_may.jpg,P_M_donald_trump.jpg,TRUE,pictures/stimuli/P,pictures/stimuli/P,F,M,5,614efec3c2a8c6cdc116f224,"04/25/2022, 19:47:28"
2749,E_F_Judi_Dench.jpg,P_M_david_cameron.jpg,FALSE,pictures/stimuli/E,pictures/stimuli/P,F,M,6,614efec3c2a8c6cdc116f224,"04/25/2022, 19:47:28"
3497,E_M_nicolas_cage.jpg,E_M_robert_de_niro.jpg,TRUE,pictures/stimuli/E,pictures/stimuli/E,M,M,6,614efec3c2a8c6cdc116f224,"04/25/2022, 19:47:28"
7136,E_F_angelina_jolie.jpg,E_F_Judi_Dench.jpg,TRUE,pictures/stimuli/E,pictures/stimuli/E,F,F,6,614efec3c2a8c6cdc116f224,"04/25/2022, 19:47:28"
10369,P_F_hillary_clinton.jpg,P_M_george_Wbush.jpg,TRUE,pictures/stimuli/P,pictures/stimuli/P,F,M,5,614efec3c2a8c6cdc116f224,"04/25/2022, 19:47:28"
2343,E_F_keira_knightley.jpg,P_M_donald_trump.jpg,FALSE,pictures/stimuli/E,pictures/stimuli/P,F,M,6,614efec3c2a8c6cdc116f224,"04/25/2022, 19:47:28"
119185,E_F_keira_knightley.jpg,P_M_bill_clinton.jpg,FALSE,pictures/stimuli/E,pictures/stimuli/P,F,M,6,614efec3c2a8c6cdc116f224,"04/25/2022, 19:47:28"
3162,E_F_Kate_Winslet.jpg,P_M_david_cameron.jpg,FALSE,pictures/stimuli/E,pictures/stimuli/P,F,M,6,614efec3c2a8c6cdc116f224,"04/25/2022, 19:47:28"
3138,E_F_Kate_Winslet.jpg,E_F_sandra_bullock.jpg,TRUE,pictures/stimuli/E,pictures/stimuli/E,F,F,5,614efec3c2a8c6cdc116f224,"04/25/2022, 19:47:28"
3566,E_F_Judi_Dench.jpg,E_M_Hugh_Grant.jpg,TRUE,pictures/stimuli/E,pictures/stimuli/E,F,M,6,614efec3c2a8c6cdc116f224,"04/25/2022, 19:47:28"
3062,E_F_Kate_Winslet.jpg,E_M_nicolas_cage.jpg,TRUE,pictures/stimuli/E,pictures/stimuli/E,F,M,6,614efec3c2a8c6cdc116f224,"04/25/2022, 19:47:28"
3674,E_F_Judi_Dench.jpg,E_F_keira_knightley.jpg,TRUE,pictures/stimuli/E,pictures/stimuli/E,F,F,6,614efec3c2a8c6cdc116f224,"04/25/2022, 19:47:28"
5138,E_F_keira_knightley.jpg,E_M_tom_hankes.jpg,TRUE,pictures/stimuli/E,pictures/stimuli/E,F,M,5,614efec3c2a8c6cdc116f224,"04/25/2022, 19:47:28"
2949,E_F_Judi_Dench.jpg,E_M_robert_de_niro.jpg,TRUE,pictures/stimuli/E,pictures/stimuli/E,F,M,4,614efec3c2a8c6cdc116f224,"04/25/2022, 19:47:28"
6845,E_M_tom_hankes.jpg,P_F_hillary_clinton.jpg,FALSE,pictures/stimuli/E,pictures/stimuli/P,M,F,6,614efec3c2a8c6cdc116f224,"04/25/2022, 19:47:28"
2490,E_F_sandra_bullock.jpg,P_M_boris_johnson.jpg,FALSE,pictures/stimuli/E,pictures/stimuli/P,F,M,6,614efec3c2a8c6cdc116f224,"04/25/2022, 19:47:28"
2496,E_F_jennifer_aniston.jpg,P_M_donald_trump.jpg,FALSE,pictures/stimuli/E,pictures/stimuli/P,F,M,6,614efec3c2a8c6cdc116f224,"04/25/2022, 19:47:28"
2622,E_M_michael_caine.jpg,P_M_david_cameron.jpg,FALSE,pictures/stimuli/E,pictures/stimuli/P,M,M,5,614efec3c2a8c6cdc116f224,"04/25/2022, 19:47:28"
2322,E_M_robert_de_niro.jpg,P_M_donald_trump.jpg,FALSE,pictures/stimuli/E,pictures/stimuli/P,M,M,5,614efec3c2a8c6cdc116f224,"04/25/2022, 19:47:28"
2499,E_F_keira_knightley.jpg,P_F_nicola_sturgeon.jpg,FALSE,pictures/stimuli/E,pictures/stimuli/P,F,F,6,614efec3c2a8c6cdc116f224,"04/25/2022, 19:47:28"
2784,E_F_sandra_bullock.jpg,E_M_michael_caine.jpg,TRUE,pictures/stimuli/E,pictures/stimuli/E,F,M,6,614efec3c2a8c6cdc116f224,"04/25/2022, 19:47:28"
3217,P_F_nicola_sturgeon.jpg,P_M_donald_trump.jpg,TRUE,pictures/stimuli/P,pictures/stimuli/P,F,M,5,614efec3c2a8c6cdc116f224,"04/25/2022, 19:47:28"
2785,E_M_robert_de_niro.jpg,E_M_tom_hankes.jpg,TRUE,pictures/stimuli/E,pictures/stimuli/E,M,M,6,614efec3c2a8c6cdc116f224,"04/25/2022, 19:47:28"
3164,E_F_Kate_Winslet.jpg,E_M_tom_hankes.jpg,TRUE,pictures/stimuli/E,pictures/stimuli/E,F,M,5,614efec3c2a8c6cdc116f224,"04/25/2022, 19:47:28"
2840,E_F_Kate_Winslet.jpg,P_F_nicola_sturgeon.jpg,FALSE,pictures/stimuli/E,pictures/stimuli/P,F,F,6,614efec3c2a8c6cdc116f224,"04/25/2022, 19:47:28"
2910,E_F_Judi_Dench.jpg,E_M_michael_caine.jpg,TRUE,pictures/stimuli/E,pictures/stimuli/E,F,M,5,614efec3c2a8c6cdc116f224,"04/25/2022, 19:47:28"
2947,E_F_angelina_jolie.jpg,P_M_boris_johnson.jpg,FALSE,pictures/stimuli/E,pictures/stimuli/P,F,M,6,614efec3c2a8c6cdc116f224,"04/25/2022, 19:47:28"
6049,P_F_hillary_clinton.jpg,P_M_david_cameron.jpg,TRUE,pictures/stimuli/P,pictures/stimuli/P,F,M,5,614efec3c2a8c6cdc116f224,"04/25/2022, 19:47:28"
3580,E_M_michael_caine.jpg,E_M_nicolas_cage.jpg,TRUE,pictures/stimuli/E,pictures/stimuli/E,M,M,5,614efec3c2a8c6cdc116f224,"04/25/2022, 19:47:28"
2435,E_F_jennifer_aniston.jpg,E_M_michael_caine.jpg,TRUE,pictures/stimuli/E,pictures/stimuli/E,F,M,6,614efec3c2a8c6cdc116f224,"04/25/2022, 19:47:28"
3070,E_F_keira_knightley.jpg,P_F_hillary_clinton.jpg,FALSE,pictures/stimuli/E,pictures/stimuli/P,F,F,6,614efec3c2a8c6cdc116f224,"04/25/2022, 19:47:28"
2512,E_F_keira_knightley.jpg,P_M_george_Wbush.jpg,FALSE,pictures/stimuli/E,pictures/stimuli/P,F,M,6,614efec3c2a8c6cdc116f224,"04/25/2022, 19:47:28"
4360,P_M_david_cameron.jpg,P_M_Tony_Blair.jpg,TRUE,pictures/stimuli/P,pictures/stimuli/P,M,M,5,614efec3c2a8c6cdc116f224,"04/25/2022, 19:47:28"
2784,E_F_Judi_Dench.jpg,E_M_nicolas_cage.jpg,TRUE,pictures/stimuli/E,pictures/stimuli/E,F,M,6,614efec3c2a8c6cdc116f224,"04/25/2022, 19:47:28"
3628,E_M_Hugh_Grant.jpg,P_M_boris_johnson.jpg,FALSE,pictures/stimuli/E,pictures/stimuli/P,M,M,6,614efec3c2a8c6cdc116f224,"04/25/2022, 19:47:28"
2592,E_F_sandra_bullock.jpg,P_M_george_Wbush.jpg,FALSE,pictures/stimuli/E,pictures/stimuli/P,F,M,6,614efec3c2a8c6cdc116f224,"04/25/2022, 19:47:28"
2778,E_F_angelina_jolie.jpg,P_F_tehresy_may.jpg,FALSE,pictures/stimuli/E,pictures/stimuli/P,F,F,6,614efec3c2a8c6cdc116f224,"04/25/2022, 19:47:28"
7801,E_F_angelina_jolie.jpg,P_M_bill_clinton.jpg,FALSE,pictures/stimuli/E,pictures/stimuli/P,F,M,5,614efec3c2a8c6cdc116f224,"04/25/2022, 19:47:28"
6860,E_F_angelina_jolie.jpg,E_F_keira_knightley.jpg,TRUE,pictures/stimuli/E,pictures/stimuli/E,F,F,5,614efec3c2a8c6cdc116f224,"04/25/2022, 19:47:28"
3196,P_F_tehresy_may.jpg,P_M_Tony_Blair.jpg,TRUE,pictures/stimuli/P,pictures/stimuli/P,F,M,5,614efec3c2a8c6cdc116f224,"04/25/2022, 19:47:28"
3251,E_F_angelina_jolie.jpg,P_M_Tony_Blair.jpg,FALSE,pictures/stimuli/E,pictures/stimuli/P,F,M,6,614efec3c2a8c6cdc116f224,"04/25/2022, 19:47:28"
2552,E_F_keira_knightley.jpg,E_M_Hugh_Grant.jpg,TRUE,pictures/stimuli/E,pictures/stimuli/E,F,M,5,614efec3c2a8c6cdc116f224,"04/25/2022, 19:47:28"
5981,E_M_michael_caine.jpg,P_F_hillary_clinton.jpg,FALSE,pictures/stimuli/E,pictures/stimuli/P,M,F,5,614efec3c2a8c6cdc116f224,"04/25/2022, 19:47:28"
4027,P_F_hillary_clinton.jpg,P_M_bill_clinton.jpg,TRUE,pictures/stimuli/P,pictures/stimuli/P,F,M,6,614efec3c2a8c6cdc116f224,"04/25/2022, 19:47:28"
2771,E_F_sandra_bullock.jpg,E_M_robert_de_niro.jpg,TRUE,pictures/stimuli/E,pictures/stimuli/E,F,M,6,614efec3c2a8c6cdc116f224,"04/25/2022, 19:47:28"
2947,E_F_Judi_Dench.jpg,P_M_donald_trump.jpg,FALSE,pictures/stimuli/E,pictures/stimuli/P,F,M,5,614efec3c2a8c6cdc116f224,"04/25/2022, 19:47:28"
2378,E_F_Kate_Winslet.jpg,P_M_Tony_Blair.jpg,FALSE,pictures/stimuli/E,pictures/stimuli/P,F,M,6,614efec3c2a8c6cdc116f224,"04/25/2022, 19:47:28"
36456,E_M_robert_de_niro.jpg,P_F_tehresy_may.jpg,FALSE,pictures/stimuli/E,pictures/stimuli/P,M,F,5,614efec3c2a8c6cdc116f224,"04/25/2022, 19:47:28"
4248,E_M_Hugh_Grant.jpg,P_F_hillary_clinton.jpg,FALSE,pictures/stimuli/E,pictures/stimuli/P,M,F,6,614efec3c2a8c6cdc116f224,"04/25/2022, 19:47:28"
3274,E_F_jennifer_aniston.jpg,E_M_robert_de_niro.jpg,TRUE,pictures/stimuli/E,pictures/stimuli/E,F,M,6,614efec3c2a8c6cdc116f224,"04/25/2022, 19:47:28"
3011,E_F_Judi_Dench.jpg,P_F_tehresy_may.jpg,FALSE,pictures/stimuli/E,pictures/stimuli/P,F,F,5,614efec3c2a8c6cdc116f224,"04/25/2022, 19:47:28"
3005,E_M_michael_caine.jpg,P_M_bill_clinton.jpg,FALSE,pictures/stimuli/E,pictures/stimuli/P,M,M,5,614efec3c2a8c6cdc116f224,"04/25/2022, 19:47:28"
2240,E_F_keira_knightley.jpg,P_F_tehresy_may.jpg,FALSE,pictures/stimuli/E,pictures/stimuli/P,F,F,6,614efec3c2a8c6cdc116f224,"04/25/2022, 19:47:28"
2514,E_F_Judi_Dench.jpg,E_M_tom_hankes.jpg,TRUE,pictures/stimuli/E,pictures/stimuli/E,F,M,6,614efec3c2a8c6cdc116f224,"04/25/2022, 19:47:28"
2876,P_F_nicola_sturgeon.jpg,P_M_george_Wbush.jpg,TRUE,pictures/stimuli/P,pictures/stimuli/P,F,M,5,614efec3c2a8c6cdc116f224,"04/25/2022, 19:47:28"
3255,E_F_Kate_Winslet.jpg,E_M_Hugh_Grant.jpg,TRUE,pictures/stimuli/E,pictures/stimuli/E,F,M,5,614efec3c2a8c6cdc116f224,"04/25/2022, 19:47:28"
2929,E_F_Kate_Winslet.jpg,P_F_tehresy_may.jpg,FALSE,pictures/stimuli/E,pictures/stimuli/P,F,F,6,614efec3c2a8c6cdc116f224,"04/25/2022, 19:47:28"
2916,E_M_Hugh_Grant.jpg,P_F_nicola_sturgeon.jpg,FALSE,pictures/stimuli/E,pictures/stimuli/P,M,F,6,614efec3c2a8c6cdc116f224,"04/25/2022, 19:47:28"
3818,E_F_sandra_bullock.jpg,P_M_bill_clinton.jpg,FALSE,pictures/stimuli/E,pictures/stimuli/P,F,M,6,614efec3c2a8c6cdc116f224,"04/25/2022, 19:47:28"
2764,E_F_sandra_bullock.jpg,E_M_Hugh_Grant.jpg,TRUE,pictures/stimuli/E,pictures/stimuli/E,F,M,5,614efec3c2a8c6cdc116f224,"04/25/2022, 19:47:28"
2988,P_F_tehresy_may.jpg,P_M_boris_johnson.jpg,TRUE,pictures/stimuli/P,pictures/stimuli/P,F,M,5,614efec3c2a8c6cdc116f224,"04/25/2022, 19:47:28"
3362,E_F_angelina_jolie.jpg,E_F_jennifer_aniston.jpg,TRUE,pictures/stimuli/E,pictures/stimuli/E,F,F,5,614efec3c2a8c6cdc116f224,"04/25/2022, 19:47:28"
3544,E_M_michael_caine.jpg,E_M_robert_de_niro.jpg,TRUE,pictures/stimuli/E,pictures/stimuli/E,M,M,6,614efec3c2a8c6cdc116f224,"04/25/2022, 19:47:28"
5083,E_M_michael_caine.jpg,P_M_george_Wbush.jpg,FALSE,pictures/stimuli/E,pictures/stimuli/P,M,M,6,614efec3c2a8c6cdc116f224,"04/25/2022, 19:47:28"
2720,E_F_Judi_Dench.jpg,P_M_bill_clinton.jpg,FALSE,pictures/stimuli/E,pictures/stimuli/P,F,M,6,614efec3c2a8c6cdc116f224,"04/25/2022, 19:47:28"
3406,E_F_jennifer_aniston.jpg,E_F_keira_knightley.jpg,TRUE,pictures/stimuli/E,pictures/stimuli/E,F,F,5,614efec3c2a8c6cdc116f224,"04/25/2022, 19:47:28"
3626,E_M_michael_caine.jpg,P_M_donald_trump.jpg,FALSE,pictures/stimuli/E,pictures/stimuli/P,M,M,6,614efec3c2a8c6cdc116f224,"04/25/2022, 19:47:28"
2796,E_F_jennifer_aniston.jpg,P_F_nicola_sturgeon.jpg,FALSE,pictures/stimuli/E,pictures/stimuli/P,F,F,6,614efec3c2a8c6cdc116f224,"04/25/2022, 19:47:28"
5218,E_F_angelina_jolie.jpg,P_M_george_Wbush.jpg,FALSE,pictures/stimuli/E,pictures/stimuli/P,F,M,6,614efec3c2a8c6cdc116f224,"04/25/2022, 19:47:28"
3896,E_M_nicolas_cage.jpg,P_F_hillary_clinton.jpg,FALSE,pictures/stimuli/E,pictures/stimuli/P,M,F,6,614efec3c2a8c6cdc116f224,"04/25/2022, 19:47:28"
15794,P_M_donald_trump.jpg,P_M_Tony_Blair.jpg,TRUE,pictures/stimuli/P,pictures/stimuli/P,M,M,6,614efec3c2a8c6cdc116f224,"04/25/2022, 19:47:28"
4662,E_F_Judi_Dench.jpg,P_F_hillary_clinton.jpg,FALSE,pictures/stimuli/E,pictures/stimuli/P,F,F,4,614efec3c2a8c6cdc116f224,"04/25/2022, 19:47:28"
4431,E_M_nicolas_cage.jpg,P_M_boris_johnson.jpg,FALSE,pictures/stimuli/E,pictures/stimuli/P,M,M,6,614efec3c2a8c6cdc116f224,"04/25/2022, 19:47:28"
5266,E_F_Judi_Dench.jpg,P_M_george_Wbush.jpg,FALSE,pictures/stimuli/E,pictures/stimuli/P,F,M,5,614efec3c2a8c6cdc116f224,"04/25/2022, 19:47:28"
2370,E_F_Judi_Dench.jpg,E_F_sandra_bullock.jpg,TRUE,pictures/stimuli/E,pictures/stimuli/E,F,F,6,614efec3c2a8c6cdc116f224,"04/25/2022, 19:47:28"
3082,E_M_robert_de_niro.jpg,P_M_Tony_Blair.jpg,FALSE,pictures/stimuli/E,pictures/stimuli/P,M,M,5,614efec3c2a8c6cdc116f224,"04/25/2022, 19:47:28"
2608,E_F_Kate_Winslet.jpg,P_F_hillary_clinton.jpg,FALSE,pictures/stimuli/E,pictures/stimuli/P,F,F,6,614efec3c2a8c6cdc116f224,"04/25/2022, 19:47:28"
2599,P_F_nicola_sturgeon.jpg,P_M_boris_johnson.jpg,TRUE,pictures/stimuli/P,pictures/stimuli/P,F,M,5,614efec3c2a8c6cdc116f224,"04/25/2022, 19:47:28"
4062,P_M_boris_johnson.jpg,P_M_david_cameron.jpg,TRUE,pictures/stimuli/P,pictures/stimuli/P,M,M,5,614efec3c2a8c6cdc116f224,"04/25/2022, 19:47:28"
6795,P_M_david_cameron.jpg,P_M_george_Wbush.jpg,TRUE,pictures/stimuli/P,pictures/stimuli/P,M,M,6,614efec3c2a8c6cdc116f224,"04/25/2022, 19:47:28"
3253,E_F_sandra_bullock.jpg,P_M_Tony_Blair.jpg,FALSE,pictures/stimuli/E,pictures/stimuli/P,F,M,6,614efec3c2a8c6cdc116f224,"04/25/2022, 19:47:28"
file,isFamiliar,614efec3c2a8c6cdc116f224,"04/25/2022, 19:47:28"
P_M_boris_johnson.jpg,1,614efec3c2a8c6cdc116f224,"04/25/2022, 19:47:28"
E_F_keira_knightley.jpg,1,614efec3c2a8c6cdc116f224,"04/25/2022, 19:47:28"
E_F_Kate_Winslet.jpg,1,614efec3c2a8c6cdc116f224,"04/25/2022, 19:47:28"
P_M_george_Wbush.jpg,1,614efec3c2a8c6cdc116f224,"04/25/2022, 19:47:28"
P_F_tehresy_may.jpg,1,614efec3c2a8c6cdc116f224,"04/25/2022, 19:47:28"
E_F_sandra_bullock.jpg,1,614efec3c2a8c6cdc116f224,"04/25/2022, 19:47:28"
E_M_nicolas_cage.jpg,1,614efec3c2a8c6cdc116f224,"04/25/2022, 19:47:28"
P_M_bill_clinton.jpg,1,614efec3c2a8c6cdc116f224,"04/25/2022, 19:47:28"
E_M_tom_hankes.jpg,1,614efec3c2a8c6cdc116f224,"04/25/2022, 19:47:28"
E_F_jennifer_aniston.jpg,1,614efec3c2a8c6cdc116f224,"04/25/2022, 19:47:28"
P_F_nicola_sturgeon.jpg,1,614efec3c2a8c6cdc116f224,"04/25/2022, 19:47:28"
E_F_angelina_jolie.jpg,1,614efec3c2a8c6cdc116f224,"04/25/2022, 19:47:28"
P_F_hillary_clinton.jpg,1,614efec3c2a8c6cdc116f224,"04/25/2022, 19:47:28"
E_M_Hugh_Grant.jpg,1,614efec3c2a8c6cdc116f224,"04/25/2022, 19:47:28"
P_M_donald_trump.jpg,1,614efec3c2a8c6cdc116f224,"04/25/2022, 19:47:28"
E_F_Judi_Dench.jpg,1,614efec3c2a8c6cdc116f224,"04/25/2022, 19:47:28"
P_M_david_cameron.jpg,1,614efec3c2a8c6cdc116f224,"04/25/2022, 19:47:28"
P_M_Tony_Blair.jpg,1,614efec3c2a8c6cdc116f224,"04/25/2022, 19:47:28"
E_M_robert_de_niro.jpg,1,614efec3c2a8c6cdc116f224,"04/25/2022, 19:47:28"
E_M_michael_caine.jpg,1,614efec3c2a8c6cdc116f224,"04/25/2022, 19:47:28"
age: 33,gender: Female,handedness: right,614efec3c2a8c6cdc116f224,"04/25/2022, 19:47:28"