RT,img_1,img_2,isSameProffesion,img1proffesion,img2proffesion,img1Gender,img2Gender,keyPressed,5ae76daca740ff0001937dad,"10/14/2022, 08:10:19"
14017,E_F_Julie_Walters(20).png,P_F_nicola_sturge(10).png,FALSE,pictures/stimuli/E,pictures/stimuli/P,F,F,2,5ae76daca740ff0001937dad,"10/14/2022, 08:10:19"
9154,P_M_jeremy_corbyn(2).png,P_M_Michael_Gove(9).png,TRUE,pictures/stimuli/P,pictures/stimuli/P,M,M,4,5ae76daca740ff0001937dad,"10/14/2022, 08:10:19"
6020,P_M_Michael_Gove(9).png,P_M_nigel_farage(5).png,TRUE,pictures/stimuli/P,pictures/stimuli/P,M,M,3,5ae76daca740ff0001937dad,"10/14/2022, 08:10:19"
3883,E_M_Simon_Pegg(8).png,P_M_Gordon_Brown(19).png,FALSE,pictures/stimuli/E,pictures/stimuli/P,M,M,5,5ae76daca740ff0001937dad,"10/14/2022, 08:10:19"
2849,E_M_Ewan_McGregor(3).png,P_F_nicola_sturge(10).png,FALSE,pictures/stimuli/E,pictures/stimuli/P,M,F,6,5ae76daca740ff0001937dad,"10/14/2022, 08:10:19"
5039,P_F_nicola_sturge(10).png,P_M_keir_starmer(6).png,TRUE,pictures/stimuli/P,pictures/stimuli/P,F,M,5,5ae76daca740ff0001937dad,"10/14/2022, 08:10:19"
3185,E_F_Jennifer_Saunders.png,E_M_Russell_Howard(10).png,TRUE,pictures/stimuli/E,pictures/stimuli/E,F,M,5,5ae76daca740ff0001937dad,"10/14/2022, 08:10:19"
2542,P_M_nigel_farage(5).png,P_M_Sajid_Javid(4).png,TRUE,pictures/stimuli/P,pictures/stimuli/P,M,M,6,5ae76daca740ff0001937dad,"10/14/2022, 08:10:19"
3446,E_M_Russell_Howard(10).png,P_M_jeremy_corbyn(2).png,FALSE,pictures/stimuli/E,pictures/stimuli/P,M,M,6,5ae76daca740ff0001937dad,"10/14/2022, 08:10:19"
2188,E_M_Russell_Howard(10).png,P_F_Theresa_May(3).png,FALSE,pictures/stimuli/E,pictures/stimuli/P,M,F,5,5ae76daca740ff0001937dad,"10/14/2022, 08:10:19"
5905,E_F_Julie_Walters(20).png,P_M_Michael_Gove(9).png,FALSE,pictures/stimuli/E,pictures/stimuli/P,F,M,5,5ae76daca740ff0001937dad,"10/14/2022, 08:10:19"
2751,E_M_Simon_Pegg(8).png,P_M_jeremy_corbyn(2).png,FALSE,pictures/stimuli/E,pictures/stimuli/P,M,M,4,5ae76daca740ff0001937dad,"10/14/2022, 08:10:19"
2398,E_F_Julie_Walters(20).png,P_M_nigel_farage(5).png,FALSE,pictures/stimuli/E,pictures/stimuli/P,F,M,6,5ae76daca740ff0001937dad,"10/14/2022, 08:10:19"
3478,E_M_Russell_Howard(10).png,P_M_Gordon_Brown(19).png,FALSE,pictures/stimuli/E,pictures/stimuli/P,M,M,6,5ae76daca740ff0001937dad,"10/14/2022, 08:10:19"
2439,E_F_Jennifer_Saunders.png,P_F_nicola_sturge(10).png,FALSE,pictures/stimuli/E,pictures/stimuli/P,F,F,6,5ae76daca740ff0001937dad,"10/14/2022, 08:10:19"
3208,E_F_Sarah_Millican(1).png,P_M_Sajid_Javid(4).png,FALSE,pictures/stimuli/E,pictures/stimuli/P,F,M,5,5ae76daca740ff0001937dad,"10/14/2022, 08:10:19"
3820,P_F_Theresa_May(3).png,P_M_keir_starmer(6).png,TRUE,pictures/stimuli/P,pictures/stimuli/P,F,M,6,5ae76daca740ff0001937dad,"10/14/2022, 08:10:19"
3162,P_M_david_camer(14).png,P_M_nigel_farage(5).png,TRUE,pictures/stimuli/P,pictures/stimuli/P,M,M,5,5ae76daca740ff0001937dad,"10/14/2022, 08:10:19"
3127,P_M_Gordon_Brown(19).png,P_M_keir_starmer(6).png,TRUE,pictures/stimuli/P,pictures/stimuli/P,M,M,5,5ae76daca740ff0001937dad,"10/14/2022, 08:10:19"
2292,E_F_Sarah_Millican(1).png,P_M_Michael_Gove(9).png,FALSE,pictures/stimuli/E,pictures/stimuli/P,F,M,6,5ae76daca740ff0001937dad,"10/14/2022, 08:10:19"
3098,E_M_Jimmy_Carr(5).png,P_M_Sajid_Javid(4).png,FALSE,pictures/stimuli/E,pictures/stimuli/P,M,M,6,5ae76daca740ff0001937dad,"10/14/2022, 08:10:19"
3422,E_M_Michael_McIntyr(8).png,P_M_nigel_farage(5).png,FALSE,pictures/stimuli/E,pictures/stimuli/P,M,M,6,5ae76daca740ff0001937dad,"10/14/2022, 08:10:19"
3114,P_M_Michael_Gove(9).png,P_M_Sajid_Javid(4).png,TRUE,pictures/stimuli/P,pictures/stimuli/P,M,M,5,5ae76daca740ff0001937dad,"10/14/2022, 08:10:19"
1752,E_M_Russell_Howard(10).png,P_M_Sajid_Javid(4).png,FALSE,pictures/stimuli/E,pictures/stimuli/P,M,M,6,5ae76daca740ff0001937dad,"10/14/2022, 08:10:19"
2261,E_F_Julie_Walters(20).png,P_M_keir_starmer(6).png,FALSE,pictures/stimuli/E,pictures/stimuli/P,F,M,5,5ae76daca740ff0001937dad,"10/14/2022, 08:10:19"
3270,E_F_Jennifer_Saunders.png,E_F_Julie_Walters(20).png,TRUE,pictures/stimuli/E,pictures/stimuli/E,F,F,3,5ae76daca740ff0001937dad,"10/14/2022, 08:10:19"
3744,E_M_Peter_Kay(3).png,P_F_Theresa_May(3).png,FALSE,pictures/stimuli/E,pictures/stimuli/P,M,F,6,5ae76daca740ff0001937dad,"10/14/2022, 08:10:19"
1855,P_F_Theresa_May(3).png,P_M_Gordon_Brown(19).png,TRUE,pictures/stimuli/P,pictures/stimuli/P,F,M,6,5ae76daca740ff0001937dad,"10/14/2022, 08:10:19"
3008,E_F_Dawn_Roma(4).png,P_M_Tony_Blair.png,FALSE,pictures/stimuli/E,pictures/stimuli/P,F,M,6,5ae76daca740ff0001937dad,"10/14/2022, 08:10:19"
2703,E_F_Jennifer_Saunders.png,P_M_david_camer(14).png,FALSE,pictures/stimuli/E,pictures/stimuli/P,F,M,5,5ae76daca740ff0001937dad,"10/14/2022, 08:10:19"
3326,P_M_david_camer(14).png,P_M_jeremy_corbyn(2).png,TRUE,pictures/stimuli/P,pictures/stimuli/P,M,M,6,5ae76daca740ff0001937dad,"10/14/2022, 08:10:19"
2337,E_M_Peter_Kay(3).png,P_M_Michael_Gove(9).png,FALSE,pictures/stimuli/E,pictures/stimuli/P,M,M,6,5ae76daca740ff0001937dad,"10/14/2022, 08:10:19"
2078,P_F_nicola_sturge(10).png,P_M_nigel_farage(5).png,TRUE,pictures/stimuli/P,pictures/stimuli/P,F,M,6,5ae76daca740ff0001937dad,"10/14/2022, 08:10:19"
1717,E_M_Peter_Kay(3).png,P_M_Sajid_Javid(4).png,FALSE,pictures/stimuli/E,pictures/stimuli/P,M,M,6,5ae76daca740ff0001937dad,"10/14/2022, 08:10:19"
1991,P_F_Theresa_May(3).png,P_M_david_camer(14).png,TRUE,pictures/stimuli/P,pictures/stimuli/P,F,M,5,5ae76daca740ff0001937dad,"10/14/2022, 08:10:19"
2389,E_F_Dawn_Roma(4).png,P_F_Theresa_May(3).png,FALSE,pictures/stimuli/E,pictures/stimuli/P,F,F,5,5ae76daca740ff0001937dad,"10/14/2022, 08:10:19"
1566,E_M_Michael_McIntyr(8).png,P_F_Theresa_May(3).png,FALSE,pictures/stimuli/E,pictures/stimuli/P,M,F,5,5ae76daca740ff0001937dad,"10/14/2022, 08:10:19"
1476,E_F_Dawn_Roma(4).png,P_M_nigel_farage(5).png,FALSE,pictures/stimuli/E,pictures/stimuli/P,F,M,6,5ae76daca740ff0001937dad,"10/14/2022, 08:10:19"
2285,E_M_Ewan_McGregor(3).png,P_M_Sajid_Javid(4).png,FALSE,pictures/stimuli/E,pictures/stimuli/P,M,M,6,5ae76daca740ff0001937dad,"10/14/2022, 08:10:19"
1847,E_F_Sarah_Millican(1).png,P_F_Theresa_May(3).png,FALSE,pictures/stimuli/E,pictures/stimuli/P,F,F,6,5ae76daca740ff0001937dad,"10/14/2022, 08:10:19"
1416,E_F_Sarah_Millican(1).png,E_M_Simon_Pegg(8).png,TRUE,pictures/stimuli/E,pictures/stimuli/E,F,M,6,5ae76daca740ff0001937dad,"10/14/2022, 08:10:19"
2176,E_F_Dawn_Roma(4).png,P_M_keir_starmer(6).png,FALSE,pictures/stimuli/E,pictures/stimuli/P,F,M,6,5ae76daca740ff0001937dad,"10/14/2022, 08:10:19"
2379,E_F_Dawn_Roma(4).png,P_M_jeremy_corbyn(2).png,FALSE,pictures/stimuli/E,pictures/stimuli/P,F,M,6,5ae76daca740ff0001937dad,"10/14/2022, 08:10:19"
2601,P_M_david_camer(14).png,P_M_Tony_Blair.png,TRUE,pictures/stimuli/P,pictures/stimuli/P,M,M,4,5ae76daca740ff0001937dad,"10/14/2022, 08:10:19"
1896,E_F_Dawn_Roma(4).png,E_M_Michael_McIntyr(8).png,TRUE,pictures/stimuli/E,pictures/stimuli/E,F,M,5,5ae76daca740ff0001937dad,"10/14/2022, 08:10:19"
6366,E_F_Sarah_Millican(1).png,P_M_Gordon_Brown(19).png,FALSE,pictures/stimuli/E,pictures/stimuli/P,F,M,5,5ae76daca740ff0001937dad,"10/14/2022, 08:10:19"
1861,E_M_Peter_Kay(3).png,P_M_keir_starmer(6).png,FALSE,pictures/stimuli/E,pictures/stimuli/P,M,M,6,5ae76daca740ff0001937dad,"10/14/2022, 08:10:19"
3309,E_M_Ewan_McGregor(3).png,E_M_Michael_McIntyr(8).png,TRUE,pictures/stimuli/E,pictures/stimuli/E,M,M,5,5ae76daca740ff0001937dad,"10/14/2022, 08:10:19"
2194,E_M_Ewan_McGregor(3).png,E_M_Jimmy_Carr(5).png,TRUE,pictures/stimuli/E,pictures/stimuli/E,M,M,5,5ae76daca740ff0001937dad,"10/14/2022, 08:10:19"
5142,E_M_Jimmy_Carr(5).png,E_M_Simon_Pegg(8).png,TRUE,pictures/stimuli/E,pictures/stimuli/E,M,M,6,5ae76daca740ff0001937dad,"10/14/2022, 08:10:19"
3433,E_M_Ewan_McGregor(3).png,P_M_nigel_farage(5).png,FALSE,pictures/stimuli/E,pictures/stimuli/P,M,M,6,5ae76daca740ff0001937dad,"10/14/2022, 08:10:19"
1458,E_F_Sarah_Millican(1).png,P_M_nigel_farage(5).png,FALSE,pictures/stimuli/E,pictures/stimuli/P,F,M,6,5ae76daca740ff0001937dad,"10/14/2022, 08:10:19"
4511,E_M_Simon_Pegg(8).png,P_M_nigel_farage(5).png,FALSE,pictures/stimuli/E,pictures/stimuli/P,M,M,6,5ae76daca740ff0001937dad,"10/14/2022, 08:10:19"
2732,E_F_Dawn_Roma(4).png,E_F_Julie_Walters(20).png,TRUE,pictures/stimuli/E,pictures/stimuli/E,F,F,4,5ae76daca740ff0001937dad,"10/14/2022, 08:10:19"
2530,P_M_david_camer(14).png,P_M_Sajid_Javid(4).png,TRUE,pictures/stimuli/P,pictures/stimuli/P,M,M,6,5ae76daca740ff0001937dad,"10/14/2022, 08:10:19"
2285,E_F_Dawn_Roma(4).png,E_M_Simon_Pegg(8).png,TRUE,pictures/stimuli/E,pictures/stimuli/E,F,M,6,5ae76daca740ff0001937dad,"10/14/2022, 08:10:19"
3487,E_F_Jennifer_Saunders.png,E_M_Jimmy_Carr(5).png,TRUE,pictures/stimuli/E,pictures/stimuli/E,F,M,6,5ae76daca740ff0001937dad,"10/14/2022, 08:10:19"
2994,E_F_Sarah_Millican(1).png,E_M_Michael_McIntyr(8).png,TRUE,pictures/stimuli/E,pictures/stimuli/E,F,M,6,5ae76daca740ff0001937dad,"10/14/2022, 08:10:19"
6781,E_M_Michael_McIntyr(8).png,P_M_Tony_Blair.png,FALSE,pictures/stimuli/E,pictures/stimuli/P,M,M,4,5ae76daca740ff0001937dad,"10/14/2022, 08:10:19"
2690,E_F_Dawn_Roma(4).png,E_F_Sarah_Millican(1).png,TRUE,pictures/stimuli/E,pictures/stimuli/E,F,F,4,5ae76daca740ff0001937dad,"10/14/2022, 08:10:19"
3800,E_M_Ewan_McGregor(3).png,E_M_Simon_Pegg(8).png,TRUE,pictures/stimuli/E,pictures/stimuli/E,M,M,5,5ae76daca740ff0001937dad,"10/14/2022, 08:10:19"
3905,E_F_Julie_Walters(20).png,E_M_Peter_Kay(3).png,TRUE,pictures/stimuli/E,pictures/stimuli/E,F,M,6,5ae76daca740ff0001937dad,"10/14/2022, 08:10:19"
2179,E_F_Jennifer_Saunders.png,P_M_keir_starmer(6).png,FALSE,pictures/stimuli/E,pictures/stimuli/P,F,M,6,5ae76daca740ff0001937dad,"10/14/2022, 08:10:19"
4545,E_F_Dawn_Roma(4).png,P_M_Gordon_Brown(19).png,FALSE,pictures/stimuli/E,pictures/stimuli/P,F,M,6,5ae76daca740ff0001937dad,"10/14/2022, 08:10:19"
42027,E_F_Jennifer_Saunders.png,P_F_Theresa_May(3).png,FALSE,pictures/stimuli/E,pictures/stimuli/P,F,F,4,5ae76daca740ff0001937dad,"10/14/2022, 08:10:19"
3006,P_M_keir_starmer(6).png,P_M_Tony_Blair.png,TRUE,pictures/stimuli/P,pictures/stimuli/P,M,M,4,5ae76daca740ff0001937dad,"10/14/2022, 08:10:19"
2091,P_F_nicola_sturge(10).png,P_M_Gordon_Brown(19).png,TRUE,pictures/stimuli/P,pictures/stimuli/P,F,M,5,5ae76daca740ff0001937dad,"10/14/2022, 08:10:19"
2989,P_F_Theresa_May(3).png,P_M_jeremy_corbyn(2).png,TRUE,pictures/stimuli/P,pictures/stimuli/P,F,M,4,5ae76daca740ff0001937dad,"10/14/2022, 08:10:19"
2773,E_F_Julie_Walters(20).png,P_M_david_camer(14).png,FALSE,pictures/stimuli/E,pictures/stimuli/P,F,M,5,5ae76daca740ff0001937dad,"10/14/2022, 08:10:19"
2657,E_F_Dawn_Roma(4).png,E_M_Peter_Kay(3).png,TRUE,pictures/stimuli/E,pictures/stimuli/E,F,M,4,5ae76daca740ff0001937dad,"10/14/2022, 08:10:19"
2079,E_M_Michael_McIntyr(8).png,P_M_keir_starmer(6).png,FALSE,pictures/stimuli/E,pictures/stimuli/P,M,M,5,5ae76daca740ff0001937dad,"10/14/2022, 08:10:19"
3433,E_F_Dawn_Roma(4).png,E_F_Jennifer_Saunders.png,TRUE,pictures/stimuli/E,pictures/stimuli/E,F,F,4,5ae76daca740ff0001937dad,"10/14/2022, 08:10:19"
2571,E_M_Jimmy_Carr(5).png,P_F_nicola_sturge(10).png,FALSE,pictures/stimuli/E,pictures/stimuli/P,M,F,6,5ae76daca740ff0001937dad,"10/14/2022, 08:10:19"
2205,E_M_Ewan_McGregor(3).png,P_M_Michael_Gove(9).png,FALSE,pictures/stimuli/E,pictures/stimuli/P,M,M,6,5ae76daca740ff0001937dad,"10/14/2022, 08:10:19"
3268,E_M_Jimmy_Carr(5).png,P_M_Michael_Gove(9).png,FALSE,pictures/stimuli/E,pictures/stimuli/P,M,M,5,5ae76daca740ff0001937dad,"10/14/2022, 08:10:19"
2222,E_M_Michael_McIntyr(8).png,P_M_jeremy_corbyn(2).png,FALSE,pictures/stimuli/E,pictures/stimuli/P,M,M,5,5ae76daca740ff0001937dad,"10/14/2022, 08:10:19"
1930,E_F_Jennifer_Saunders.png,P_M_Sajid_Javid(4).png,FALSE,pictures/stimuli/E,pictures/stimuli/P,F,M,6,5ae76daca740ff0001937dad,"10/14/2022, 08:10:19"
1918,E_F_Dawn_Roma(4).png,P_M_Sajid_Javid(4).png,FALSE,pictures/stimuli/E,pictures/stimuli/P,F,M,6,5ae76daca740ff0001937dad,"10/14/2022, 08:10:19"
3184,P_M_Gordon_Brown(19).png,P_M_jeremy_corbyn(2).png,TRUE,pictures/stimuli/P,pictures/stimuli/P,M,M,5,5ae76daca740ff0001937dad,"10/14/2022, 08:10:19"
2371,P_M_david_camer(14).png,P_M_Michael_Gove(9).png,TRUE,pictures/stimuli/P,pictures/stimuli/P,M,M,5,5ae76daca740ff0001937dad,"10/14/2022, 08:10:19"
3870,E_M_Ewan_McGregor(3).png,P_F_Theresa_May(3).png,FALSE,pictures/stimuli/E,pictures/stimuli/P,M,F,6,5ae76daca740ff0001937dad,"10/14/2022, 08:10:19"
8658,P_M_Gordon_Brown(19).png,P_M_Michael_Gove(9).png,TRUE,pictures/stimuli/P,pictures/stimuli/P,M,M,6,5ae76daca740ff0001937dad,"10/14/2022, 08:10:19"
1541,E_F_Sarah_Millican(1).png,P_M_keir_starmer(6).png,FALSE,pictures/stimuli/E,pictures/stimuli/P,F,M,6,5ae76daca740ff0001937dad,"10/14/2022, 08:10:19"
2446,P_M_Michael_Gove(9).png,P_M_Tony_Blair.png,TRUE,pictures/stimuli/P,pictures/stimuli/P,M,M,5,5ae76daca740ff0001937dad,"10/14/2022, 08:10:19"
3757,E_M_Russell_Howard(10).png,P_M_Michael_Gove(9).png,FALSE,pictures/stimuli/E,pictures/stimuli/P,M,M,5,5ae76daca740ff0001937dad,"10/14/2022, 08:10:19"
1849,E_M_Simon_Pegg(8).png,P_F_Theresa_May(3).png,FALSE,pictures/stimuli/E,pictures/stimuli/P,M,F,6,5ae76daca740ff0001937dad,"10/14/2022, 08:10:19"
4434,E_F_Dawn_Roma(4).png,E_M_Jimmy_Carr(5).png,TRUE,pictures/stimuli/E,pictures/stimuli/E,F,M,3,5ae76daca740ff0001937dad,"10/14/2022, 08:10:19"
1893,E_F_Dawn_Roma(4).png,E_M_Russell_Howard(10).png,TRUE,pictures/stimuli/E,pictures/stimuli/E,F,M,4,5ae76daca740ff0001937dad,"10/14/2022, 08:10:19"
4704,E_M_Peter_Kay(3).png,E_M_Russell_Howard(10).png,TRUE,pictures/stimuli/E,pictures/stimuli/E,M,M,6,5ae76daca740ff0001937dad,"10/14/2022, 08:10:19"
9718,E_M_Russell_Howard(10).png,E_M_Simon_Pegg(8).png,TRUE,pictures/stimuli/E,pictures/stimuli/E,M,M,6,5ae76daca740ff0001937dad,"10/14/2022, 08:10:19"
1863,E_F_Dawn_Roma(4).png,P_M_david_camer(14).png,FALSE,pictures/stimuli/E,pictures/stimuli/P,F,M,5,5ae76daca740ff0001937dad,"10/14/2022, 08:10:19"
4881,P_M_jeremy_corbyn(2).png,P_M_nigel_farage(5).png,TRUE,pictures/stimuli/P,pictures/stimuli/P,M,M,4,5ae76daca740ff0001937dad,"10/14/2022, 08:10:19"
1559,E_F_Julie_Walters(20).png,P_M_jeremy_corbyn(2).png,FALSE,pictures/stimuli/E,pictures/stimuli/P,F,M,4,5ae76daca740ff0001937dad,"10/14/2022, 08:10:19"
1449,E_M_Michael_McIntyr(8).png,E_M_Russell_Howard(10).png,TRUE,pictures/stimuli/E,pictures/stimuli/E,M,M,4,5ae76daca740ff0001937dad,"10/14/2022, 08:10:19"
2031,E_F_Julie_Walters(20).png,P_F_Theresa_May(3).png,FALSE,pictures/stimuli/E,pictures/stimuli/P,F,F,4,5ae76daca740ff0001937dad,"10/14/2022, 08:10:19"
1741,P_M_david_camer(14).png,P_M_keir_starmer(6).png,TRUE,pictures/stimuli/P,pictures/stimuli/P,M,M,5,5ae76daca740ff0001937dad,"10/14/2022, 08:10:19"
2270,E_F_Dawn_Roma(4).png,P_F_nicola_sturge(10).png,FALSE,pictures/stimuli/E,pictures/stimuli/P,F,F,5,5ae76daca740ff0001937dad,"10/14/2022, 08:10:19"
14502,E_F_Sarah_Millican(1).png,P_M_david_camer(14).png,FALSE,pictures/stimuli/E,pictures/stimuli/P,F,M,6,5ae76daca740ff0001937dad,"10/14/2022, 08:10:19"
2115,P_M_Gordon_Brown(19).png,P_M_Sajid_Javid(4).png,TRUE,pictures/stimuli/P,pictures/stimuli/P,M,M,6,5ae76daca740ff0001937dad,"10/14/2022, 08:10:19"
2790,E_F_Julie_Walters(20).png,P_M_Tony_Blair.png,FALSE,pictures/stimuli/E,pictures/stimuli/P,F,M,6,5ae76daca740ff0001937dad,"10/14/2022, 08:10:19"
2755,P_F_Theresa_May(3).png,P_M_nigel_farage(5).png,TRUE,pictures/stimuli/P,pictures/stimuli/P,F,M,6,5ae76daca740ff0001937dad,"10/14/2022, 08:10:19"
1316,E_F_Sarah_Millican(1).png,P_F_nicola_sturge(10).png,FALSE,pictures/stimuli/E,pictures/stimuli/P,F,F,6,5ae76daca740ff0001937dad,"10/14/2022, 08:10:19"
1607,E_M_Simon_Pegg(8).png,P_M_Tony_Blair.png,FALSE,pictures/stimuli/E,pictures/stimuli/P,M,M,5,5ae76daca740ff0001937dad,"10/14/2022, 08:10:19"
4920,E_M_Ewan_McGregor(3).png,P_M_keir_starmer(6).png,FALSE,pictures/stimuli/E,pictures/stimuli/P,M,M,6,5ae76daca740ff0001937dad,"10/14/2022, 08:10:19"
25866,E_M_Ewan_McGregor(3).png,P_M_david_camer(14).png,FALSE,pictures/stimuli/E,pictures/stimuli/P,M,M,5,5ae76daca740ff0001937dad,"10/14/2022, 08:10:19"
6527,E_M_Peter_Kay(3).png,P_M_nigel_farage(5).png,FALSE,pictures/stimuli/E,pictures/stimuli/P,M,M,6,5ae76daca740ff0001937dad,"10/14/2022, 08:10:19"
2205,E_M_Russell_Howard(10).png,P_F_nicola_sturge(10).png,FALSE,pictures/stimuli/E,pictures/stimuli/P,M,F,5,5ae76daca740ff0001937dad,"10/14/2022, 08:10:19"
2040,E_F_Julie_Walters(20).png,P_M_Gordon_Brown(19).png,FALSE,pictures/stimuli/E,pictures/stimuli/P,F,M,5,5ae76daca740ff0001937dad,"10/14/2022, 08:10:19"
4225,E_M_Jimmy_Carr(5).png,P_M_nigel_farage(5).png,FALSE,pictures/stimuli/E,pictures/stimuli/P,M,M,4,5ae76daca740ff0001937dad,"10/14/2022, 08:10:19"
16455,E_M_Ewan_McGregor(3).png,E_M_Peter_Kay(3).png,TRUE,pictures/stimuli/E,pictures/stimuli/E,M,M,5,5ae76daca740ff0001937dad,"10/14/2022, 08:10:19"
18374,P_M_keir_starmer(6).png,P_M_Michael_Gove(9).png,TRUE,pictures/stimuli/P,pictures/stimuli/P,M,M,5,5ae76daca740ff0001937dad,"10/14/2022, 08:10:19"
3919,P_F_Theresa_May(3).png,P_M_Tony_Blair.png,TRUE,pictures/stimuli/P,pictures/stimuli/P,F,M,4,5ae76daca740ff0001937dad,"10/14/2022, 08:10:19"
1751,E_M_Jimmy_Carr(5).png,P_M_Gordon_Brown(19).png,FALSE,pictures/stimuli/E,pictures/stimuli/P,M,M,5,5ae76daca740ff0001937dad,"10/14/2022, 08:10:19"
2290,E_F_Sarah_Millican(1).png,E_M_Jimmy_Carr(5).png,TRUE,pictures/stimuli/E,pictures/stimuli/E,F,M,4,5ae76daca740ff0001937dad,"10/14/2022, 08:10:19"
2146,E_M_Jimmy_Carr(5).png,E_M_Russell_Howard(10).png,TRUE,pictures/stimuli/E,pictures/stimuli/E,M,M,5,5ae76daca740ff0001937dad,"10/14/2022, 08:10:19"
1987,E_M_Michael_McIntyr(8).png,P_F_nicola_sturge(10).png,FALSE,pictures/stimuli/E,pictures/stimuli/P,M,F,4,5ae76daca740ff0001937dad,"10/14/2022, 08:10:19"
3429,E_F_Jennifer_Saunders.png,E_M_Ewan_McGregor(3).png,TRUE,pictures/stimuli/E,pictures/stimuli/E,F,M,3,5ae76daca740ff0001937dad,"10/14/2022, 08:10:19"
4108,E_M_Michael_McIntyr(8).png,P_M_Michael_Gove(9).png,FALSE,pictures/stimuli/E,pictures/stimuli/P,M,M,5,5ae76daca740ff0001937dad,"10/14/2022, 08:10:19"
2025,E_F_Sarah_Millican(1).png,P_M_Tony_Blair.png,FALSE,pictures/stimuli/E,pictures/stimuli/P,F,M,5,5ae76daca740ff0001937dad,"10/14/2022, 08:10:19"
1929,P_F_nicola_sturge(10).png,P_M_Michael_Gove(9).png,TRUE,pictures/stimuli/P,pictures/stimuli/P,F,M,5,5ae76daca740ff0001937dad,"10/14/2022, 08:10:19"
3258,E_F_Jennifer_Saunders.png,E_M_Michael_McIntyr(8).png,TRUE,pictures/stimuli/E,pictures/stimuli/E,F,M,4,5ae76daca740ff0001937dad,"10/14/2022, 08:10:19"
2097,E_F_Jennifer_Saunders.png,P_M_jeremy_corbyn(2).png,FALSE,pictures/stimuli/E,pictures/stimuli/P,F,M,6,5ae76daca740ff0001937dad,"10/14/2022, 08:10:19"
2220,E_M_Ewan_McGregor(3).png,P_M_Tony_Blair.png,FALSE,pictures/stimuli/E,pictures/stimuli/P,M,M,4,5ae76daca740ff0001937dad,"10/14/2022, 08:10:19"
2294,E_M_Jimmy_Carr(5).png,E_M_Michael_McIntyr(8).png,TRUE,pictures/stimuli/E,pictures/stimuli/E,M,M,4,5ae76daca740ff0001937dad,"10/14/2022, 08:10:19"
4900,E_M_Ewan_McGregor(3).png,E_M_Russell_Howard(10).png,TRUE,pictures/stimuli/E,pictures/stimuli/E,M,M,5,5ae76daca740ff0001937dad,"10/14/2022, 08:10:19"
5298,E_F_Jennifer_Saunders.png,E_F_Sarah_Millican(1).png,TRUE,pictures/stimuli/E,pictures/stimuli/E,F,F,6,5ae76daca740ff0001937dad,"10/14/2022, 08:10:19"
1536,E_M_Peter_Kay(3).png,E_M_Simon_Pegg(8).png,TRUE,pictures/stimuli/E,pictures/stimuli/E,M,M,6,5ae76daca740ff0001937dad,"10/14/2022, 08:10:19"
1631,E_M_Simon_Pegg(8).png,P_F_nicola_sturge(10).png,FALSE,pictures/stimuli/E,pictures/stimuli/P,M,F,6,5ae76daca740ff0001937dad,"10/14/2022, 08:10:19"
1978,E_M_Michael_McIntyr(8).png,E_M_Simon_Pegg(8).png,TRUE,pictures/stimuli/E,pictures/stimuli/E,M,M,6,5ae76daca740ff0001937dad,"10/14/2022, 08:10:19"
2262,E_M_Jimmy_Carr(5).png,E_M_Peter_Kay(3).png,TRUE,pictures/stimuli/E,pictures/stimuli/E,M,M,6,5ae76daca740ff0001937dad,"10/14/2022, 08:10:19"
1801,P_F_nicola_sturge(10).png,P_M_jeremy_corbyn(2).png,TRUE,pictures/stimuli/P,pictures/stimuli/P,F,M,6,5ae76daca740ff0001937dad,"10/14/2022, 08:10:19"
2411,E_M_Peter_Kay(3).png,P_M_Gordon_Brown(19).png,FALSE,pictures/stimuli/E,pictures/stimuli/P,M,M,4,5ae76daca740ff0001937dad,"10/14/2022, 08:10:19"
2057,P_M_keir_starmer(6).png,P_M_Sajid_Javid(4).png,TRUE,pictures/stimuli/P,pictures/stimuli/P,M,M,6,5ae76daca740ff0001937dad,"10/14/2022, 08:10:19"
2509,E_M_Michael_McIntyr(8).png,P_M_david_camer(14).png,FALSE,pictures/stimuli/E,pictures/stimuli/P,M,M,6,5ae76daca740ff0001937dad,"10/14/2022, 08:10:19"
1996,E_F_Sarah_Millican(1).png,E_M_Russell_Howard(10).png,TRUE,pictures/stimuli/E,pictures/stimuli/E,F,M,6,5ae76daca740ff0001937dad,"10/14/2022, 08:10:19"
2458,E_M_Russell_Howard(10).png,P_M_keir_starmer(6).png,FALSE,pictures/stimuli/E,pictures/stimuli/P,M,M,4,5ae76daca740ff0001937dad,"10/14/2022, 08:10:19"
1898,E_F_Jennifer_Saunders.png,P_M_Michael_Gove(9).png,FALSE,pictures/stimuli/E,pictures/stimuli/P,F,M,6,5ae76daca740ff0001937dad,"10/14/2022, 08:10:19"
2133,E_F_Julie_Walters(20).png,E_M_Simon_Pegg(8).png,TRUE,pictures/stimuli/E,pictures/stimuli/E,F,M,6,5ae76daca740ff0001937dad,"10/14/2022, 08:10:19"
2976,P_M_nigel_farage(5).png,P_M_Tony_Blair.png,TRUE,pictures/stimuli/P,pictures/stimuli/P,M,M,5,5ae76daca740ff0001937dad,"10/14/2022, 08:10:19"
1826,E_M_Simon_Pegg(8).png,P_M_Sajid_Javid(4).png,FALSE,pictures/stimuli/E,pictures/stimuli/P,M,M,6,5ae76daca740ff0001937dad,"10/14/2022, 08:10:19"
3178,E_M_Simon_Pegg(8).png,P_M_keir_starmer(6).png,FALSE,pictures/stimuli/E,pictures/stimuli/P,M,M,6,5ae76daca740ff0001937dad,"10/14/2022, 08:10:19"
3285,P_M_Gordon_Brown(19).png,P_M_nigel_farage(5).png,TRUE,pictures/stimuli/P,pictures/stimuli/P,M,M,6,5ae76daca740ff0001937dad,"10/14/2022, 08:10:19"
2250,E_M_Russell_Howard(10).png,P_M_david_camer(14).png,FALSE,pictures/stimuli/E,pictures/stimuli/P,M,M,5,5ae76daca740ff0001937dad,"10/14/2022, 08:10:19"
4548,E_M_Simon_Pegg(8).png,P_M_Michael_Gove(9).png,FALSE,pictures/stimuli/E,pictures/stimuli/P,M,M,6,5ae76daca740ff0001937dad,"10/14/2022, 08:10:19"
3433,P_F_nicola_sturge(10).png,P_M_david_camer(14).png,TRUE,pictures/stimuli/P,pictures/stimuli/P,F,M,6,5ae76daca740ff0001937dad,"10/14/2022, 08:10:19"
2947,E_M_Ewan_McGregor(3).png,P_M_Gordon_Brown(19).png,FALSE,pictures/stimuli/E,pictures/stimuli/P,M,M,5,5ae76daca740ff0001937dad,"10/14/2022, 08:10:19"
2567,P_M_keir_starmer(6).png,P_M_nigel_farage(5).png,TRUE,pictures/stimuli/P,pictures/stimuli/P,M,M,6,5ae76daca740ff0001937dad,"10/14/2022, 08:10:19"
4521,P_M_Gordon_Brown(19).png,P_M_Tony_Blair.png,TRUE,pictures/stimuli/P,pictures/stimuli/P,M,M,5,5ae76daca740ff0001937dad,"10/14/2022, 08:10:19"
6280,E_M_Peter_Kay(3).png,P_F_nicola_sturge(10).png,FALSE,pictures/stimuli/E,pictures/stimuli/P,M,F,6,5ae76daca740ff0001937dad,"10/14/2022, 08:10:19"
22861,P_M_jeremy_corbyn(2).png,P_M_Sajid_Javid(4).png,TRUE,pictures/stimuli/P,pictures/stimuli/P,M,M,6,5ae76daca740ff0001937dad,"10/14/2022, 08:10:19"
4280,E_M_Simon_Pegg(8).png,P_M_david_camer(14).png,FALSE,pictures/stimuli/E,pictures/stimuli/P,M,M,6,5ae76daca740ff0001937dad,"10/14/2022, 08:10:19"
2349,E_M_Peter_Kay(3).png,P_M_david_camer(14).png,FALSE,pictures/stimuli/E,pictures/stimuli/P,M,M,5,5ae76daca740ff0001937dad,"10/14/2022, 08:10:19"
3935,E_F_Sarah_Millican(1).png,P_M_jeremy_corbyn(2).png,FALSE,pictures/stimuli/E,pictures/stimuli/P,F,M,4,5ae76daca740ff0001937dad,"10/14/2022, 08:10:19"
14967,E_F_Julie_Walters(20).png,P_M_Sajid_Javid(4).png,FALSE,pictures/stimuli/E,pictures/stimuli/P,F,M,6,5ae76daca740ff0001937dad,"10/14/2022, 08:10:19"
2632,E_F_Julie_Walters(20).png,E_M_Michael_McIntyr(8).png,TRUE,pictures/stimuli/E,pictures/stimuli/E,F,M,6,5ae76daca740ff0001937dad,"10/14/2022, 08:10:19"
2711,E_F_Julie_Walters(20).png,E_M_Russell_Howard(10).png,TRUE,pictures/stimuli/E,pictures/stimuli/E,F,M,4,5ae76daca740ff0001937dad,"10/14/2022, 08:10:19"
1910,E_F_Sarah_Millican(1).png,E_M_Peter_Kay(3).png,TRUE,pictures/stimuli/E,pictures/stimuli/E,F,M,4,5ae76daca740ff0001937dad,"10/14/2022, 08:10:19"
1837,P_M_david_camer(14).png,P_M_Gordon_Brown(19).png,TRUE,pictures/stimuli/P,pictures/stimuli/P,M,M,5,5ae76daca740ff0001937dad,"10/14/2022, 08:10:19"
1852,E_F_Jennifer_Saunders.png,P_M_Tony_Blair.png,FALSE,pictures/stimuli/E,pictures/stimuli/P,F,M,4,5ae76daca740ff0001937dad,"10/14/2022, 08:10:19"
1726,P_F_Theresa_May(3).png,P_M_Sajid_Javid(4).png,TRUE,pictures/stimuli/P,pictures/stimuli/P,F,M,6,5ae76daca740ff0001937dad,"10/14/2022, 08:10:19"
3153,E_M_Jimmy_Carr(5).png,P_M_jeremy_corbyn(2).png,FALSE,pictures/stimuli/E,pictures/stimuli/P,M,M,6,5ae76daca740ff0001937dad,"10/14/2022, 08:10:19"
1992,E_M_Russell_Howard(10).png,P_M_nigel_farage(5).png,FALSE,pictures/stimuli/E,pictures/stimuli/P,M,M,5,5ae76daca740ff0001937dad,"10/14/2022, 08:10:19"
2074,E_F_Julie_Walters(20).png,E_F_Sarah_Millican(1).png,TRUE,pictures/stimuli/E,pictures/stimuli/E,F,F,4,5ae76daca740ff0001937dad,"10/14/2022, 08:10:19"
3721,E_M_Peter_Kay(3).png,P_M_Tony_Blair.png,FALSE,pictures/stimuli/E,pictures/stimuli/P,M,M,6,5ae76daca740ff0001937dad,"10/14/2022, 08:10:19"
3211,E_M_Jimmy_Carr(5).png,P_M_Tony_Blair.png,FALSE,pictures/stimuli/E,pictures/stimuli/P,M,M,6,5ae76daca740ff0001937dad,"10/14/2022, 08:10:19"
2159,E_M_Jimmy_Carr(5).png,P_M_david_camer(14).png,FALSE,pictures/stimuli/E,pictures/stimuli/P,M,M,5,5ae76daca740ff0001937dad,"10/14/2022, 08:10:19"
2479,E_F_Julie_Walters(20).png,E_M_Ewan_McGregor(3).png,TRUE,pictures/stimuli/E,pictures/stimuli/E,F,M,5,5ae76daca740ff0001937dad,"10/14/2022, 08:10:19"
1731,E_F_Jennifer_Saunders.png,E_M_Peter_Kay(3).png,TRUE,pictures/stimuli/E,pictures/stimuli/E,F,M,6,5ae76daca740ff0001937dad,"10/14/2022, 08:10:19"
2092,E_M_Jimmy_Carr(5).png,P_M_keir_starmer(6).png,FALSE,pictures/stimuli/E,pictures/stimuli/P,M,M,5,5ae76daca740ff0001937dad,"10/14/2022, 08:10:19"
2158,E_F_Jennifer_Saunders.png,P_M_Gordon_Brown(19).png,FALSE,pictures/stimuli/E,pictures/stimuli/P,F,M,6,5ae76daca740ff0001937dad,"10/14/2022, 08:10:19"
1950,E_M_Russell_Howard(10).png,P_M_Tony_Blair.png,FALSE,pictures/stimuli/E,pictures/stimuli/P,M,M,6,5ae76daca740ff0001937dad,"10/14/2022, 08:10:19"
1975,E_F_Jennifer_Saunders.png,E_M_Simon_Pegg(8).png,TRUE,pictures/stimuli/E,pictures/stimuli/E,F,M,5,5ae76daca740ff0001937dad,"10/14/2022, 08:10:19"
1565,E_F_Julie_Walters(20).png,E_M_Jimmy_Carr(5).png,TRUE,pictures/stimuli/E,pictures/stimuli/E,F,M,5,5ae76daca740ff0001937dad,"10/14/2022, 08:10:19"
1624,P_F_Theresa_May(3).png,P_M_Michael_Gove(9).png,TRUE,pictures/stimuli/P,pictures/stimuli/P,F,M,6,5ae76daca740ff0001937dad,"10/14/2022, 08:10:19"
1693,E_M_Ewan_McGregor(3).png,P_M_jeremy_corbyn(2).png,FALSE,pictures/stimuli/E,pictures/stimuli/P,M,M,5,5ae76daca740ff0001937dad,"10/14/2022, 08:10:19"
1754,E_F_Jennifer_Saunders.png,P_M_nigel_farage(5).png,FALSE,pictures/stimuli/E,pictures/stimuli/P,F,M,6,5ae76daca740ff0001937dad,"10/14/2022, 08:10:19"
1582,P_M_jeremy_corbyn(2).png,P_M_keir_starmer(6).png,TRUE,pictures/stimuli/P,pictures/stimuli/P,M,M,6,5ae76daca740ff0001937dad,"10/14/2022, 08:10:19"
1667,P_F_nicola_sturge(10).png,P_M_Sajid_Javid(4).png,TRUE,pictures/stimuli/P,pictures/stimuli/P,F,M,6,5ae76daca740ff0001937dad,"10/14/2022, 08:10:19"
2102,P_F_nicola_sturge(10).png,P_F_Theresa_May(3).png,TRUE,pictures/stimuli/P,pictures/stimuli/P,F,F,6,5ae76daca740ff0001937dad,"10/14/2022, 08:10:19"
2041,E_F_Dawn_Roma(4).png,P_M_Michael_Gove(9).png,FALSE,pictures/stimuli/E,pictures/stimuli/P,F,M,6,5ae76daca740ff0001937dad,"10/14/2022, 08:10:19"
1508,E_M_Michael_McIntyr(8).png,P_M_Sajid_Javid(4).png,FALSE,pictures/stimuli/E,pictures/stimuli/P,M,M,6,5ae76daca740ff0001937dad,"10/14/2022, 08:10:19"
2559,E_F_Dawn_Roma(4).png,E_M_Ewan_McGregor(3).png,TRUE,pictures/stimuli/E,pictures/stimuli/E,F,M,6,5ae76daca740ff0001937dad,"10/14/2022, 08:10:19"
2179,E_M_Peter_Kay(3).png,P_M_jeremy_corbyn(2).png,FALSE,pictures/stimuli/E,pictures/stimuli/P,M,M,6,5ae76daca740ff0001937dad,"10/14/2022, 08:10:19"
1937,E_M_Michael_McIntyr(8).png,E_M_Peter_Kay(3).png,TRUE,pictures/stimuli/E,pictures/stimuli/E,M,M,6,5ae76daca740ff0001937dad,"10/14/2022, 08:10:19"
3424,E_F_Sarah_Millican(1).png,E_M_Ewan_McGregor(3).png,TRUE,pictures/stimuli/E,pictures/stimuli/E,F,M,6,5ae76daca740ff0001937dad,"10/14/2022, 08:10:19"
3645,P_F_nicola_sturge(10).png,P_M_Tony_Blair.png,TRUE,pictures/stimuli/P,pictures/stimuli/P,F,M,6,5ae76daca740ff0001937dad,"10/14/2022, 08:10:19"
3423,E_M_Jimmy_Carr(5).png,P_F_Theresa_May(3).png,FALSE,pictures/stimuli/E,pictures/stimuli/P,M,F,6,5ae76daca740ff0001937dad,"10/14/2022, 08:10:19"
2285,E_M_Michael_McIntyr(8).png,P_M_Gordon_Brown(19).png,FALSE,pictures/stimuli/E,pictures/stimuli/P,M,M,6,5ae76daca740ff0001937dad,"10/14/2022, 08:10:19"
10629,P_M_jeremy_corbyn(2).png,P_M_Tony_Blair.png,TRUE,pictures/stimuli/P,pictures/stimuli/P,M,M,6,5ae76daca740ff0001937dad,"10/14/2022, 08:10:19"
1664,P_M_Sajid_Javid(4).png,P_M_Tony_Blair.png,TRUE,pictures/stimuli/P,pictures/stimuli/P,M,M,6,5ae76daca740ff0001937dad,"10/14/2022, 08:10:19"
file,isFamiliar,5ae76daca740ff0001937dad,"10/14/2022, 08:10:19"
P_M_Sajid_Javid(4).png,1,5ae76daca740ff0001937dad,"10/14/2022, 08:10:19"
P_F_Theresa_May(3).png,1,5ae76daca740ff0001937dad,"10/14/2022, 08:10:19"
E_F_Jennifer_Saunders.png,1,5ae76daca740ff0001937dad,"10/14/2022, 08:10:19"
P_F_nicola_sturge(10).png,1,5ae76daca740ff0001937dad,"10/14/2022, 08:10:19"
E_F_Sarah_Millican(1).png,1,5ae76daca740ff0001937dad,"10/14/2022, 08:10:19"
E_M_Michael_McIntyr(8).png,1,5ae76daca740ff0001937dad,"10/14/2022, 08:10:19"
E_M_Jimmy_Carr(5).png,1,5ae76daca740ff0001937dad,"10/14/2022, 08:10:19"
P_M_jeremy_corbyn(2).png,1,5ae76daca740ff0001937dad,"10/14/2022, 08:10:19"
E_M_Ewan_McGregor(3).png,1,5ae76daca740ff0001937dad,"10/14/2022, 08:10:19"
P_M_nigel_farage(5).png,1,5ae76daca740ff0001937dad,"10/14/2022, 08:10:19"
P_M_Tony_Blair.png,1,5ae76daca740ff0001937dad,"10/14/2022, 08:10:19"
P_M_david_camer(14).png,1,5ae76daca740ff0001937dad,"10/14/2022, 08:10:19"
P_M_Gordon_Brown(19).png,1,5ae76daca740ff0001937dad,"10/14/2022, 08:10:19"
P_M_Michael_Gove(9).png,1,5ae76daca740ff0001937dad,"10/14/2022, 08:10:19"
E_F_Julie_Walters(20).png,1,5ae76daca740ff0001937dad,"10/14/2022, 08:10:19"
E_M_Russell_Howard(10).png,1,5ae76daca740ff0001937dad,"10/14/2022, 08:10:19"
E_M_Simon_Pegg(8).png,1,5ae76daca740ff0001937dad,"10/14/2022, 08:10:19"
E_M_Peter_Kay(3).png,1,5ae76daca740ff0001937dad,"10/14/2022, 08:10:19"
E_F_Dawn_Roma(4).png,1,5ae76daca740ff0001937dad,"10/14/2022, 08:10:19"
P_M_keir_starmer(6).png,0,5ae76daca740ff0001937dad,"10/14/2022, 08:10:19"
age: 32,gender: Female,handedness: right,5ae76daca740ff0001937dad,"10/14/2022, 08:10:19"