RT,img_1,img_2,isSameProffesion,img1proffesion,img2proffesion,img1Gender,img2Gender,keyPressed,5e767c26e8230d1f2008f024,"05/04/2022, 10:40:15"
6602,E_M_Hugh_Grant.png,E_M_nicolas_cage.png,TRUE,pictures/stimuli/E,pictures/stimuli/E,M,M,3,5e767c26e8230d1f2008f024,"05/04/2022, 10:40:15"
2913,E_F_jennifer_aniston.png,P_M_george_Wbush.png,FALSE,pictures/stimuli/E,pictures/stimuli/P,F,M,6,5e767c26e8230d1f2008f024,"05/04/2022, 10:40:15"
3477,E_M_robert_de_niro.png,E_M_tom_hankes.png,TRUE,pictures/stimuli/E,pictures/stimuli/E,M,M,3,5e767c26e8230d1f2008f024,"05/04/2022, 10:40:15"
3695,P_M_bill_clinton.png,P_M_Tony_Blair.png,TRUE,pictures/stimuli/P,pictures/stimuli/P,M,M,3,5e767c26e8230d1f2008f024,"05/04/2022, 10:40:15"
2901,P_M_donald_trump.png,P_M_Tony_Blair.png,TRUE,pictures/stimuli/P,pictures/stimuli/P,M,M,5,5e767c26e8230d1f2008f024,"05/04/2022, 10:40:15"
2706,E_F_angelina_jolie.png,P_M_george_Wbush.png,FALSE,pictures/stimuli/E,pictures/stimuli/P,F,M,6,5e767c26e8230d1f2008f024,"05/04/2022, 10:40:15"
2469,P_F_tehresy_may.png,P_M_Tony_Blair.png,TRUE,pictures/stimuli/P,pictures/stimuli/P,F,M,6,5e767c26e8230d1f2008f024,"05/04/2022, 10:40:15"
1593,E_F_sandra_bullock.png,P_M_Tony_Blair.png,FALSE,pictures/stimuli/E,pictures/stimuli/P,F,M,6,5e767c26e8230d1f2008f024,"05/04/2022, 10:40:15"
3879,P_F_hillary_clinton.png,P_M_bill_clinton.png,TRUE,pictures/stimuli/P,pictures/stimuli/P,F,M,5,5e767c26e8230d1f2008f024,"05/04/2022, 10:40:15"
2368,P_F_nicola_sturgeon.png,P_M_bill_clinton.png,TRUE,pictures/stimuli/P,pictures/stimuli/P,F,M,5,5e767c26e8230d1f2008f024,"05/04/2022, 10:40:15"
3698,P_M_george_Wbush.png,P_M_Tony_Blair.png,TRUE,pictures/stimuli/P,pictures/stimuli/P,M,M,2,5e767c26e8230d1f2008f024,"05/04/2022, 10:40:15"
3625,P_F_hillary_clinton.png,P_M_Tony_Blair.png,TRUE,pictures/stimuli/P,pictures/stimuli/P,F,M,6,5e767c26e8230d1f2008f024,"05/04/2022, 10:40:15"
3066,E_F_Kate_Winslet.png,P_F_tehresy_may.png,FALSE,pictures/stimuli/E,pictures/stimuli/P,F,F,5,5e767c26e8230d1f2008f024,"05/04/2022, 10:40:15"
11844,E_M_tom_hankes.png,P_M_george_Wbush.png,FALSE,pictures/stimuli/E,pictures/stimuli/P,M,M,4,5e767c26e8230d1f2008f024,"05/04/2022, 10:40:15"
4896,E_M_Hugh_Grant.png,P_M_bill_clinton.png,FALSE,pictures/stimuli/E,pictures/stimuli/P,M,M,4,5e767c26e8230d1f2008f024,"05/04/2022, 10:40:15"
3673,E_F_angelina_jolie.png,P_M_david_cameron.png,FALSE,pictures/stimuli/E,pictures/stimuli/P,F,M,6,5e767c26e8230d1f2008f024,"05/04/2022, 10:40:15"
2410,P_M_david_cameron.png,P_M_donald_trump.png,TRUE,pictures/stimuli/P,pictures/stimuli/P,M,M,4,5e767c26e8230d1f2008f024,"05/04/2022, 10:40:15"
5894,E_F_Judi_Dench.png,E_M_tom_hankes.png,TRUE,pictures/stimuli/E,pictures/stimuli/E,F,M,3,5e767c26e8230d1f2008f024,"05/04/2022, 10:40:15"
2523,P_F_hillary_clinton.png,P_M_george_Wbush.png,TRUE,pictures/stimuli/P,pictures/stimuli/P,F,M,5,5e767c26e8230d1f2008f024,"05/04/2022, 10:40:15"
2667,P_F_nicola_sturgeon.png,P_M_david_cameron.png,TRUE,pictures/stimuli/P,pictures/stimuli/P,F,M,2,5e767c26e8230d1f2008f024,"05/04/2022, 10:40:15"
1864,E_M_michael_caine.png,P_F_nicola_sturgeon.png,FALSE,pictures/stimuli/E,pictures/stimuli/P,M,F,5,5e767c26e8230d1f2008f024,"05/04/2022, 10:40:15"
2832,E_M_robert_de_niro.png,P_M_david_cameron.png,FALSE,pictures/stimuli/E,pictures/stimuli/P,M,M,4,5e767c26e8230d1f2008f024,"05/04/2022, 10:40:15"
2087,E_F_keira_knightley.png,E_M_michael_caine.png,TRUE,pictures/stimuli/E,pictures/stimuli/E,F,M,6,5e767c26e8230d1f2008f024,"05/04/2022, 10:40:15"
3365,E_F_Judi_Dench.png,P_M_Tony_Blair.png,FALSE,pictures/stimuli/E,pictures/stimuli/P,F,M,3,5e767c26e8230d1f2008f024,"05/04/2022, 10:40:15"
2862,E_F_Judi_Dench.png,P_M_david_cameron.png,FALSE,pictures/stimuli/E,pictures/stimuli/P,F,M,4,5e767c26e8230d1f2008f024,"05/04/2022, 10:40:15"
3520,E_M_Hugh_Grant.png,E_M_tom_hankes.png,TRUE,pictures/stimuli/E,pictures/stimuli/E,M,M,4,5e767c26e8230d1f2008f024,"05/04/2022, 10:40:15"
3557,E_F_Kate_Winslet.png,P_F_hillary_clinton.png,FALSE,pictures/stimuli/E,pictures/stimuli/P,F,F,3,5e767c26e8230d1f2008f024,"05/04/2022, 10:40:15"
3816,E_M_michael_caine.png,P_F_tehresy_may.png,FALSE,pictures/stimuli/E,pictures/stimuli/P,M,F,5,5e767c26e8230d1f2008f024,"05/04/2022, 10:40:15"
2173,E_M_michael_caine.png,P_M_donald_trump.png,FALSE,pictures/stimuli/E,pictures/stimuli/P,M,M,6,5e767c26e8230d1f2008f024,"05/04/2022, 10:40:15"
1952,E_M_robert_de_niro.png,P_F_tehresy_may.png,FALSE,pictures/stimuli/E,pictures/stimuli/P,M,F,5,5e767c26e8230d1f2008f024,"05/04/2022, 10:40:15"
2721,E_F_Judi_Dench.png,P_M_george_Wbush.png,FALSE,pictures/stimuli/E,pictures/stimuli/P,F,M,4,5e767c26e8230d1f2008f024,"05/04/2022, 10:40:15"
1993,P_M_donald_trump.png,P_M_george_Wbush.png,TRUE,pictures/stimuli/P,pictures/stimuli/P,M,M,3,5e767c26e8230d1f2008f024,"05/04/2022, 10:40:15"
2812,P_F_nicola_sturgeon.png,P_F_tehresy_may.png,TRUE,pictures/stimuli/P,pictures/stimuli/P,F,F,2,5e767c26e8230d1f2008f024,"05/04/2022, 10:40:15"
4217,E_M_tom_hankes.png,P_M_Tony_Blair.png,FALSE,pictures/stimuli/E,pictures/stimuli/P,M,M,3,5e767c26e8230d1f2008f024,"05/04/2022, 10:40:15"
2875,E_M_Hugh_Grant.png,P_F_nicola_sturgeon.png,FALSE,pictures/stimuli/E,pictures/stimuli/P,M,F,4,5e767c26e8230d1f2008f024,"05/04/2022, 10:40:15"
3640,E_F_angelina_jolie.png,E_F_Judi_Dench.png,TRUE,pictures/stimuli/E,pictures/stimuli/E,F,F,4,5e767c26e8230d1f2008f024,"05/04/2022, 10:40:15"
2568,E_F_keira_knightley.png,P_F_tehresy_may.png,FALSE,pictures/stimuli/E,pictures/stimuli/P,F,F,2,5e767c26e8230d1f2008f024,"05/04/2022, 10:40:15"
2701,E_F_Judi_Dench.png,E_M_Hugh_Grant.png,TRUE,pictures/stimuli/E,pictures/stimuli/E,F,M,2,5e767c26e8230d1f2008f024,"05/04/2022, 10:40:15"
1817,E_F_Judi_Dench.png,E_M_michael_caine.png,TRUE,pictures/stimuli/E,pictures/stimuli/E,F,M,3,5e767c26e8230d1f2008f024,"05/04/2022, 10:40:15"
1997,P_F_nicola_sturgeon.png,P_M_boris_johnson.png,TRUE,pictures/stimuli/P,pictures/stimuli/P,F,M,2,5e767c26e8230d1f2008f024,"05/04/2022, 10:40:15"
2101,E_F_sandra_bullock.png,P_F_nicola_sturgeon.png,FALSE,pictures/stimuli/E,pictures/stimuli/P,F,F,3,5e767c26e8230d1f2008f024,"05/04/2022, 10:40:15"
2490,E_F_keira_knightley.png,P_F_nicola_sturgeon.png,FALSE,pictures/stimuli/E,pictures/stimuli/P,F,F,3,5e767c26e8230d1f2008f024,"05/04/2022, 10:40:15"
2516,E_F_keira_knightley.png,P_M_david_cameron.png,FALSE,pictures/stimuli/E,pictures/stimuli/P,F,M,4,5e767c26e8230d1f2008f024,"05/04/2022, 10:40:15"
3035,E_F_Judi_Dench.png,P_F_hillary_clinton.png,FALSE,pictures/stimuli/E,pictures/stimuli/P,F,F,4,5e767c26e8230d1f2008f024,"05/04/2022, 10:40:15"
3624,E_M_robert_de_niro.png,P_M_boris_johnson.png,FALSE,pictures/stimuli/E,pictures/stimuli/P,M,M,4,5e767c26e8230d1f2008f024,"05/04/2022, 10:40:15"
2072,E_M_robert_de_niro.png,P_M_bill_clinton.png,FALSE,pictures/stimuli/E,pictures/stimuli/P,M,M,2,5e767c26e8230d1f2008f024,"05/04/2022, 10:40:15"
2749,P_M_boris_johnson.png,P_M_donald_trump.png,TRUE,pictures/stimuli/P,pictures/stimuli/P,M,M,4,5e767c26e8230d1f2008f024,"05/04/2022, 10:40:15"
3060,E_F_sandra_bullock.png,E_M_michael_caine.png,TRUE,pictures/stimuli/E,pictures/stimuli/E,F,M,6,5e767c26e8230d1f2008f024,"05/04/2022, 10:40:15"
2227,E_F_sandra_bullock.png,P_M_boris_johnson.png,FALSE,pictures/stimuli/E,pictures/stimuli/P,F,M,4,5e767c26e8230d1f2008f024,"05/04/2022, 10:40:15"
3147,E_F_jennifer_aniston.png,E_F_keira_knightley.png,TRUE,pictures/stimuli/E,pictures/stimuli/E,F,F,3,5e767c26e8230d1f2008f024,"05/04/2022, 10:40:15"
2720,P_F_nicola_sturgeon.png,P_M_donald_trump.png,TRUE,pictures/stimuli/P,pictures/stimuli/P,F,M,4,5e767c26e8230d1f2008f024,"05/04/2022, 10:40:15"
2102,E_M_robert_de_niro.png,P_M_donald_trump.png,FALSE,pictures/stimuli/E,pictures/stimuli/P,M,M,4,5e767c26e8230d1f2008f024,"05/04/2022, 10:40:15"
3948,E_M_nicolas_cage.png,P_M_george_Wbush.png,FALSE,pictures/stimuli/E,pictures/stimuli/P,M,M,4,5e767c26e8230d1f2008f024,"05/04/2022, 10:40:15"
3264,E_F_Kate_Winslet.png,E_M_tom_hankes.png,TRUE,pictures/stimuli/E,pictures/stimuli/E,F,M,4,5e767c26e8230d1f2008f024,"05/04/2022, 10:40:15"
2025,E_F_sandra_bullock.png,E_M_nicolas_cage.png,TRUE,pictures/stimuli/E,pictures/stimuli/E,F,M,4,5e767c26e8230d1f2008f024,"05/04/2022, 10:40:15"
3489,E_F_jennifer_aniston.png,E_F_Kate_Winslet.png,TRUE,pictures/stimuli/E,pictures/stimuli/E,F,F,2,5e767c26e8230d1f2008f024,"05/04/2022, 10:40:15"
2528,E_F_angelina_jolie.png,E_M_tom_hankes.png,TRUE,pictures/stimuli/E,pictures/stimuli/E,F,M,4,5e767c26e8230d1f2008f024,"05/04/2022, 10:40:15"
2066,E_M_nicolas_cage.png,E_M_robert_de_niro.png,TRUE,pictures/stimuli/E,pictures/stimuli/E,M,M,4,5e767c26e8230d1f2008f024,"05/04/2022, 10:40:15"
2229,P_M_david_cameron.png,P_M_george_Wbush.png,TRUE,pictures/stimuli/P,pictures/stimuli/P,M,M,5,5e767c26e8230d1f2008f024,"05/04/2022, 10:40:15"
1970,P_F_tehresy_may.png,P_M_bill_clinton.png,TRUE,pictures/stimuli/P,pictures/stimuli/P,F,M,4,5e767c26e8230d1f2008f024,"05/04/2022, 10:40:15"
1940,E_F_Judi_Dench.png,E_F_Kate_Winslet.png,TRUE,pictures/stimuli/E,pictures/stimuli/E,F,F,3,5e767c26e8230d1f2008f024,"05/04/2022, 10:40:15"
2088,E_M_michael_caine.png,E_M_nicolas_cage.png,TRUE,pictures/stimuli/E,pictures/stimuli/E,M,M,4,5e767c26e8230d1f2008f024,"05/04/2022, 10:40:15"
2060,P_M_boris_johnson.png,P_M_george_Wbush.png,TRUE,pictures/stimuli/P,pictures/stimuli/P,M,M,3,5e767c26e8230d1f2008f024,"05/04/2022, 10:40:15"
3707,E_F_keira_knightley.png,P_M_boris_johnson.png,FALSE,pictures/stimuli/E,pictures/stimuli/P,F,M,5,5e767c26e8230d1f2008f024,"05/04/2022, 10:40:15"
4669,E_F_jennifer_aniston.png,P_M_Tony_Blair.png,FALSE,pictures/stimuli/E,pictures/stimuli/P,F,M,5,5e767c26e8230d1f2008f024,"05/04/2022, 10:40:15"
2670,E_F_angelina_jolie.png,E_M_Hugh_Grant.png,TRUE,pictures/stimuli/E,pictures/stimuli/E,F,M,3,5e767c26e8230d1f2008f024,"05/04/2022, 10:40:15"
2990,E_M_Hugh_Grant.png,P_M_george_Wbush.png,FALSE,pictures/stimuli/E,pictures/stimuli/P,M,M,5,5e767c26e8230d1f2008f024,"05/04/2022, 10:40:15"
4058,E_F_Kate_Winslet.png,P_M_boris_johnson.png,FALSE,pictures/stimuli/E,pictures/stimuli/P,F,M,5,5e767c26e8230d1f2008f024,"05/04/2022, 10:40:15"
2641,E_F_angelina_jolie.png,E_F_keira_knightley.png,TRUE,pictures/stimuli/E,pictures/stimuli/E,F,F,2,5e767c26e8230d1f2008f024,"05/04/2022, 10:40:15"
2455,E_M_robert_de_niro.png,P_M_george_Wbush.png,FALSE,pictures/stimuli/E,pictures/stimuli/P,M,M,3,5e767c26e8230d1f2008f024,"05/04/2022, 10:40:15"
2015,E_F_Judi_Dench.png,P_F_tehresy_may.png,FALSE,pictures/stimuli/E,pictures/stimuli/P,F,F,3,5e767c26e8230d1f2008f024,"05/04/2022, 10:40:15"
2281,E_M_nicolas_cage.png,E_M_tom_hankes.png,TRUE,pictures/stimuli/E,pictures/stimuli/E,M,M,4,5e767c26e8230d1f2008f024,"05/04/2022, 10:40:15"
2624,E_M_tom_hankes.png,P_M_bill_clinton.png,FALSE,pictures/stimuli/E,pictures/stimuli/P,M,M,4,5e767c26e8230d1f2008f024,"05/04/2022, 10:40:15"
2385,E_F_angelina_jolie.png,P_M_Tony_Blair.png,FALSE,pictures/stimuli/E,pictures/stimuli/P,F,M,4,5e767c26e8230d1f2008f024,"05/04/2022, 10:40:15"
2250,E_F_sandra_bullock.png,P_M_david_cameron.png,FALSE,pictures/stimuli/E,pictures/stimuli/P,F,M,5,5e767c26e8230d1f2008f024,"05/04/2022, 10:40:15"
2793,E_F_angelina_jolie.png,E_M_robert_de_niro.png,TRUE,pictures/stimuli/E,pictures/stimuli/E,F,M,6,5e767c26e8230d1f2008f024,"05/04/2022, 10:40:15"
2454,E_F_keira_knightley.png,P_M_george_Wbush.png,FALSE,pictures/stimuli/E,pictures/stimuli/P,F,M,6,5e767c26e8230d1f2008f024,"05/04/2022, 10:40:15"
2292,P_M_boris_johnson.png,P_M_david_cameron.png,TRUE,pictures/stimuli/P,pictures/stimuli/P,M,M,4,5e767c26e8230d1f2008f024,"05/04/2022, 10:40:15"
2918,E_F_jennifer_aniston.png,P_F_nicola_sturgeon.png,FALSE,pictures/stimuli/E,pictures/stimuli/P,F,F,3,5e767c26e8230d1f2008f024,"05/04/2022, 10:40:15"
1971,E_M_michael_caine.png,E_M_robert_de_niro.png,TRUE,pictures/stimuli/E,pictures/stimuli/E,M,M,3,5e767c26e8230d1f2008f024,"05/04/2022, 10:40:15"
3487,E_M_nicolas_cage.png,P_M_boris_johnson.png,FALSE,pictures/stimuli/E,pictures/stimuli/P,M,M,4,5e767c26e8230d1f2008f024,"05/04/2022, 10:40:15"
2722,E_F_jennifer_aniston.png,E_M_robert_de_niro.png,TRUE,pictures/stimuli/E,pictures/stimuli/E,F,M,6,5e767c26e8230d1f2008f024,"05/04/2022, 10:40:15"
2603,E_M_robert_de_niro.png,P_F_hillary_clinton.png,FALSE,pictures/stimuli/E,pictures/stimuli/P,M,F,3,5e767c26e8230d1f2008f024,"05/04/2022, 10:40:15"
1938,E_M_Hugh_Grant.png,P_F_tehresy_may.png,FALSE,pictures/stimuli/E,pictures/stimuli/P,M,F,4,5e767c26e8230d1f2008f024,"05/04/2022, 10:40:15"
2232,E_F_jennifer_aniston.png,P_F_tehresy_may.png,FALSE,pictures/stimuli/E,pictures/stimuli/P,F,F,3,5e767c26e8230d1f2008f024,"05/04/2022, 10:40:15"
3040,E_F_jennifer_aniston.png,P_M_donald_trump.png,FALSE,pictures/stimuli/E,pictures/stimuli/P,F,M,5,5e767c26e8230d1f2008f024,"05/04/2022, 10:40:15"
3604,E_F_Kate_Winslet.png,P_M_donald_trump.png,FALSE,pictures/stimuli/E,pictures/stimuli/P,F,M,6,5e767c26e8230d1f2008f024,"05/04/2022, 10:40:15"
2674,E_F_keira_knightley.png,P_M_bill_clinton.png,FALSE,pictures/stimuli/E,pictures/stimuli/P,F,M,5,5e767c26e8230d1f2008f024,"05/04/2022, 10:40:15"
2839,E_F_angelina_jolie.png,E_M_michael_caine.png,TRUE,pictures/stimuli/E,pictures/stimuli/E,F,M,6,5e767c26e8230d1f2008f024,"05/04/2022, 10:40:15"
2835,E_F_sandra_bullock.png,P_M_george_Wbush.png,FALSE,pictures/stimuli/E,pictures/stimuli/P,F,M,6,5e767c26e8230d1f2008f024,"05/04/2022, 10:40:15"
2386,E_F_angelina_jolie.png,E_F_sandra_bullock.png,TRUE,pictures/stimuli/E,pictures/stimuli/E,F,F,2,5e767c26e8230d1f2008f024,"05/04/2022, 10:40:15"
2235,E_F_jennifer_aniston.png,E_F_Judi_Dench.png,TRUE,pictures/stimuli/E,pictures/stimuli/E,F,F,3,5e767c26e8230d1f2008f024,"05/04/2022, 10:40:15"
3045,E_M_Hugh_Grant.png,E_M_robert_de_niro.png,TRUE,pictures/stimuli/E,pictures/stimuli/E,M,M,3,5e767c26e8230d1f2008f024,"05/04/2022, 10:40:15"
2699,E_M_nicolas_cage.png,P_M_bill_clinton.png,FALSE,pictures/stimuli/E,pictures/stimuli/P,M,M,4,5e767c26e8230d1f2008f024,"05/04/2022, 10:40:15"
4009,E_F_jennifer_aniston.png,P_M_david_cameron.png,FALSE,pictures/stimuli/E,pictures/stimuli/P,F,M,5,5e767c26e8230d1f2008f024,"05/04/2022, 10:40:15"
2158,E_F_Kate_Winslet.png,E_M_robert_de_niro.png,TRUE,pictures/stimuli/E,pictures/stimuli/E,F,M,5,5e767c26e8230d1f2008f024,"05/04/2022, 10:40:15"
2045,E_F_jennifer_aniston.png,P_M_bill_clinton.png,FALSE,pictures/stimuli/E,pictures/stimuli/P,F,M,5,5e767c26e8230d1f2008f024,"05/04/2022, 10:40:15"
3693,P_M_david_cameron.png,P_M_Tony_Blair.png,TRUE,pictures/stimuli/P,pictures/stimuli/P,M,M,3,5e767c26e8230d1f2008f024,"05/04/2022, 10:40:15"
3018,E_F_jennifer_aniston.png,E_M_tom_hankes.png,TRUE,pictures/stimuli/E,pictures/stimuli/E,F,M,4,5e767c26e8230d1f2008f024,"05/04/2022, 10:40:15"
3987,E_F_Kate_Winslet.png,E_M_michael_caine.png,TRUE,pictures/stimuli/E,pictures/stimuli/E,F,M,6,5e767c26e8230d1f2008f024,"05/04/2022, 10:40:15"
3704,E_F_keira_knightley.png,E_M_tom_hankes.png,TRUE,pictures/stimuli/E,pictures/stimuli/E,F,M,4,5e767c26e8230d1f2008f024,"05/04/2022, 10:40:15"
2557,E_M_Hugh_Grant.png,E_M_michael_caine.png,TRUE,pictures/stimuli/E,pictures/stimuli/E,M,M,4,5e767c26e8230d1f2008f024,"05/04/2022, 10:40:15"
2693,E_F_sandra_bullock.png,P_M_bill_clinton.png,FALSE,pictures/stimuli/E,pictures/stimuli/P,F,M,5,5e767c26e8230d1f2008f024,"05/04/2022, 10:40:15"
3507,E_M_Hugh_Grant.png,P_F_hillary_clinton.png,FALSE,pictures/stimuli/E,pictures/stimuli/P,M,F,3,5e767c26e8230d1f2008f024,"05/04/2022, 10:40:15"
3033,E_M_Hugh_Grant.png,P_M_Tony_Blair.png,FALSE,pictures/stimuli/E,pictures/stimuli/P,M,M,2,5e767c26e8230d1f2008f024,"05/04/2022, 10:40:15"
2041,E_F_angelina_jolie.png,P_M_bill_clinton.png,FALSE,pictures/stimuli/E,pictures/stimuli/P,F,M,4,5e767c26e8230d1f2008f024,"05/04/2022, 10:40:15"
2681,E_F_jennifer_aniston.png,E_M_nicolas_cage.png,TRUE,pictures/stimuli/E,pictures/stimuli/E,F,M,4,5e767c26e8230d1f2008f024,"05/04/2022, 10:40:15"
3829,E_F_jennifer_aniston.png,P_F_hillary_clinton.png,FALSE,pictures/stimuli/E,pictures/stimuli/P,F,F,3,5e767c26e8230d1f2008f024,"05/04/2022, 10:40:15"
2077,E_M_tom_hankes.png,P_M_boris_johnson.png,FALSE,pictures/stimuli/E,pictures/stimuli/P,M,M,3,5e767c26e8230d1f2008f024,"05/04/2022, 10:40:15"
5110,E_M_nicolas_cage.png,P_F_tehresy_may.png,FALSE,pictures/stimuli/E,pictures/stimuli/P,M,F,4,5e767c26e8230d1f2008f024,"05/04/2022, 10:40:15"
2065,E_F_sandra_bullock.png,P_F_hillary_clinton.png,FALSE,pictures/stimuli/E,pictures/stimuli/P,F,F,3,5e767c26e8230d1f2008f024,"05/04/2022, 10:40:15"
1912,E_F_Judi_Dench.png,E_F_keira_knightley.png,TRUE,pictures/stimuli/E,pictures/stimuli/E,F,F,3,5e767c26e8230d1f2008f024,"05/04/2022, 10:40:15"
2369,E_F_sandra_bullock.png,P_F_tehresy_may.png,FALSE,pictures/stimuli/E,pictures/stimuli/P,F,F,3,5e767c26e8230d1f2008f024,"05/04/2022, 10:40:15"
19195,E_M_nicolas_cage.png,P_F_hillary_clinton.png,FALSE,pictures/stimuli/E,pictures/stimuli/P,M,F,6,5e767c26e8230d1f2008f024,"05/04/2022, 10:40:15"
2376,E_M_tom_hankes.png,P_F_nicola_sturgeon.png,FALSE,pictures/stimuli/E,pictures/stimuli/P,M,F,5,5e767c26e8230d1f2008f024,"05/04/2022, 10:40:15"
2231,E_F_Kate_Winslet.png,P_M_george_Wbush.png,FALSE,pictures/stimuli/E,pictures/stimuli/P,F,M,6,5e767c26e8230d1f2008f024,"05/04/2022, 10:40:15"
2478,E_M_robert_de_niro.png,P_F_nicola_sturgeon.png,FALSE,pictures/stimuli/E,pictures/stimuli/P,M,F,6,5e767c26e8230d1f2008f024,"05/04/2022, 10:40:15"
2266,E_F_Kate_Winslet.png,E_M_nicolas_cage.png,TRUE,pictures/stimuli/E,pictures/stimuli/E,F,M,4,5e767c26e8230d1f2008f024,"05/04/2022, 10:40:15"
2707,P_M_bill_clinton.png,P_M_boris_johnson.png,TRUE,pictures/stimuli/P,pictures/stimuli/P,M,M,4,5e767c26e8230d1f2008f024,"05/04/2022, 10:40:15"
2074,E_M_Hugh_Grant.png,P_M_donald_trump.png,FALSE,pictures/stimuli/E,pictures/stimuli/P,M,M,5,5e767c26e8230d1f2008f024,"05/04/2022, 10:40:15"
2382,E_F_keira_knightley.png,E_F_sandra_bullock.png,TRUE,pictures/stimuli/E,pictures/stimuli/E,F,F,2,5e767c26e8230d1f2008f024,"05/04/2022, 10:40:15"
2597,E_F_angelina_jolie.png,P_M_donald_trump.png,FALSE,pictures/stimuli/E,pictures/stimuli/P,F,M,5,5e767c26e8230d1f2008f024,"05/04/2022, 10:40:15"
2298,E_F_keira_knightley.png,E_M_Hugh_Grant.png,TRUE,pictures/stimuli/E,pictures/stimuli/E,F,M,5,5e767c26e8230d1f2008f024,"05/04/2022, 10:40:15"
2282,E_F_keira_knightley.png,P_F_hillary_clinton.png,FALSE,pictures/stimuli/E,pictures/stimuli/P,F,F,3,5e767c26e8230d1f2008f024,"05/04/2022, 10:40:15"
1959,E_F_Judi_Dench.png,E_M_robert_de_niro.png,TRUE,pictures/stimuli/E,pictures/stimuli/E,F,M,4,5e767c26e8230d1f2008f024,"05/04/2022, 10:40:15"
2134,E_M_nicolas_cage.png,P_M_david_cameron.png,FALSE,pictures/stimuli/E,pictures/stimuli/P,M,M,4,5e767c26e8230d1f2008f024,"05/04/2022, 10:40:15"
2372,E_F_sandra_bullock.png,E_M_Hugh_Grant.png,TRUE,pictures/stimuli/E,pictures/stimuli/E,F,M,4,5e767c26e8230d1f2008f024,"05/04/2022, 10:40:15"
1835,P_F_tehresy_may.png,P_M_boris_johnson.png,TRUE,pictures/stimuli/P,pictures/stimuli/P,F,M,4,5e767c26e8230d1f2008f024,"05/04/2022, 10:40:15"
1807,E_M_nicolas_cage.png,P_M_Tony_Blair.png,FALSE,pictures/stimuli/E,pictures/stimuli/P,M,M,3,5e767c26e8230d1f2008f024,"05/04/2022, 10:40:15"
2385,E_F_Kate_Winslet.png,P_M_bill_clinton.png,FALSE,pictures/stimuli/E,pictures/stimuli/P,F,M,4,5e767c26e8230d1f2008f024,"05/04/2022, 10:40:15"
1898,E_F_angelina_jolie.png,P_F_hillary_clinton.png,FALSE,pictures/stimuli/E,pictures/stimuli/P,F,F,2,5e767c26e8230d1f2008f024,"05/04/2022, 10:40:15"
2003,E_F_keira_knightley.png,P_M_donald_trump.png,FALSE,pictures/stimuli/E,pictures/stimuli/P,F,M,4,5e767c26e8230d1f2008f024,"05/04/2022, 10:40:15"
2843,E_F_Judi_Dench.png,E_F_sandra_bullock.png,TRUE,pictures/stimuli/E,pictures/stimuli/E,F,F,2,5e767c26e8230d1f2008f024,"05/04/2022, 10:40:15"
2590,P_M_bill_clinton.png,P_M_donald_trump.png,TRUE,pictures/stimuli/P,pictures/stimuli/P,M,M,5,5e767c26e8230d1f2008f024,"05/04/2022, 10:40:15"
1925,E_F_sandra_bullock.png,E_M_tom_hankes.png,TRUE,pictures/stimuli/E,pictures/stimuli/E,F,M,5,5e767c26e8230d1f2008f024,"05/04/2022, 10:40:15"
2638,E_M_robert_de_niro.png,P_M_Tony_Blair.png,FALSE,pictures/stimuli/E,pictures/stimuli/P,M,M,2,5e767c26e8230d1f2008f024,"05/04/2022, 10:40:15"
3447,P_M_boris_johnson.png,P_M_Tony_Blair.png,TRUE,pictures/stimuli/P,pictures/stimuli/P,M,M,3,5e767c26e8230d1f2008f024,"05/04/2022, 10:40:15"
2801,E_F_Judi_Dench.png,P_M_bill_clinton.png,FALSE,pictures/stimuli/E,pictures/stimuli/P,F,M,4,5e767c26e8230d1f2008f024,"05/04/2022, 10:40:15"
2488,P_F_hillary_clinton.png,P_F_tehresy_may.png,TRUE,pictures/stimuli/P,pictures/stimuli/P,F,F,3,5e767c26e8230d1f2008f024,"05/04/2022, 10:40:15"
2748,E_F_jennifer_aniston.png,P_M_boris_johnson.png,FALSE,pictures/stimuli/E,pictures/stimuli/P,F,M,4,5e767c26e8230d1f2008f024,"05/04/2022, 10:40:15"
2100,E_F_angelina_jolie.png,E_F_Kate_Winslet.png,TRUE,pictures/stimuli/E,pictures/stimuli/E,F,F,1,5e767c26e8230d1f2008f024,"05/04/2022, 10:40:15"
2819,E_F_keira_knightley.png,P_M_Tony_Blair.png,FALSE,pictures/stimuli/E,pictures/stimuli/P,F,M,4,5e767c26e8230d1f2008f024,"05/04/2022, 10:40:15"
2201,E_M_michael_caine.png,P_M_boris_johnson.png,FALSE,pictures/stimuli/E,pictures/stimuli/P,M,M,4,5e767c26e8230d1f2008f024,"05/04/2022, 10:40:15"
350469,E_F_Judi_Dench.png,P_F_nicola_sturgeon.png,FALSE,pictures/stimuli/E,pictures/stimuli/P,F,F,4,5e767c26e8230d1f2008f024,"05/04/2022, 10:40:15"
4191,E_M_tom_hankes.png,P_F_tehresy_may.png,FALSE,pictures/stimuli/E,pictures/stimuli/P,M,F,5,5e767c26e8230d1f2008f024,"05/04/2022, 10:40:15"
2398,E_M_michael_caine.png,P_M_david_cameron.png,FALSE,pictures/stimuli/E,pictures/stimuli/P,M,M,5,5e767c26e8230d1f2008f024,"05/04/2022, 10:40:15"
1740,E_F_angelina_jolie.png,E_F_jennifer_aniston.png,TRUE,pictures/stimuli/E,pictures/stimuli/E,F,F,3,5e767c26e8230d1f2008f024,"05/04/2022, 10:40:15"
2489,P_M_bill_clinton.png,P_M_david_cameron.png,TRUE,pictures/stimuli/P,pictures/stimuli/P,M,M,4,5e767c26e8230d1f2008f024,"05/04/2022, 10:40:15"
2926,E_M_nicolas_cage.png,P_M_donald_trump.png,FALSE,pictures/stimuli/E,pictures/stimuli/P,M,M,6,5e767c26e8230d1f2008f024,"05/04/2022, 10:40:15"
1902,P_M_bill_clinton.png,P_M_george_Wbush.png,TRUE,pictures/stimuli/P,pictures/stimuli/P,M,M,2,5e767c26e8230d1f2008f024,"05/04/2022, 10:40:15"
1889,E_F_Kate_Winslet.png,P_F_nicola_sturgeon.png,FALSE,pictures/stimuli/E,pictures/stimuli/P,F,F,3,5e767c26e8230d1f2008f024,"05/04/2022, 10:40:15"
1833,P_F_nicola_sturgeon.png,P_M_Tony_Blair.png,TRUE,pictures/stimuli/P,pictures/stimuli/P,F,M,4,5e767c26e8230d1f2008f024,"05/04/2022, 10:40:15"
2489,E_M_michael_caine.png,P_F_hillary_clinton.png,FALSE,pictures/stimuli/E,pictures/stimuli/P,M,F,4,5e767c26e8230d1f2008f024,"05/04/2022, 10:40:15"
1987,P_F_hillary_clinton.png,P_M_boris_johnson.png,TRUE,pictures/stimuli/P,pictures/stimuli/P,F,M,4,5e767c26e8230d1f2008f024,"05/04/2022, 10:40:15"
2129,P_F_hillary_clinton.png,P_M_donald_trump.png,TRUE,pictures/stimuli/P,pictures/stimuli/P,F,M,5,5e767c26e8230d1f2008f024,"05/04/2022, 10:40:15"
2137,P_F_hillary_clinton.png,P_F_nicola_sturgeon.png,TRUE,pictures/stimuli/P,pictures/stimuli/P,F,F,4,5e767c26e8230d1f2008f024,"05/04/2022, 10:40:15"
1737,E_M_michael_caine.png,E_M_tom_hankes.png,TRUE,pictures/stimuli/E,pictures/stimuli/E,M,M,4,5e767c26e8230d1f2008f024,"05/04/2022, 10:40:15"
2075,E_F_angelina_jolie.png,E_M_nicolas_cage.png,TRUE,pictures/stimuli/E,pictures/stimuli/E,F,M,4,5e767c26e8230d1f2008f024,"05/04/2022, 10:40:15"
1852,E_F_Kate_Winslet.png,P_M_david_cameron.png,FALSE,pictures/stimuli/E,pictures/stimuli/P,F,M,5,5e767c26e8230d1f2008f024,"05/04/2022, 10:40:15"
1704,P_F_hillary_clinton.png,P_M_david_cameron.png,TRUE,pictures/stimuli/P,pictures/stimuli/P,F,M,5,5e767c26e8230d1f2008f024,"05/04/2022, 10:40:15"
2176,E_F_jennifer_aniston.png,E_M_michael_caine.png,TRUE,pictures/stimuli/E,pictures/stimuli/E,F,M,6,5e767c26e8230d1f2008f024,"05/04/2022, 10:40:15"
2070,E_F_keira_knightley.png,E_M_robert_de_niro.png,TRUE,pictures/stimuli/E,pictures/stimuli/E,F,M,6,5e767c26e8230d1f2008f024,"05/04/2022, 10:40:15"
2037,P_F_nicola_sturgeon.png,P_M_george_Wbush.png,TRUE,pictures/stimuli/P,pictures/stimuli/P,F,M,6,5e767c26e8230d1f2008f024,"05/04/2022, 10:40:15"
1915,E_M_Hugh_Grant.png,P_M_boris_johnson.png,FALSE,pictures/stimuli/E,pictures/stimuli/P,M,M,5,5e767c26e8230d1f2008f024,"05/04/2022, 10:40:15"
2084,E_M_Hugh_Grant.png,P_M_david_cameron.png,FALSE,pictures/stimuli/E,pictures/stimuli/P,M,M,5,5e767c26e8230d1f2008f024,"05/04/2022, 10:40:15"
2391,E_F_sandra_bullock.png,E_M_robert_de_niro.png,TRUE,pictures/stimuli/E,pictures/stimuli/E,F,M,6,5e767c26e8230d1f2008f024,"05/04/2022, 10:40:15"
2069,E_F_Judi_Dench.png,P_M_boris_johnson.png,FALSE,pictures/stimuli/E,pictures/stimuli/P,F,M,5,5e767c26e8230d1f2008f024,"05/04/2022, 10:40:15"
1737,E_F_Judi_Dench.png,P_M_donald_trump.png,FALSE,pictures/stimuli/E,pictures/stimuli/P,F,M,6,5e767c26e8230d1f2008f024,"05/04/2022, 10:40:15"
1877,E_F_Kate_Winslet.png,P_M_Tony_Blair.png,FALSE,pictures/stimuli/E,pictures/stimuli/P,F,M,4,5e767c26e8230d1f2008f024,"05/04/2022, 10:40:15"
2253,E_F_jennifer_aniston.png,E_F_sandra_bullock.png,TRUE,pictures/stimuli/E,pictures/stimuli/E,F,F,2,5e767c26e8230d1f2008f024,"05/04/2022, 10:40:15"
3553,E_F_Kate_Winslet.png,E_M_Hugh_Grant.png,TRUE,pictures/stimuli/E,pictures/stimuli/E,F,M,3,5e767c26e8230d1f2008f024,"05/04/2022, 10:40:15"
2706,E_F_keira_knightley.png,E_M_nicolas_cage.png,TRUE,pictures/stimuli/E,pictures/stimuli/E,F,M,4,5e767c26e8230d1f2008f024,"05/04/2022, 10:40:15"
1942,E_F_angelina_jolie.png,P_F_nicola_sturgeon.png,FALSE,pictures/stimuli/E,pictures/stimuli/P,F,F,3,5e767c26e8230d1f2008f024,"05/04/2022, 10:40:15"
2135,E_F_Kate_Winslet.png,E_F_keira_knightley.png,TRUE,pictures/stimuli/E,pictures/stimuli/E,F,F,3,5e767c26e8230d1f2008f024,"05/04/2022, 10:40:15"
2350,P_F_tehresy_may.png,P_M_donald_trump.png,TRUE,pictures/stimuli/P,pictures/stimuli/P,F,M,6,5e767c26e8230d1f2008f024,"05/04/2022, 10:40:15"
2058,E_M_michael_caine.png,P_M_bill_clinton.png,FALSE,pictures/stimuli/E,pictures/stimuli/P,M,M,4,5e767c26e8230d1f2008f024,"05/04/2022, 10:40:15"
1703,E_M_tom_hankes.png,P_M_david_cameron.png,FALSE,pictures/stimuli/E,pictures/stimuli/P,M,M,4,5e767c26e8230d1f2008f024,"05/04/2022, 10:40:15"
2056,E_F_sandra_bullock.png,P_M_donald_trump.png,FALSE,pictures/stimuli/E,pictures/stimuli/P,F,M,6,5e767c26e8230d1f2008f024,"05/04/2022, 10:40:15"
2054,E_M_tom_hankes.png,P_M_donald_trump.png,FALSE,pictures/stimuli/E,pictures/stimuli/P,M,M,6,5e767c26e8230d1f2008f024,"05/04/2022, 10:40:15"
2068,P_F_tehresy_may.png,P_M_david_cameron.png,TRUE,pictures/stimuli/P,pictures/stimuli/P,F,M,4,5e767c26e8230d1f2008f024,"05/04/2022, 10:40:15"
2516,E_M_michael_caine.png,P_M_george_Wbush.png,FALSE,pictures/stimuli/E,pictures/stimuli/P,M,M,2,5e767c26e8230d1f2008f024,"05/04/2022, 10:40:15"
1584,E_F_Kate_Winslet.png,E_F_sandra_bullock.png,TRUE,pictures/stimuli/E,pictures/stimuli/E,F,F,3,5e767c26e8230d1f2008f024,"05/04/2022, 10:40:15"
2335,E_F_angelina_jolie.png,P_F_tehresy_may.png,FALSE,pictures/stimuli/E,pictures/stimuli/P,F,F,3,5e767c26e8230d1f2008f024,"05/04/2022, 10:40:15"
1940,E_F_jennifer_aniston.png,E_M_Hugh_Grant.png,TRUE,pictures/stimuli/E,pictures/stimuli/E,F,M,3,5e767c26e8230d1f2008f024,"05/04/2022, 10:40:15"
1774,E_F_angelina_jolie.png,P_M_boris_johnson.png,FALSE,pictures/stimuli/E,pictures/stimuli/P,F,M,4,5e767c26e8230d1f2008f024,"05/04/2022, 10:40:15"
1999,E_M_michael_caine.png,P_M_Tony_Blair.png,FALSE,pictures/stimuli/E,pictures/stimuli/P,M,M,2,5e767c26e8230d1f2008f024,"05/04/2022, 10:40:15"
1823,P_F_tehresy_may.png,P_M_george_Wbush.png,TRUE,pictures/stimuli/P,pictures/stimuli/P,F,M,5,5e767c26e8230d1f2008f024,"05/04/2022, 10:40:15"
1820,E_F_Judi_Dench.png,E_M_nicolas_cage.png,TRUE,pictures/stimuli/E,pictures/stimuli/E,F,M,4,5e767c26e8230d1f2008f024,"05/04/2022, 10:40:15"
1677,E_M_tom_hankes.png,P_F_hillary_clinton.png,FALSE,pictures/stimuli/E,pictures/stimuli/P,M,F,4,5e767c26e8230d1f2008f024,"05/04/2022, 10:40:15"
1968,E_M_nicolas_cage.png,P_F_nicola_sturgeon.png,FALSE,pictures/stimuli/E,pictures/stimuli/P,M,F,5,5e767c26e8230d1f2008f024,"05/04/2022, 10:40:15"
file,isFamiliar,5e767c26e8230d1f2008f024,"05/04/2022, 10:40:15"
E_M_Hugh_Grant.png,1,5e767c26e8230d1f2008f024,"05/04/2022, 10:40:15"
P_M_Tony_Blair.png,1,5e767c26e8230d1f2008f024,"05/04/2022, 10:40:15"
E_M_tom_hankes.png,0,5e767c26e8230d1f2008f024,"05/04/2022, 10:40:15"
E_F_Kate_Winslet.png,1,5e767c26e8230d1f2008f024,"05/04/2022, 10:40:15"
P_F_nicola_sturgeon.png,1,5e767c26e8230d1f2008f024,"05/04/2022, 10:40:15"
P_M_boris_johnson.png,1,5e767c26e8230d1f2008f024,"05/04/2022, 10:40:15"
E_M_robert_de_niro.png,1,5e767c26e8230d1f2008f024,"05/04/2022, 10:40:15"
E_M_michael_caine.png,1,5e767c26e8230d1f2008f024,"05/04/2022, 10:40:15"
P_M_david_cameron.png,1,5e767c26e8230d1f2008f024,"05/04/2022, 10:40:15"
E_M_nicolas_cage.png,0,5e767c26e8230d1f2008f024,"05/04/2022, 10:40:15"
E_F_keira_knightley.png,1,5e767c26e8230d1f2008f024,"05/04/2022, 10:40:15"
P_M_bill_clinton.png,0,5e767c26e8230d1f2008f024,"05/04/2022, 10:40:15"
E_F_Judi_Dench.png,1,5e767c26e8230d1f2008f024,"05/04/2022, 10:40:15"
P_F_tehresy_may.png,1,5e767c26e8230d1f2008f024,"05/04/2022, 10:40:15"
P_M_donald_trump.png,1,5e767c26e8230d1f2008f024,"05/04/2022, 10:40:15"
P_F_hillary_clinton.png,1,5e767c26e8230d1f2008f024,"05/04/2022, 10:40:15"
E_F_jennifer_aniston.png,1,5e767c26e8230d1f2008f024,"05/04/2022, 10:40:15"
E_F_angelina_jolie.png,1,5e767c26e8230d1f2008f024,"05/04/2022, 10:40:15"
E_F_sandra_bullock.png,1,5e767c26e8230d1f2008f024,"05/04/2022, 10:40:15"
P_M_george_Wbush.png,1,5e767c26e8230d1f2008f024,"05/04/2022, 10:40:15"
age: 33,gender: Female,handedness: right,5e767c26e8230d1f2008f024,"05/04/2022, 10:40:15"