RT,img_1,img_2,isSameProffesion,img1proffesion,img2proffesion,img1Gender,img2Gender,keyPressed,5a5aa4eaacc75b00017a52b8,"06/30/2022, 09:37:11"
8860,P_M_Sajid_Javid.png,P_M_Tony_Blair.png,TRUE,pictures/stimuli/P,pictures/stimuli/P,M,M,6,5a5aa4eaacc75b00017a52b8,"06/30/2022, 09:37:11"
3421,P_F_nicola_sturge.png,P_M_david_camer.png,TRUE,pictures/stimuli/P,pictures/stimuli/P,F,M,6,5a5aa4eaacc75b00017a52b8,"06/30/2022, 09:37:11"
3539,P_F_Theresa_May.png,P_M_Tony_Blair.png,TRUE,pictures/stimuli/P,pictures/stimuli/P,F,M,6,5a5aa4eaacc75b00017a52b8,"06/30/2022, 09:37:11"
7373,E_F_Dawn_Roma_French.png,E_F_Sarah_Millican.png,TRUE,pictures/stimuli/E,pictures/stimuli/E,F,F,3,5a5aa4eaacc75b00017a52b8,"06/30/2022, 09:37:11"
12808,E_M_Michael_McIntyr.png,P_M_david_camer.png,FALSE,pictures/stimuli/E,pictures/stimuli/P,M,M,3,5a5aa4eaacc75b00017a52b8,"06/30/2022, 09:37:11"
11168,E_F_Julie_Walters.png,E_M_Ewan_McGregor.png,TRUE,pictures/stimuli/E,pictures/stimuli/E,F,M,6,5a5aa4eaacc75b00017a52b8,"06/30/2022, 09:37:11"
5167,P_M_jeremy_corbyn.png,P_M_Tony_Blair.png,TRUE,pictures/stimuli/P,pictures/stimuli/P,M,M,4,5a5aa4eaacc75b00017a52b8,"06/30/2022, 09:37:11"
8796,E_F_Julie_Walters.png,P_F_Theresa_May.png,FALSE,pictures/stimuli/E,pictures/stimuli/P,F,F,4,5a5aa4eaacc75b00017a52b8,"06/30/2022, 09:37:11"
4654,P_M_jeremy_corbyn.png,P_M_nigel_farage.png,TRUE,pictures/stimuli/P,pictures/stimuli/P,M,M,4,5a5aa4eaacc75b00017a52b8,"06/30/2022, 09:37:11"
5780,P_M_Michael_Gove.png,P_M_nigel_farage.png,TRUE,pictures/stimuli/P,pictures/stimuli/P,M,M,3,5a5aa4eaacc75b00017a52b8,"06/30/2022, 09:37:11"
3615,E_M_Russell_Howard.png,P_M_Sajid_Javid.png,FALSE,pictures/stimuli/E,pictures/stimuli/P,M,M,6,5a5aa4eaacc75b00017a52b8,"06/30/2022, 09:37:11"
3589,E_M_Michael_McIntyr.png,P_M_Tony_Blair.png,FALSE,pictures/stimuli/E,pictures/stimuli/P,M,M,5,5a5aa4eaacc75b00017a52b8,"06/30/2022, 09:37:11"
5869,E_F_Dawn_Roma_French.png,E_M_Peter_Kay.png,TRUE,pictures/stimuli/E,pictures/stimuli/E,F,M,6,5a5aa4eaacc75b00017a52b8,"06/30/2022, 09:37:11"
2883,E_M_Michael_McIntyr.png,P_F_Theresa_May.png,FALSE,pictures/stimuli/E,pictures/stimuli/P,M,F,6,5a5aa4eaacc75b00017a52b8,"06/30/2022, 09:37:11"
4796,P_M_david_camer.png,P_M_nigel_farage.png,TRUE,pictures/stimuli/P,pictures/stimuli/P,M,M,5,5a5aa4eaacc75b00017a52b8,"06/30/2022, 09:37:11"
5425,E_M_Russell_Howard.png,P_M_nigel_farage.png,FALSE,pictures/stimuli/E,pictures/stimuli/P,M,M,4,5a5aa4eaacc75b00017a52b8,"06/30/2022, 09:37:11"
12457,P_F_nicola_sturge.png,P_F_Theresa_May.png,TRUE,pictures/stimuli/P,pictures/stimuli/P,F,F,2,5a5aa4eaacc75b00017a52b8,"06/30/2022, 09:37:11"
3362,P_F_nicola_sturge.png,P_M_keir_starmer.png,TRUE,pictures/stimuli/P,pictures/stimuli/P,F,M,6,5a5aa4eaacc75b00017a52b8,"06/30/2022, 09:37:11"
3012,P_F_nicola_sturge.png,P_M_Tony_Blair.png,TRUE,pictures/stimuli/P,pictures/stimuli/P,F,M,6,5a5aa4eaacc75b00017a52b8,"06/30/2022, 09:37:11"
3310,P_M_david_camer.png,P_M_Gordon_Brown.png,TRUE,pictures/stimuli/P,pictures/stimuli/P,M,M,5,5a5aa4eaacc75b00017a52b8,"06/30/2022, 09:37:11"
2635,E_F_Sarah_Millican.png,E_M_Russell_Howard.png,TRUE,pictures/stimuli/E,pictures/stimuli/E,F,M,6,5a5aa4eaacc75b00017a52b8,"06/30/2022, 09:37:11"
4000,E_M_Ewan_McGregor.png,P_F_nicola_sturge.png,FALSE,pictures/stimuli/E,pictures/stimuli/P,M,F,6,5a5aa4eaacc75b00017a52b8,"06/30/2022, 09:37:11"
3552,E_M_Ewan_McGregor.png,P_F_Theresa_May.png,FALSE,pictures/stimuli/E,pictures/stimuli/P,M,F,6,5a5aa4eaacc75b00017a52b8,"06/30/2022, 09:37:11"
4333,E_M_Ewan_McGregor.png,P_M_Sajid_Javid.png,FALSE,pictures/stimuli/E,pictures/stimuli/P,M,M,6,5a5aa4eaacc75b00017a52b8,"06/30/2022, 09:37:11"
3859,E_F_Sarah_Millican.png,E_M_Ewan_McGregor.png,TRUE,pictures/stimuli/E,pictures/stimuli/E,F,M,6,5a5aa4eaacc75b00017a52b8,"06/30/2022, 09:37:11"
4778,P_M_jeremy_corbyn.png,P_M_keir_starmer.png,TRUE,pictures/stimuli/P,pictures/stimuli/P,M,M,5,5a5aa4eaacc75b00017a52b8,"06/30/2022, 09:37:11"
3101,P_F_nicola_sturge.png,P_M_jeremy_corbyn.png,TRUE,pictures/stimuli/P,pictures/stimuli/P,F,M,6,5a5aa4eaacc75b00017a52b8,"06/30/2022, 09:37:11"
3361,P_F_Theresa_May.png,P_M_david_camer.png,TRUE,pictures/stimuli/P,pictures/stimuli/P,F,M,6,5a5aa4eaacc75b00017a52b8,"06/30/2022, 09:37:11"
2768,E_F_Dawn_Roma_French.png,E_M_Russell_Howard.png,TRUE,pictures/stimuli/E,pictures/stimuli/E,F,M,6,5a5aa4eaacc75b00017a52b8,"06/30/2022, 09:37:11"
7425,E_M_Peter_Kay.png,P_F_Theresa_May.png,FALSE,pictures/stimuli/E,pictures/stimuli/P,M,F,6,5a5aa4eaacc75b00017a52b8,"06/30/2022, 09:37:11"
5154,E_M_Simon_Pegg.png,P_M_Tony_Blair.png,FALSE,pictures/stimuli/E,pictures/stimuli/P,M,M,3,5a5aa4eaacc75b00017a52b8,"06/30/2022, 09:37:11"
2999,E_F_Julie_Walters.png,P_M_Sajid_Javid.png,FALSE,pictures/stimuli/E,pictures/stimuli/P,F,M,6,5a5aa4eaacc75b00017a52b8,"06/30/2022, 09:37:11"
11179,P_M_david_camer.png,P_M_keir_starmer.png,TRUE,pictures/stimuli/P,pictures/stimuli/P,M,M,4,5a5aa4eaacc75b00017a52b8,"06/30/2022, 09:37:11"
5039,E_F_Dawn_Roma_French.png,E_M_Jimmy_Carr.png,TRUE,pictures/stimuli/E,pictures/stimuli/E,F,M,4,5a5aa4eaacc75b00017a52b8,"06/30/2022, 09:37:11"
3568,E_M_Ewan_McGregor.png,P_M_keir_starmer.png,FALSE,pictures/stimuli/E,pictures/stimuli/P,M,M,3,5a5aa4eaacc75b00017a52b8,"06/30/2022, 09:37:11"
10089,E_F_Sarah_Millican.png,P_M_Michael_Gove.png,FALSE,pictures/stimuli/E,pictures/stimuli/P,F,M,5,5a5aa4eaacc75b00017a52b8,"06/30/2022, 09:37:11"
4229,E_M_Russell_Howard.png,P_M_david_camer.png,FALSE,pictures/stimuli/E,pictures/stimuli/P,M,M,4,5a5aa4eaacc75b00017a52b8,"06/30/2022, 09:37:11"
4314,E_M_Michael_McIntyr.png,E_M_Simon_Pegg.png,TRUE,pictures/stimuli/E,pictures/stimuli/E,M,M,5,5a5aa4eaacc75b00017a52b8,"06/30/2022, 09:37:11"
5103,E_F_Jennifer_Saunders.png,P_M_jeremy_corbyn.png,FALSE,pictures/stimuli/E,pictures/stimuli/P,F,M,4,5a5aa4eaacc75b00017a52b8,"06/30/2022, 09:37:11"
7396,E_F_Julie_Walters.png,P_M_jeremy_corbyn.png,FALSE,pictures/stimuli/E,pictures/stimuli/P,F,M,5,5a5aa4eaacc75b00017a52b8,"06/30/2022, 09:37:11"
4282,P_F_nicola_sturge.png,P_M_nigel_farage.png,TRUE,pictures/stimuli/P,pictures/stimuli/P,F,M,5,5a5aa4eaacc75b00017a52b8,"06/30/2022, 09:37:11"
6567,E_F_Jennifer_Saunders.png,E_M_Russell_Howard.png,TRUE,pictures/stimuli/E,pictures/stimuli/E,F,M,3,5a5aa4eaacc75b00017a52b8,"06/30/2022, 09:37:11"
7081,P_M_keir_starmer.png,P_M_Michael_Gove.png,TRUE,pictures/stimuli/P,pictures/stimuli/P,M,M,3,5a5aa4eaacc75b00017a52b8,"06/30/2022, 09:37:11"
5870,P_M_Gordon_Brown.png,P_M_nigel_farage.png,TRUE,pictures/stimuli/P,pictures/stimuli/P,M,M,3,5a5aa4eaacc75b00017a52b8,"06/30/2022, 09:37:11"
4764,E_M_Jimmy_Carr.png,P_M_jeremy_corbyn.png,FALSE,pictures/stimuli/E,pictures/stimuli/P,M,M,4,5a5aa4eaacc75b00017a52b8,"06/30/2022, 09:37:11"
3169,E_F_Dawn_Roma_French.png,P_M_Gordon_Brown.png,FALSE,pictures/stimuli/E,pictures/stimuli/P,F,M,5,5a5aa4eaacc75b00017a52b8,"06/30/2022, 09:37:11"
5547,P_F_Theresa_May.png,P_M_jeremy_corbyn.png,TRUE,pictures/stimuli/P,pictures/stimuli/P,F,M,5,5a5aa4eaacc75b00017a52b8,"06/30/2022, 09:37:11"
3384,E_M_Ewan_McGregor.png,E_M_Russell_Howard.png,TRUE,pictures/stimuli/E,pictures/stimuli/E,M,M,3,5a5aa4eaacc75b00017a52b8,"06/30/2022, 09:37:11"
4751,E_M_Jimmy_Carr.png,P_M_Gordon_Brown.png,FALSE,pictures/stimuli/E,pictures/stimuli/P,M,M,3,5a5aa4eaacc75b00017a52b8,"06/30/2022, 09:37:11"
4312,E_F_Sarah_Millican.png,P_M_david_camer.png,FALSE,pictures/stimuli/E,pictures/stimuli/P,F,M,5,5a5aa4eaacc75b00017a52b8,"06/30/2022, 09:37:11"
3367,E_F_Sarah_Millican.png,E_M_Peter_Kay.png,TRUE,pictures/stimuli/E,pictures/stimuli/E,F,M,6,5a5aa4eaacc75b00017a52b8,"06/30/2022, 09:37:11"
4372,E_M_Simon_Pegg.png,P_M_keir_starmer.png,FALSE,pictures/stimuli/E,pictures/stimuli/P,M,M,3,5a5aa4eaacc75b00017a52b8,"06/30/2022, 09:37:11"
4231,E_M_Simon_Pegg.png,P_M_Gordon_Brown.png,FALSE,pictures/stimuli/E,pictures/stimuli/P,M,M,6,5a5aa4eaacc75b00017a52b8,"06/30/2022, 09:37:11"
3851,P_M_jeremy_corbyn.png,P_M_Sajid_Javid.png,TRUE,pictures/stimuli/P,pictures/stimuli/P,M,M,6,5a5aa4eaacc75b00017a52b8,"06/30/2022, 09:37:11"
6325,E_F_Julie_Walters.png,E_M_Michael_McIntyr.png,TRUE,pictures/stimuli/E,pictures/stimuli/E,F,M,6,5a5aa4eaacc75b00017a52b8,"06/30/2022, 09:37:11"
4349,E_F_Julie_Walters.png,E_M_Jimmy_Carr.png,TRUE,pictures/stimuli/E,pictures/stimuli/E,F,M,6,5a5aa4eaacc75b00017a52b8,"06/30/2022, 09:37:11"
2950,E_M_Michael_McIntyr.png,P_M_Sajid_Javid.png,FALSE,pictures/stimuli/E,pictures/stimuli/P,M,M,6,5a5aa4eaacc75b00017a52b8,"06/30/2022, 09:37:11"
4881,E_F_Sarah_Millican.png,P_M_jeremy_corbyn.png,FALSE,pictures/stimuli/E,pictures/stimuli/P,F,M,6,5a5aa4eaacc75b00017a52b8,"06/30/2022, 09:37:11"
3963,E_F_Jennifer_Saunders.png,P_M_Gordon_Brown.png,FALSE,pictures/stimuli/E,pictures/stimuli/P,F,M,6,5a5aa4eaacc75b00017a52b8,"06/30/2022, 09:37:11"
13793,E_M_Ewan_McGregor.png,P_M_david_camer.png,FALSE,pictures/stimuli/E,pictures/stimuli/P,M,M,4,5a5aa4eaacc75b00017a52b8,"06/30/2022, 09:37:11"
18862,E_F_Julie_Walters.png,P_M_keir_starmer.png,FALSE,pictures/stimuli/E,pictures/stimuli/P,F,M,5,5a5aa4eaacc75b00017a52b8,"06/30/2022, 09:37:11"
6481,E_M_Peter_Kay.png,P_F_nicola_sturge.png,FALSE,pictures/stimuli/E,pictures/stimuli/P,M,F,6,5a5aa4eaacc75b00017a52b8,"06/30/2022, 09:37:11"
9403,E_M_Simon_Pegg.png,P_M_jeremy_corbyn.png,FALSE,pictures/stimuli/E,pictures/stimuli/P,M,M,3,5a5aa4eaacc75b00017a52b8,"06/30/2022, 09:37:11"
2631,P_M_Michael_Gove.png,P_M_Sajid_Javid.png,TRUE,pictures/stimuli/P,pictures/stimuli/P,M,M,6,5a5aa4eaacc75b00017a52b8,"06/30/2022, 09:37:11"
4859,E_M_Peter_Kay.png,E_M_Simon_Pegg.png,TRUE,pictures/stimuli/E,pictures/stimuli/E,M,M,6,5a5aa4eaacc75b00017a52b8,"06/30/2022, 09:37:11"
3760,E_F_Dawn_Roma_French.png,E_M_Michael_McIntyr.png,TRUE,pictures/stimuli/E,pictures/stimuli/E,F,M,4,5a5aa4eaacc75b00017a52b8,"06/30/2022, 09:37:11"
3346,P_F_Theresa_May.png,P_M_Sajid_Javid.png,TRUE,pictures/stimuli/P,pictures/stimuli/P,F,M,6,5a5aa4eaacc75b00017a52b8,"06/30/2022, 09:37:11"
3467,P_M_Gordon_Brown.png,P_M_keir_starmer.png,TRUE,pictures/stimuli/P,pictures/stimuli/P,M,M,6,5a5aa4eaacc75b00017a52b8,"06/30/2022, 09:37:11"
3365,E_M_Jimmy_Carr.png,E_M_Russell_Howard.png,TRUE,pictures/stimuli/E,pictures/stimuli/E,M,M,5,5a5aa4eaacc75b00017a52b8,"06/30/2022, 09:37:11"
6180,E_F_Jennifer_Saunders.png,E_M_Michael_McIntyr.png,TRUE,pictures/stimuli/E,pictures/stimuli/E,F,M,6,5a5aa4eaacc75b00017a52b8,"06/30/2022, 09:37:11"
4301,E_F_Julie_Walters.png,P_M_nigel_farage.png,FALSE,pictures/stimuli/E,pictures/stimuli/P,F,M,6,5a5aa4eaacc75b00017a52b8,"06/30/2022, 09:37:11"
13558,E_F_Dawn_Roma_French.png,P_M_Tony_Blair.png,FALSE,pictures/stimuli/E,pictures/stimuli/P,F,M,6,5a5aa4eaacc75b00017a52b8,"06/30/2022, 09:37:11"
4739,E_F_Julie_Walters.png,P_M_Gordon_Brown.png,FALSE,pictures/stimuli/E,pictures/stimuli/P,F,M,6,5a5aa4eaacc75b00017a52b8,"06/30/2022, 09:37:11"
14608,E_M_Michael_McIntyr.png,P_M_Gordon_Brown.png,FALSE,pictures/stimuli/E,pictures/stimuli/P,M,M,3,5a5aa4eaacc75b00017a52b8,"06/30/2022, 09:37:11"
7318,E_M_Peter_Kay.png,P_M_Michael_Gove.png,FALSE,pictures/stimuli/E,pictures/stimuli/P,M,M,5,5a5aa4eaacc75b00017a52b8,"06/30/2022, 09:37:11"
4623,P_M_david_camer.png,P_M_Sajid_Javid.png,TRUE,pictures/stimuli/P,pictures/stimuli/P,M,M,6,5a5aa4eaacc75b00017a52b8,"06/30/2022, 09:37:11"
2763,E_F_Dawn_Roma_French.png,P_M_Sajid_Javid.png,FALSE,pictures/stimuli/E,pictures/stimuli/P,F,M,6,5a5aa4eaacc75b00017a52b8,"06/30/2022, 09:37:11"
3769,E_M_Simon_Pegg.png,P_M_david_camer.png,FALSE,pictures/stimuli/E,pictures/stimuli/P,M,M,5,5a5aa4eaacc75b00017a52b8,"06/30/2022, 09:37:11"
3396,E_M_Jimmy_Carr.png,P_F_Theresa_May.png,FALSE,pictures/stimuli/E,pictures/stimuli/P,M,F,6,5a5aa4eaacc75b00017a52b8,"06/30/2022, 09:37:11"
3920,E_F_Dawn_Roma_French.png,P_M_jeremy_corbyn.png,FALSE,pictures/stimuli/E,pictures/stimuli/P,F,M,6,5a5aa4eaacc75b00017a52b8,"06/30/2022, 09:37:11"
4852,P_M_nigel_farage.png,P_M_Tony_Blair.png,TRUE,pictures/stimuli/P,pictures/stimuli/P,M,M,2,5a5aa4eaacc75b00017a52b8,"06/30/2022, 09:37:11"
8229,P_M_david_camer.png,P_M_Michael_Gove.png,TRUE,pictures/stimuli/P,pictures/stimuli/P,M,M,4,5a5aa4eaacc75b00017a52b8,"06/30/2022, 09:37:11"
5655,E_M_Ewan_McGregor.png,P_M_Gordon_Brown.png,FALSE,pictures/stimuli/E,pictures/stimuli/P,M,M,5,5a5aa4eaacc75b00017a52b8,"06/30/2022, 09:37:11"
6457,E_M_Russell_Howard.png,P_M_Tony_Blair.png,FALSE,pictures/stimuli/E,pictures/stimuli/P,M,M,3,5a5aa4eaacc75b00017a52b8,"06/30/2022, 09:37:11"
10747,E_F_Jennifer_Saunders.png,P_M_keir_starmer.png,FALSE,pictures/stimuli/E,pictures/stimuli/P,F,M,4,5a5aa4eaacc75b00017a52b8,"06/30/2022, 09:37:11"
4730,E_F_Sarah_Millican.png,P_M_Tony_Blair.png,FALSE,pictures/stimuli/E,pictures/stimuli/P,F,M,5,5a5aa4eaacc75b00017a52b8,"06/30/2022, 09:37:11"
4444,E_M_Michael_McIntyr.png,P_M_Michael_Gove.png,FALSE,pictures/stimuli/E,pictures/stimuli/P,M,M,5,5a5aa4eaacc75b00017a52b8,"06/30/2022, 09:37:11"
2698,E_F_Dawn_Roma_French.png,E_M_Simon_Pegg.png,TRUE,pictures/stimuli/E,pictures/stimuli/E,F,M,6,5a5aa4eaacc75b00017a52b8,"06/30/2022, 09:37:11"
5206,E_M_Simon_Pegg.png,P_M_Michael_Gove.png,FALSE,pictures/stimuli/E,pictures/stimuli/P,M,M,5,5a5aa4eaacc75b00017a52b8,"06/30/2022, 09:37:11"
5515,E_M_Michael_McIntyr.png,P_M_jeremy_corbyn.png,FALSE,pictures/stimuli/E,pictures/stimuli/P,M,M,6,5a5aa4eaacc75b00017a52b8,"06/30/2022, 09:37:11"
6171,E_M_Peter_Kay.png,P_M_Tony_Blair.png,FALSE,pictures/stimuli/E,pictures/stimuli/P,M,M,5,5a5aa4eaacc75b00017a52b8,"06/30/2022, 09:37:11"
15597,P_M_Michael_Gove.png,P_M_Tony_Blair.png,TRUE,pictures/stimuli/P,pictures/stimuli/P,M,M,3,5a5aa4eaacc75b00017a52b8,"06/30/2022, 09:37:11"
7181,E_M_Michael_McIntyr.png,E_M_Peter_Kay.png,TRUE,pictures/stimuli/E,pictures/stimuli/E,M,M,3,5a5aa4eaacc75b00017a52b8,"06/30/2022, 09:37:11"
3766,E_F_Sarah_Millican.png,P_M_nigel_farage.png,FALSE,pictures/stimuli/E,pictures/stimuli/P,F,M,5,5a5aa4eaacc75b00017a52b8,"06/30/2022, 09:37:11"
3341,E_F_Jennifer_Saunders.png,E_M_Peter_Kay.png,TRUE,pictures/stimuli/E,pictures/stimuli/E,F,M,6,5a5aa4eaacc75b00017a52b8,"06/30/2022, 09:37:11"
5034,P_M_david_camer.png,P_M_jeremy_corbyn.png,TRUE,pictures/stimuli/P,pictures/stimuli/P,M,M,6,5a5aa4eaacc75b00017a52b8,"06/30/2022, 09:37:11"
6732,P_M_Gordon_Brown.png,P_M_jeremy_corbyn.png,TRUE,pictures/stimuli/P,pictures/stimuli/P,M,M,6,5a5aa4eaacc75b00017a52b8,"06/30/2022, 09:37:11"
3189,E_F_Dawn_Roma_French.png,E_M_Ewan_McGregor.png,TRUE,pictures/stimuli/E,pictures/stimuli/E,F,M,5,5a5aa4eaacc75b00017a52b8,"06/30/2022, 09:37:11"
4745,E_M_Peter_Kay.png,P_M_david_camer.png,FALSE,pictures/stimuli/E,pictures/stimuli/P,M,M,4,5a5aa4eaacc75b00017a52b8,"06/30/2022, 09:37:11"
3747,E_F_Julie_Walters.png,P_M_Michael_Gove.png,FALSE,pictures/stimuli/E,pictures/stimuli/P,F,M,5,5a5aa4eaacc75b00017a52b8,"06/30/2022, 09:37:11"
9633,E_F_Sarah_Millican.png,P_M_keir_starmer.png,FALSE,pictures/stimuli/E,pictures/stimuli/P,F,M,5,5a5aa4eaacc75b00017a52b8,"06/30/2022, 09:37:11"
20581,E_F_Sarah_Millican.png,P_F_Theresa_May.png,FALSE,pictures/stimuli/E,pictures/stimuli/P,F,F,3,5a5aa4eaacc75b00017a52b8,"06/30/2022, 09:37:11"
8430,E_M_Jimmy_Carr.png,E_M_Simon_Pegg.png,TRUE,pictures/stimuli/E,pictures/stimuli/E,M,M,5,5a5aa4eaacc75b00017a52b8,"06/30/2022, 09:37:11"
6415,E_F_Julie_Walters.png,P_M_Tony_Blair.png,FALSE,pictures/stimuli/E,pictures/stimuli/P,F,M,6,5a5aa4eaacc75b00017a52b8,"06/30/2022, 09:37:11"
19932,E_M_Peter_Kay.png,E_M_Russell_Howard.png,TRUE,pictures/stimuli/E,pictures/stimuli/E,M,M,5,5a5aa4eaacc75b00017a52b8,"06/30/2022, 09:37:11"
13018,E_M_Ewan_McGregor.png,P_M_jeremy_corbyn.png,FALSE,pictures/stimuli/E,pictures/stimuli/P,M,M,5,5a5aa4eaacc75b00017a52b8,"06/30/2022, 09:37:11"
3350,E_M_Jimmy_Carr.png,P_F_nicola_sturge.png,FALSE,pictures/stimuli/E,pictures/stimuli/P,M,F,6,5a5aa4eaacc75b00017a52b8,"06/30/2022, 09:37:11"
18052,E_F_Julie_Walters.png,E_M_Russell_Howard.png,TRUE,pictures/stimuli/E,pictures/stimuli/E,F,M,5,5a5aa4eaacc75b00017a52b8,"06/30/2022, 09:37:11"
6325,E_M_Jimmy_Carr.png,P_M_david_camer.png,FALSE,pictures/stimuli/E,pictures/stimuli/P,M,M,4,5a5aa4eaacc75b00017a52b8,"06/30/2022, 09:37:11"
6966,P_F_nicola_sturge.png,P_M_Michael_Gove.png,TRUE,pictures/stimuli/P,pictures/stimuli/P,F,M,5,5a5aa4eaacc75b00017a52b8,"06/30/2022, 09:37:11"
5780,E_M_Simon_Pegg.png,P_M_nigel_farage.png,FALSE,pictures/stimuli/E,pictures/stimuli/P,M,M,2,5a5aa4eaacc75b00017a52b8,"06/30/2022, 09:37:11"
9008,E_F_Jennifer_Saunders.png,P_M_david_camer.png,FALSE,pictures/stimuli/E,pictures/stimuli/P,F,M,5,5a5aa4eaacc75b00017a52b8,"06/30/2022, 09:37:11"
7179,E_M_Michael_McIntyr.png,P_M_nigel_farage.png,FALSE,pictures/stimuli/E,pictures/stimuli/P,M,M,5,5a5aa4eaacc75b00017a52b8,"06/30/2022, 09:37:11"
4206,E_M_Russell_Howard.png,E_M_Simon_Pegg.png,TRUE,pictures/stimuli/E,pictures/stimuli/E,M,M,3,5a5aa4eaacc75b00017a52b8,"06/30/2022, 09:37:11"
7174,E_F_Jennifer_Saunders.png,P_F_Theresa_May.png,FALSE,pictures/stimuli/E,pictures/stimuli/P,F,F,4,5a5aa4eaacc75b00017a52b8,"06/30/2022, 09:37:11"
4520,P_M_keir_starmer.png,P_M_Tony_Blair.png,TRUE,pictures/stimuli/P,pictures/stimuli/P,M,M,2,5a5aa4eaacc75b00017a52b8,"06/30/2022, 09:37:11"
3200,E_F_Julie_Walters.png,P_M_david_camer.png,FALSE,pictures/stimuli/E,pictures/stimuli/P,F,M,5,5a5aa4eaacc75b00017a52b8,"06/30/2022, 09:37:11"
2957,E_F_Jennifer_Saunders.png,P_M_Sajid_Javid.png,FALSE,pictures/stimuli/E,pictures/stimuli/P,F,M,6,5a5aa4eaacc75b00017a52b8,"06/30/2022, 09:37:11"
4112,E_M_Jimmy_Carr.png,E_M_Michael_McIntyr.png,TRUE,pictures/stimuli/E,pictures/stimuli/E,M,M,5,5a5aa4eaacc75b00017a52b8,"06/30/2022, 09:37:11"
2683,P_F_nicola_sturge.png,P_M_Sajid_Javid.png,TRUE,pictures/stimuli/P,pictures/stimuli/P,F,M,6,5a5aa4eaacc75b00017a52b8,"06/30/2022, 09:37:11"
11143,E_M_Simon_Pegg.png,P_F_nicola_sturge.png,FALSE,pictures/stimuli/E,pictures/stimuli/P,M,F,5,5a5aa4eaacc75b00017a52b8,"06/30/2022, 09:37:11"
3783,E_F_Jennifer_Saunders.png,E_M_Ewan_McGregor.png,TRUE,pictures/stimuli/E,pictures/stimuli/E,F,M,5,5a5aa4eaacc75b00017a52b8,"06/30/2022, 09:37:11"
8535,P_F_Theresa_May.png,P_M_nigel_farage.png,TRUE,pictures/stimuli/P,pictures/stimuli/P,F,M,4,5a5aa4eaacc75b00017a52b8,"06/30/2022, 09:37:11"
8923,E_M_Jimmy_Carr.png,P_M_nigel_farage.png,FALSE,pictures/stimuli/E,pictures/stimuli/P,M,M,5,5a5aa4eaacc75b00017a52b8,"06/30/2022, 09:37:11"
4887,E_F_Dawn_Roma_French.png,P_M_keir_starmer.png,FALSE,pictures/stimuli/E,pictures/stimuli/P,F,M,6,5a5aa4eaacc75b00017a52b8,"06/30/2022, 09:37:11"
5848,P_M_Gordon_Brown.png,P_M_Tony_Blair.png,TRUE,pictures/stimuli/P,pictures/stimuli/P,M,M,6,5a5aa4eaacc75b00017a52b8,"06/30/2022, 09:37:11"
10216,P_F_Theresa_May.png,P_M_Gordon_Brown.png,TRUE,pictures/stimuli/P,pictures/stimuli/P,F,M,5,5a5aa4eaacc75b00017a52b8,"06/30/2022, 09:37:11"
29711,P_F_Theresa_May.png,P_M_keir_starmer.png,TRUE,pictures/stimuli/P,pictures/stimuli/P,F,M,5,5a5aa4eaacc75b00017a52b8,"06/30/2022, 09:37:11"
5913,E_M_Ewan_McGregor.png,E_M_Michael_McIntyr.png,TRUE,pictures/stimuli/E,pictures/stimuli/E,M,M,4,5a5aa4eaacc75b00017a52b8,"06/30/2022, 09:37:11"
4793,E_M_Michael_McIntyr.png,P_M_keir_starmer.png,FALSE,pictures/stimuli/E,pictures/stimuli/P,M,M,5,5a5aa4eaacc75b00017a52b8,"06/30/2022, 09:37:11"
3740,E_F_Julie_Walters.png,P_F_nicola_sturge.png,FALSE,pictures/stimuli/E,pictures/stimuli/P,F,F,5,5a5aa4eaacc75b00017a52b8,"06/30/2022, 09:37:11"
4354,E_M_Jimmy_Carr.png,P_M_Tony_Blair.png,FALSE,pictures/stimuli/E,pictures/stimuli/P,M,M,5,5a5aa4eaacc75b00017a52b8,"06/30/2022, 09:37:11"
2676,E_F_Sarah_Millican.png,E_M_Simon_Pegg.png,TRUE,pictures/stimuli/E,pictures/stimuli/E,F,M,4,5a5aa4eaacc75b00017a52b8,"06/30/2022, 09:37:11"
4066,E_M_Peter_Kay.png,P_M_Sajid_Javid.png,FALSE,pictures/stimuli/E,pictures/stimuli/P,M,M,6,5a5aa4eaacc75b00017a52b8,"06/30/2022, 09:37:11"
6520,E_M_Simon_Pegg.png,P_F_Theresa_May.png,FALSE,pictures/stimuli/E,pictures/stimuli/P,M,F,4,5a5aa4eaacc75b00017a52b8,"06/30/2022, 09:37:11"
3361,P_M_keir_starmer.png,P_M_Sajid_Javid.png,TRUE,pictures/stimuli/P,pictures/stimuli/P,M,M,6,5a5aa4eaacc75b00017a52b8,"06/30/2022, 09:37:11"
8390,E_M_Russell_Howard.png,P_M_keir_starmer.png,FALSE,pictures/stimuli/E,pictures/stimuli/P,M,M,3,5a5aa4eaacc75b00017a52b8,"06/30/2022, 09:37:11"
2919,E_F_Jennifer_Saunders.png,P_M_Tony_Blair.png,FALSE,pictures/stimuli/E,pictures/stimuli/P,F,M,5,5a5aa4eaacc75b00017a52b8,"06/30/2022, 09:37:11"
4057,P_M_Gordon_Brown.png,P_M_Sajid_Javid.png,TRUE,pictures/stimuli/P,pictures/stimuli/P,M,M,6,5a5aa4eaacc75b00017a52b8,"06/30/2022, 09:37:11"
7739,E_F_Julie_Walters.png,E_F_Sarah_Millican.png,TRUE,pictures/stimuli/E,pictures/stimuli/E,F,F,5,5a5aa4eaacc75b00017a52b8,"06/30/2022, 09:37:11"
4234,E_M_Russell_Howard.png,P_F_Theresa_May.png,FALSE,pictures/stimuli/E,pictures/stimuli/P,M,F,5,5a5aa4eaacc75b00017a52b8,"06/30/2022, 09:37:11"
21344,E_M_Peter_Kay.png,P_M_jeremy_corbyn.png,FALSE,pictures/stimuli/E,pictures/stimuli/P,M,M,5,5a5aa4eaacc75b00017a52b8,"06/30/2022, 09:37:11"
4882,P_M_david_camer.png,P_M_Tony_Blair.png,TRUE,pictures/stimuli/P,pictures/stimuli/P,M,M,5,5a5aa4eaacc75b00017a52b8,"06/30/2022, 09:37:11"
16198,E_M_Ewan_McGregor.png,P_M_Michael_Gove.png,FALSE,pictures/stimuli/E,pictures/stimuli/P,M,M,3,5a5aa4eaacc75b00017a52b8,"06/30/2022, 09:37:11"
8107,E_F_Dawn_Roma_French.png,P_M_Michael_Gove.png,FALSE,pictures/stimuli/E,pictures/stimuli/P,F,M,5,5a5aa4eaacc75b00017a52b8,"06/30/2022, 09:37:11"
23600,E_F_Sarah_Millican.png,P_M_Gordon_Brown.png,FALSE,pictures/stimuli/E,pictures/stimuli/P,F,M,5,5a5aa4eaacc75b00017a52b8,"06/30/2022, 09:37:11"
12190,E_F_Sarah_Millican.png,E_M_Michael_McIntyr.png,TRUE,pictures/stimuli/E,pictures/stimuli/E,F,M,4,5a5aa4eaacc75b00017a52b8,"06/30/2022, 09:37:11"
6456,E_F_Sarah_Millican.png,P_M_Sajid_Javid.png,FALSE,pictures/stimuli/E,pictures/stimuli/P,F,M,6,5a5aa4eaacc75b00017a52b8,"06/30/2022, 09:37:11"
5102,E_M_Michael_McIntyr.png,P_F_nicola_sturge.png,FALSE,pictures/stimuli/E,pictures/stimuli/P,M,F,6,5a5aa4eaacc75b00017a52b8,"06/30/2022, 09:37:11"
3206,E_M_Russell_Howard.png,P_F_nicola_sturge.png,FALSE,pictures/stimuli/E,pictures/stimuli/P,M,F,5,5a5aa4eaacc75b00017a52b8,"06/30/2022, 09:37:11"
7675,E_F_Jennifer_Saunders.png,E_F_Sarah_Millican.png,TRUE,pictures/stimuli/E,pictures/stimuli/E,F,F,5,5a5aa4eaacc75b00017a52b8,"06/30/2022, 09:37:11"
13740,E_M_Ewan_McGregor.png,E_M_Peter_Kay.png,TRUE,pictures/stimuli/E,pictures/stimuli/E,M,M,6,5a5aa4eaacc75b00017a52b8,"06/30/2022, 09:37:11"
2701,E_M_Simon_Pegg.png,P_M_Sajid_Javid.png,FALSE,pictures/stimuli/E,pictures/stimuli/P,M,M,6,5a5aa4eaacc75b00017a52b8,"06/30/2022, 09:37:11"
21844,E_M_Michael_McIntyr.png,E_M_Russell_Howard.png,TRUE,pictures/stimuli/E,pictures/stimuli/E,M,M,5,5a5aa4eaacc75b00017a52b8,"06/30/2022, 09:37:11"
4257,E_F_Dawn_Roma_French.png,P_M_david_camer.png,FALSE,pictures/stimuli/E,pictures/stimuli/P,F,M,4,5a5aa4eaacc75b00017a52b8,"06/30/2022, 09:37:11"
5534,E_F_Sarah_Millican.png,E_M_Jimmy_Carr.png,TRUE,pictures/stimuli/E,pictures/stimuli/E,F,M,4,5a5aa4eaacc75b00017a52b8,"06/30/2022, 09:37:11"
5185,E_M_Ewan_McGregor.png,E_M_Jimmy_Carr.png,TRUE,pictures/stimuli/E,pictures/stimuli/E,M,M,5,5a5aa4eaacc75b00017a52b8,"06/30/2022, 09:37:11"
4095,E_M_Jimmy_Carr.png,E_M_Peter_Kay.png,TRUE,pictures/stimuli/E,pictures/stimuli/E,M,M,5,5a5aa4eaacc75b00017a52b8,"06/30/2022, 09:37:11"
3857,E_M_Ewan_McGregor.png,E_M_Simon_Pegg.png,TRUE,pictures/stimuli/E,pictures/stimuli/E,M,M,5,5a5aa4eaacc75b00017a52b8,"06/30/2022, 09:37:11"
5326,E_M_Peter_Kay.png,P_M_keir_starmer.png,FALSE,pictures/stimuli/E,pictures/stimuli/P,M,M,6,5a5aa4eaacc75b00017a52b8,"06/30/2022, 09:37:11"
3591,P_M_keir_starmer.png,P_M_nigel_farage.png,TRUE,pictures/stimuli/P,pictures/stimuli/P,M,M,3,5a5aa4eaacc75b00017a52b8,"06/30/2022, 09:37:11"
4728,P_F_Theresa_May.png,P_M_Michael_Gove.png,TRUE,pictures/stimuli/P,pictures/stimuli/P,F,M,5,5a5aa4eaacc75b00017a52b8,"06/30/2022, 09:37:11"
9852,E_M_Peter_Kay.png,P_M_nigel_farage.png,FALSE,pictures/stimuli/E,pictures/stimuli/P,M,M,5,5a5aa4eaacc75b00017a52b8,"06/30/2022, 09:37:11"
5712,E_M_Ewan_McGregor.png,P_M_nigel_farage.png,FALSE,pictures/stimuli/E,pictures/stimuli/P,M,M,4,5a5aa4eaacc75b00017a52b8,"06/30/2022, 09:37:11"
6426,E_F_Jennifer_Saunders.png,P_M_nigel_farage.png,FALSE,pictures/stimuli/E,pictures/stimuli/P,F,M,4,5a5aa4eaacc75b00017a52b8,"06/30/2022, 09:37:11"
3987,E_F_Dawn_Roma_French.png,E_F_Julie_Walters.png,TRUE,pictures/stimuli/E,pictures/stimuli/E,F,F,5,5a5aa4eaacc75b00017a52b8,"06/30/2022, 09:37:11"
8170,P_M_jeremy_corbyn.png,P_M_Michael_Gove.png,TRUE,pictures/stimuli/P,pictures/stimuli/P,M,M,4,5a5aa4eaacc75b00017a52b8,"06/30/2022, 09:37:11"
21679,E_F_Jennifer_Saunders.png,P_F_nicola_sturge.png,FALSE,pictures/stimuli/E,pictures/stimuli/P,F,F,3,5a5aa4eaacc75b00017a52b8,"06/30/2022, 09:37:11"
3212,E_F_Dawn_Roma_French.png,E_F_Jennifer_Saunders.png,TRUE,pictures/stimuli/E,pictures/stimuli/E,F,F,6,5a5aa4eaacc75b00017a52b8,"06/30/2022, 09:37:11"
5066,E_M_Jimmy_Carr.png,P_M_keir_starmer.png,FALSE,pictures/stimuli/E,pictures/stimuli/P,M,M,5,5a5aa4eaacc75b00017a52b8,"06/30/2022, 09:37:11"
5583,E_F_Julie_Walters.png,E_M_Peter_Kay.png,TRUE,pictures/stimuli/E,pictures/stimuli/E,F,M,5,5a5aa4eaacc75b00017a52b8,"06/30/2022, 09:37:11"
7225,E_F_Jennifer_Saunders.png,E_F_Julie_Walters.png,TRUE,pictures/stimuli/E,pictures/stimuli/E,F,F,3,5a5aa4eaacc75b00017a52b8,"06/30/2022, 09:37:11"
8439,E_F_Jennifer_Saunders.png,P_M_Michael_Gove.png,FALSE,pictures/stimuli/E,pictures/stimuli/P,F,M,4,5a5aa4eaacc75b00017a52b8,"06/30/2022, 09:37:11"
7552,E_F_Jennifer_Saunders.png,E_M_Simon_Pegg.png,TRUE,pictures/stimuli/E,pictures/stimuli/E,F,M,5,5a5aa4eaacc75b00017a52b8,"06/30/2022, 09:37:11"
3522,E_F_Jennifer_Saunders.png,E_M_Jimmy_Carr.png,TRUE,pictures/stimuli/E,pictures/stimuli/E,F,M,5,5a5aa4eaacc75b00017a52b8,"06/30/2022, 09:37:11"
2641,E_M_Jimmy_Carr.png,P_M_Sajid_Javid.png,FALSE,pictures/stimuli/E,pictures/stimuli/P,M,M,6,5a5aa4eaacc75b00017a52b8,"06/30/2022, 09:37:11"
9357,E_M_Ewan_McGregor.png,P_M_Tony_Blair.png,FALSE,pictures/stimuli/E,pictures/stimuli/P,M,M,3,5a5aa4eaacc75b00017a52b8,"06/30/2022, 09:37:11"
3902,E_F_Dawn_Roma_French.png,P_M_nigel_farage.png,FALSE,pictures/stimuli/E,pictures/stimuli/P,F,M,5,5a5aa4eaacc75b00017a52b8,"06/30/2022, 09:37:11"
4428,P_F_nicola_sturge.png,P_M_Gordon_Brown.png,TRUE,pictures/stimuli/P,pictures/stimuli/P,F,M,4,5a5aa4eaacc75b00017a52b8,"06/30/2022, 09:37:11"
16667,P_M_Gordon_Brown.png,P_M_Michael_Gove.png,TRUE,pictures/stimuli/P,pictures/stimuli/P,M,M,5,5a5aa4eaacc75b00017a52b8,"06/30/2022, 09:37:11"
5579,E_F_Dawn_Roma_French.png,P_F_Theresa_May.png,FALSE,pictures/stimuli/E,pictures/stimuli/P,F,F,5,5a5aa4eaacc75b00017a52b8,"06/30/2022, 09:37:11"
2764,E_M_Russell_Howard.png,P_M_Michael_Gove.png,FALSE,pictures/stimuli/E,pictures/stimuli/P,M,M,3,5a5aa4eaacc75b00017a52b8,"06/30/2022, 09:37:11"
4842,E_M_Peter_Kay.png,P_M_Gordon_Brown.png,FALSE,pictures/stimuli/E,pictures/stimuli/P,M,M,3,5a5aa4eaacc75b00017a52b8,"06/30/2022, 09:37:11"
4745,E_F_Dawn_Roma_French.png,P_F_nicola_sturge.png,FALSE,pictures/stimuli/E,pictures/stimuli/P,F,F,5,5a5aa4eaacc75b00017a52b8,"06/30/2022, 09:37:11"
3448,E_M_Russell_Howard.png,P_M_Gordon_Brown.png,FALSE,pictures/stimuli/E,pictures/stimuli/P,M,M,4,5a5aa4eaacc75b00017a52b8,"06/30/2022, 09:37:11"
2844,P_M_nigel_farage.png,P_M_Sajid_Javid.png,TRUE,pictures/stimuli/P,pictures/stimuli/P,M,M,6,5a5aa4eaacc75b00017a52b8,"06/30/2022, 09:37:11"
5216,E_F_Julie_Walters.png,E_M_Simon_Pegg.png,TRUE,pictures/stimuli/E,pictures/stimuli/E,F,M,4,5a5aa4eaacc75b00017a52b8,"06/30/2022, 09:37:11"
5502,E_M_Russell_Howard.png,P_M_jeremy_corbyn.png,FALSE,pictures/stimuli/E,pictures/stimuli/P,M,M,3,5a5aa4eaacc75b00017a52b8,"06/30/2022, 09:37:11"
4278,E_M_Jimmy_Carr.png,P_M_Michael_Gove.png,FALSE,pictures/stimuli/E,pictures/stimuli/P,M,M,5,5a5aa4eaacc75b00017a52b8,"06/30/2022, 09:37:11"
4748,E_F_Sarah_Millican.png,P_F_nicola_sturge.png,FALSE,pictures/stimuli/E,pictures/stimuli/P,F,F,3,5a5aa4eaacc75b00017a52b8,"06/30/2022, 09:37:11"
file,isFamiliar,5a5aa4eaacc75b00017a52b8,"06/30/2022, 09:37:11"
E_M_Jimmy_Carr.png,1,5a5aa4eaacc75b00017a52b8,"06/30/2022, 09:37:11"
P_F_nicola_sturge.png,1,5a5aa4eaacc75b00017a52b8,"06/30/2022, 09:37:11"
P_M_Sajid_Javid.png,1,5a5aa4eaacc75b00017a52b8,"06/30/2022, 09:37:11"
E_M_Peter_Kay.png,1,5a5aa4eaacc75b00017a52b8,"06/30/2022, 09:37:11"
E_F_Sarah_Millican.png,1,5a5aa4eaacc75b00017a52b8,"06/30/2022, 09:37:11"
P_M_Michael_Gove.png,1,5a5aa4eaacc75b00017a52b8,"06/30/2022, 09:37:11"
P_M_jeremy_corbyn.png,1,5a5aa4eaacc75b00017a52b8,"06/30/2022, 09:37:11"
P_M_keir_starmer.png,1,5a5aa4eaacc75b00017a52b8,"06/30/2022, 09:37:11"
P_M_Gordon_Brown.png,1,5a5aa4eaacc75b00017a52b8,"06/30/2022, 09:37:11"
E_F_Jennifer_Saunders.png,1,5a5aa4eaacc75b00017a52b8,"06/30/2022, 09:37:11"
E_M_Simon_Pegg.png,1,5a5aa4eaacc75b00017a52b8,"06/30/2022, 09:37:11"
P_M_Tony_Blair.png,1,5a5aa4eaacc75b00017a52b8,"06/30/2022, 09:37:11"
E_M_Ewan_McGregor.png,1,5a5aa4eaacc75b00017a52b8,"06/30/2022, 09:37:11"
E_F_Dawn_Roma_French.png,1,5a5aa4eaacc75b00017a52b8,"06/30/2022, 09:37:11"
E_M_Michael_McIntyr.png,1,5a5aa4eaacc75b00017a52b8,"06/30/2022, 09:37:11"
E_F_Julie_Walters.png,1,5a5aa4eaacc75b00017a52b8,"06/30/2022, 09:37:11"
P_M_david_camer.png,1,5a5aa4eaacc75b00017a52b8,"06/30/2022, 09:37:11"
E_M_Russell_Howard.png,1,5a5aa4eaacc75b00017a52b8,"06/30/2022, 09:37:11"
P_F_Theresa_May.png,1,5a5aa4eaacc75b00017a52b8,"06/30/2022, 09:37:11"
P_M_nigel_farage.png,1,5a5aa4eaacc75b00017a52b8,"06/30/2022, 09:37:11"
age: 28,gender: Female,handedness: right,5a5aa4eaacc75b00017a52b8,"06/30/2022, 09:37:11"